2025-06-07 19:45:38,094 INFO o.h.v.i.u.Version [background-preinit] HV000001: Hibernate Validator 8.0.1.Final
2025-06-07 19:45:38,243 INFO o.s.b.StartupInfoLogger [main] Starting SchoolManagementApplication using Java 21.0.6 with PID 5740 (C:\Users\GLOBAL STORE\Documents\Primary-School\backend\build\classes\java\main started by GLOBAL STORE in C:\Users\GLOBAL STORE\Documents\Primary-School\backend)
2025-06-07 19:45:38,245 DEBUG o.s.b.StartupInfoLogger [main] Running with Spring Boot v3.3.0, Spring v6.1.8
2025-06-07 19:45:38,246 INFO o.s.b.SpringApplication [main] No active profile set, falling back to 1 default profile: "default"
2025-06-07 19:45:40,823 INFO o.s.d.r.c.RepositoryConfigurationDelegate [main] Multiple Spring Data modules found, entering strict repository configuration mode
2025-06-07 19:45:40,826 INFO o.s.d.r.c.RepositoryConfigurationDelegate [main] Bootstrapping Spring Data JPA repositories in DEFAULT mode.
2025-06-07 19:45:41,302 INFO o.s.d.r.c.RepositoryConfigurationDelegate [main] Finished Spring Data repository scanning in 460 ms. Found 22 JPA repository interfaces.
2025-06-07 19:45:41,331 INFO o.s.d.r.c.RepositoryConfigurationDelegate [main] Multiple Spring Data modules found, entering strict repository configuration mode
2025-06-07 19:45:41,334 INFO o.s.d.r.c.RepositoryConfigurationDelegate [main] Bootstrapping Spring Data Redis repositories in DEFAULT mode.
2025-06-07 19:45:41,374 INFO o.s.d.r.c.RepositoryConfigurationExtensionSupport [main] Spring Data Redis - Could not safely identify store assignment for repository candidate interface com.school.management.repository.AffectationRepository; If you want this repository to be a Redis repository, consider annotating your entities with one of these annotations: org.springframework.data.redis.core.RedisHash (preferred), or consider extending one of the following types with your repository: org.springframework.data.keyvalue.repository.KeyValueRepository
2025-06-07 19:45:41,375 INFO o.s.d.r.c.RepositoryConfigurationExtensionSupport [main] Spring Data Redis - Could not safely identify store assignment for repository candidate interface com.school.management.repository.AnneeScolaireRepository; If you want this repository to be a Redis repository, consider annotating your entities with one of these annotations: org.springframework.data.redis.core.RedisHash (preferred), or consider extending one of the following types with your repository: org.springframework.data.keyvalue.repository.KeyValueRepository
2025-06-07 19:45:41,375 INFO o.s.d.r.c.RepositoryConfigurationExtensionSupport [main] Spring Data Redis - Could not safely identify store assignment for repository candidate interface com.school.management.repository.ClasseRepository; If you want this repository to be a Redis repository, consider annotating your entities with one of these annotations: org.springframework.data.redis.core.RedisHash (preferred), or consider extending one of the following types with your repository: org.springframework.data.keyvalue.repository.KeyValueRepository
2025-06-07 19:45:41,376 INFO o.s.d.r.c.RepositoryConfigurationExtensionSupport [main] Spring Data Redis - Could not safely identify store assignment for repository candidate interface com.school.management.repository.ClassRepository; If you want this repository to be a Redis repository, consider annotating your entities with one of these annotations: org.springframework.data.redis.core.RedisHash (preferred), or consider extending one of the following types with your repository: org.springframework.data.keyvalue.repository.KeyValueRepository
2025-06-07 19:45:41,377 INFO o.s.d.r.c.RepositoryConfigurationExtensionSupport [main] Spring Data Redis - Could not safely identify store assignment for repository candidate interface com.school.management.repository.DocumentRepository; If you want this repository to be a Redis repository, consider annotating your entities with one of these annotations: org.springframework.data.redis.core.RedisHash (preferred), or consider extending one of the following types with your repository: org.springframework.data.keyvalue.repository.KeyValueRepository
2025-06-07 19:45:41,377 INFO o.s.d.r.c.RepositoryConfigurationExtensionSupport [main] Spring Data Redis - Could not safely identify store assignment for repository candidate interface com.school.management.repository.EleveRepository; If you want this repository to be a Redis repository, consider annotating your entities with one of these annotations: org.springframework.data.redis.core.RedisHash (preferred), or consider extending one of the following types with your repository: org.springframework.data.keyvalue.repository.KeyValueRepository
2025-06-07 19:45:41,377 INFO o.s.d.r.c.RepositoryConfigurationExtensionSupport [main] Spring Data Redis - Could not safely identify store assignment for repository candidate interface com.school.management.repository.EnseignantRepository; If you want this repository to be a Redis repository, consider annotating your entities with one of these annotations: org.springframework.data.redis.core.RedisHash (preferred), or consider extending one of the following types with your repository: org.springframework.data.keyvalue.repository.KeyValueRepository
2025-06-07 19:45:41,378 INFO o.s.d.r.c.RepositoryConfigurationExtensionSupport [main] Spring Data Redis - Could not safely identify store assignment for repository candidate interface com.school.management.repository.GradeRepository; If you want this repository to be a Redis repository, consider annotating your entities with one of these annotations: org.springframework.data.redis.core.RedisHash (preferred), or consider extending one of the following types with your repository: org.springframework.data.keyvalue.repository.KeyValueRepository
2025-06-07 19:45:41,379 INFO o.s.d.r.c.RepositoryConfigurationExtensionSupport [main] Spring Data Redis - Could not safely identify store assignment for repository candidate interface com.school.management.repository.LogActiviteRepository; If you want this repository to be a Redis repository, consider annotating your entities with one of these annotations: org.springframework.data.redis.core.RedisHash (preferred), or consider extending one of the following types with your repository: org.springframework.data.keyvalue.repository.KeyValueRepository
2025-06-07 19:45:41,380 INFO o.s.d.r.c.RepositoryConfigurationExtensionSupport [main] Spring Data Redis - Could not safely identify store assignment for repository candidate interface com.school.management.repository.MatiereRepository; If you want this repository to be a Redis repository, consider annotating your entities with one of these annotations: org.springframework.data.redis.core.RedisHash (preferred), or consider extending one of the following types with your repository: org.springframework.data.keyvalue.repository.KeyValueRepository
2025-06-07 19:45:41,380 INFO o.s.d.r.c.RepositoryConfigurationExtensionSupport [main] Spring Data Redis - Could not safely identify store assignment for repository candidate interface com.school.management.repository.NoteRepository; If you want this repository to be a Redis repository, consider annotating your entities with one of these annotations: org.springframework.data.redis.core.RedisHash (preferred), or consider extending one of the following types with your repository: org.springframework.data.keyvalue.repository.KeyValueRepository
2025-06-07 19:45:41,381 INFO o.s.d.r.c.RepositoryConfigurationExtensionSupport [main] Spring Data Redis - Could not safely identify store assignment for repository candidate interface com.school.management.repository.NotificationRepository; If you want this repository to be a Redis repository, consider annotating your entities with one of these annotations: org.springframework.data.redis.core.RedisHash (preferred), or consider extending one of the following types with your repository: org.springframework.data.keyvalue.repository.KeyValueRepository
2025-06-07 19:45:41,381 INFO o.s.d.r.c.RepositoryConfigurationExtensionSupport [main] Spring Data Redis - Could not safely identify store assignment for repository candidate interface com.school.management.repository.PaiementRepository; If you want this repository to be a Redis repository, consider annotating your entities with one of these annotations: org.springframework.data.redis.core.RedisHash (preferred), or consider extending one of the following types with your repository: org.springframework.data.keyvalue.repository.KeyValueRepository
2025-06-07 19:45:41,381 INFO o.s.d.r.c.RepositoryConfigurationExtensionSupport [main] Spring Data Redis - Could not safely identify store assignment for repository candidate interface com.school.management.repository.ProfilUtilisateurRepository; If you want this repository to be a Redis repository, consider annotating your entities with one of these annotations: org.springframework.data.redis.core.RedisHash (preferred), or consider extending one of the following types with your repository: org.springframework.data.keyvalue.repository.KeyValueRepository
2025-06-07 19:45:41,382 INFO o.s.d.r.c.RepositoryConfigurationExtensionSupport [main] Spring Data Redis - Could not safely identify store assignment for repository candidate interface com.school.management.repository.RoleRepository; If you want this repository to be a Redis repository, consider annotating your entities with one of these annotations: org.springframework.data.redis.core.RedisHash (preferred), or consider extending one of the following types with your repository: org.springframework.data.keyvalue.repository.KeyValueRepository
2025-06-07 19:45:41,383 INFO o.s.d.r.c.RepositoryConfigurationExtensionSupport [main] Spring Data Redis - Could not safely identify store assignment for repository candidate interface com.school.management.repository.SectionRepository; If you want this repository to be a Redis repository, consider annotating your entities with one of these annotations: org.springframework.data.redis.core.RedisHash (preferred), or consider extending one of the following types with your repository: org.springframework.data.keyvalue.repository.KeyValueRepository
2025-06-07 19:45:41,383 INFO o.s.d.r.c.RepositoryConfigurationExtensionSupport [main] Spring Data Redis - Could not safely identify store assignment for repository candidate interface com.school.management.repository.SequenceRepository; If you want this repository to be a Redis repository, consider annotating your entities with one of these annotations: org.springframework.data.redis.core.RedisHash (preferred), or consider extending one of the following types with your repository: org.springframework.data.keyvalue.repository.KeyValueRepository
2025-06-07 19:45:41,384 INFO o.s.d.r.c.RepositoryConfigurationExtensionSupport [main] Spring Data Redis - Could not safely identify store assignment for repository candidate interface com.school.management.repository.StatutAnneeRepository; If you want this repository to be a Redis repository, consider annotating your entities with one of these annotations: org.springframework.data.redis.core.RedisHash (preferred), or consider extending one of the following types with your repository: org.springframework.data.keyvalue.repository.KeyValueRepository
2025-06-07 19:45:41,385 INFO o.s.d.r.c.RepositoryConfigurationExtensionSupport [main] Spring Data Redis - Could not safely identify store assignment for repository candidate interface com.school.management.repository.StudentRepository; If you want this repository to be a Redis repository, consider annotating your entities with one of these annotations: org.springframework.data.redis.core.RedisHash (preferred), or consider extending one of the following types with your repository: org.springframework.data.keyvalue.repository.KeyValueRepository
2025-06-07 19:45:41,386 INFO o.s.d.r.c.RepositoryConfigurationExtensionSupport [main] Spring Data Redis - Could not safely identify store assignment for repository candidate interface com.school.management.repository.TrimestreRepository; If you want this repository to be a Redis repository, consider annotating your entities with one of these annotations: org.springframework.data.redis.core.RedisHash (preferred), or consider extending one of the following types with your repository: org.springframework.data.keyvalue.repository.KeyValueRepository
2025-06-07 19:45:41,387 INFO o.s.d.r.c.RepositoryConfigurationExtensionSupport [main] Spring Data Redis - Could not safely identify store assignment for repository candidate interface com.school.management.repository.TypeAffectationRepository; If you want this repository to be a Redis repository, consider annotating your entities with one of these annotations: org.springframework.data.redis.core.RedisHash (preferred), or consider extending one of the following types with your repository: org.springframework.data.keyvalue.repository.KeyValueRepository
2025-06-07 19:45:41,387 INFO o.s.d.r.c.RepositoryConfigurationExtensionSupport [main] Spring Data Redis - Could not safely identify store assignment for repository candidate interface com.school.management.repository.UtilisateurRepository; If you want this repository to be a Redis repository, consider annotating your entities with one of these annotations: org.springframework.data.redis.core.RedisHash (preferred), or consider extending one of the following types with your repository: org.springframework.data.keyvalue.repository.KeyValueRepository
2025-06-07 19:45:41,388 INFO o.s.d.r.c.RepositoryConfigurationDelegate [main] Finished Spring Data repository scanning in 29 ms. Found 0 Redis repository interfaces.
2025-06-07 19:45:43,294 INFO o.s.b.w.e.t.TomcatWebServer [main] Tomcat initialized with port 8080 (http)
2025-06-07 19:45:43,320 INFO o.a.j.l.DirectJDKLog [main] Initializing ProtocolHandler ["http-nio-8080"]
2025-06-07 19:45:43,323 INFO o.a.j.l.DirectJDKLog [main] Starting service [Tomcat]
2025-06-07 19:45:43,324 INFO o.a.j.l.DirectJDKLog [main] Starting Servlet engine: [Apache Tomcat/10.1.24]
2025-06-07 19:45:43,451 INFO o.a.j.l.DirectJDKLog [main] Initializing Spring embedded WebApplicationContext
2025-06-07 19:45:43,453 INFO o.s.b.w.s.c.ServletWebServerApplicationContext [main] Root WebApplicationContext: initialization completed in 5063 ms
2025-06-07 19:45:43,729 INFO c.z.h.HikariDataSource [main] HikariPool-1 - Starting...
2025-06-07 19:45:44,170 INFO c.z.h.p.HikariPool [main] HikariPool-1 - Added connection conn0: url=jdbc:h2:mem:testdb user=SA
2025-06-07 19:45:44,173 INFO c.z.h.HikariDataSource [main] HikariPool-1 - Start completed.
2025-06-07 19:45:44,195 INFO o.s.b.a.h.H2ConsoleAutoConfiguration [main] H2 console available at '/h2-console'. Database available at 'jdbc:h2:mem:testdb'
2025-06-07 19:45:44,589 INFO o.h.j.i.u.LogHelper [main] HHH000204: Processing PersistenceUnitInfo [name: default]
2025-06-07 19:45:44,798 INFO o.h.Version [main] HHH000412: Hibernate ORM core version 6.5.2.Final
2025-06-07 19:45:44,890 INFO o.h.c.i.RegionFactoryInitiator [main] HHH000026: Second-level cache disabled
2025-06-07 19:45:45,641 INFO o.s.o.j.p.SpringPersistenceUnitInfo [main] No LoadTimeWeaver setup: ignoring JPA class transformer
2025-06-07 19:45:45,766 WARN o.h.e.j.d.i.DialectFactoryImpl [main] HHH90000025: H2Dialect does not need to be specified explicitly using 'hibernate.dialect' (remove the property setting and it will be selected by default)
2025-06-07 19:45:48,297 INFO o.h.e.t.j.p.i.JtaPlatformInitiator [main] HHH000489: No JTA platform available (set 'hibernate.transaction.jta.platform' to enable JTA platform integration)
2025-06-07 19:45:48,339 DEBUG o.h.e.j.s.SqlStatementLogger [main] 
    drop table if exists "affectation" cascade 
2025-06-07 19:45:48,345 DEBUG o.h.e.j.s.SqlStatementLogger [main] 
    drop table if exists "annee_scolaire" cascade 
2025-06-07 19:45:48,345 DEBUG o.h.e.j.s.SqlStatementLogger [main] 
    drop table if exists "classes" cascade 
2025-06-07 19:45:48,347 DEBUG o.h.e.j.s.SqlStatementLogger [main] 
    drop table if exists "document" cascade 
2025-06-07 19:45:48,348 DEBUG o.h.e.j.s.SqlStatementLogger [main] 
    drop table if exists "eleve" cascade 
2025-06-07 19:45:48,348 DEBUG o.h.e.j.s.SqlStatementLogger [main] 
    drop table if exists "enseignant" cascade 
2025-06-07 19:45:48,349 DEBUG o.h.e.j.s.SqlStatementLogger [main] 
    drop table if exists "grade" cascade 
2025-06-07 19:45:48,350 DEBUG o.h.e.j.s.SqlStatementLogger [main] 
    drop table if exists "log_activite" cascade 
2025-06-07 19:45:48,350 DEBUG o.h.e.j.s.SqlStatementLogger [main] 
    drop table if exists "matiere" cascade 
2025-06-07 19:45:48,351 DEBUG o.h.e.j.s.SqlStatementLogger [main] 
    drop table if exists "note" cascade 
2025-06-07 19:45:48,352 DEBUG o.h.e.j.s.SqlStatementLogger [main] 
    drop table if exists "notifications" cascade 
2025-06-07 19:45:48,353 DEBUG o.h.e.j.s.SqlStatementLogger [main] 
    drop table if exists "paiements" cascade 
2025-06-07 19:45:48,353 DEBUG o.h.e.j.s.SqlStatementLogger [main] 
    drop table if exists "parents" cascade 
2025-06-07 19:45:48,354 DEBUG o.h.e.j.s.SqlStatementLogger [main] 
    drop table if exists "profil_utilisateur" cascade 
2025-06-07 19:45:48,355 DEBUG o.h.e.j.s.SqlStatementLogger [main] 
    drop table if exists "role" cascade 
2025-06-07 19:45:48,356 DEBUG o.h.e.j.s.SqlStatementLogger [main] 
    drop table if exists "sections" cascade 
2025-06-07 19:45:48,357 DEBUG o.h.e.j.s.SqlStatementLogger [main] 
    drop table if exists "sequence" cascade 
2025-06-07 19:45:48,359 DEBUG o.h.e.j.s.SqlStatementLogger [main] 
    drop table if exists "statut_annee" cascade 
2025-06-07 19:45:48,359 DEBUG o.h.e.j.s.SqlStatementLogger [main] 
    drop table if exists "student_progress_report" cascade 
2025-06-07 19:45:48,360 DEBUG o.h.e.j.s.SqlStatementLogger [main] 
    drop table if exists "students" cascade 
2025-06-07 19:45:48,361 DEBUG o.h.e.j.s.SqlStatementLogger [main] 
    drop table if exists "subject" cascade 
2025-06-07 19:45:48,362 DEBUG o.h.e.j.s.SqlStatementLogger [main] 
    drop table if exists "trimestre" cascade 
2025-06-07 19:45:48,364 DEBUG o.h.e.j.s.SqlStatementLogger [main] 
    drop table if exists "type_affectation" cascade 
2025-06-07 19:45:48,365 DEBUG o.h.e.j.s.SqlStatementLogger [main] 
    drop table if exists "utilisateur" cascade 
2025-06-07 19:45:48,379 DEBUG o.h.e.j.s.SqlStatementLogger [main] 
    create table "affectation" (
        "date_debut" date,
        "date_fin" date,
        "annee_scolaire_id" bigint not null,
        "classe_id" bigint not null,
        "created_at" timestamp(6),
        "enseignant_id" bigint not null,
        "id" bigint generated by default as identity,
        "matiere_id" bigint not null,
        "updated_at" timestamp(6),
        "type_code" varchar(20) not null,
        primary key ("id")
    )
2025-06-07 19:45:48,408 DEBUG o.h.e.j.s.SqlStatementLogger [main] 
    create table "annee_scolaire" (
        "date_debut" date not null,
        "date_fin" date not null,
        "created_at" timestamp(6),
        "id" bigint generated by default as identity,
        "updated_at" timestamp(6),
        "statut_code" varchar(20) not null,
        "libelle" varchar(50) not null,
        primary key ("id")
    )
2025-06-07 19:45:48,412 DEBUG o.h.e.j.s.SqlStatementLogger [main] 
    create table "classes" (
        "actif" boolean,
        "capacite" integer,
        "created_at" timestamp(6),
        "id" bigint generated by default as identity,
        "updated_at" timestamp(6),
        "annee_scolaire" varchar(9) not null,
        "niveau" varchar(50) not null,
        "nom" varchar(100) not null,
        "description" varchar(500),
        primary key ("id")
    )
2025-06-07 19:45:48,416 DEBUG o.h.e.j.s.SqlStatementLogger [main] 
    create table "document" (
        "date_ajout" timestamp(6),
        "eleve_id" bigint,
        "id" bigint generated by default as identity,
        "chemin_fichier" varchar(255) not null,
        "type_document" enum ('AUTRE','BULLETIN','RECU') not null,
        primary key ("id")
    )
2025-06-07 19:45:48,422 DEBUG o.h.e.j.s.SqlStatementLogger [main] 
    create table "eleve" (
        "actif" boolean,
        "date_naissance" date,
        "classe_id" bigint,
        "created_at" timestamp(6),
        "date_inscription" timestamp(6),
        "id" bigint generated by default as identity,
        "parent_id" bigint,
        "section_id" bigint,
        "updated_at" timestamp(6),
        "genre" varchar(20),
        "email" varchar(100) not null unique,
        "nom" varchar(100) not null,
        "prenom" varchar(100) not null,
        "adresse" varchar(200),
        primary key ("id")
    )
2025-06-07 19:45:48,429 DEBUG o.h.e.j.s.SqlStatementLogger [main] 
    create table "enseignant" (
        "actif" boolean,
        "created_at" timestamp(6),
        "date_embauche" timestamp(6),
        "id" bigint generated by default as identity,
        "section_id" bigint,
        "updated_at" timestamp(6),
        "telephone" varchar(20),
        "niveau" varchar(50),
        "email" varchar(100) not null unique,
        "nom" varchar(100) not null,
        "prenom" varchar(100) not null,
        "specialite" varchar(100),
        primary key ("id")
    )
2025-06-07 19:45:48,437 DEBUG o.h.e.j.s.SqlStatementLogger [main] 
    create table "grade" (
        "grade" float(53) not null,
        "created_at" timestamp(6),
        "id" bigint generated by default as identity,
        "student_id" bigint not null,
        "subject_id" bigint not null,
        "updated_at" timestamp(6),
        "period" varchar(20) not null,
        "comments" varchar(500),
        primary key ("id")
    )
2025-06-07 19:45:48,448 DEBUG o.h.e.j.s.SqlStatementLogger [main] 
    create table "log_activite" (
        "date_action" timestamp(6),
        "id" bigint generated by default as identity,
        "reference_id" bigint,
        "utilisateur_id" bigint not null,
        "ip_adresse" varchar(45),
        "table_cible" varchar(100),
        "action" varchar(255) not null,
        primary key ("id")
    )
2025-06-07 19:45:48,461 DEBUG o.h.e.j.s.SqlStatementLogger [main] 
    create table "matiere" (
        "coefficient" numeric(5,2) not null,
        "created_at" timestamp(6),
        "id" bigint generated by default as identity,
        "updated_at" timestamp(6),
        "nom" varchar(100) not null,
        primary key ("id")
    )
2025-06-07 19:45:48,467 DEBUG o.h.e.j.s.SqlStatementLogger [main] 
    create table "note" (
        "note" numeric(5,2) not null,
        "created_at" timestamp(6) not null,
        "eleve_id" bigint not null,
        "id" bigint generated by default as identity,
        "matiere_id" bigint not null,
        "sequence_id" bigint not null,
        "trimestre_id" bigint,
        "updated_at" timestamp(6),
        "commentaire" varchar(255),
        primary key ("id")
    )
2025-06-07 19:45:48,475 DEBUG o.h.e.j.s.SqlStatementLogger [main] 
    create table "notifications" (
        "read" boolean,
        "created_at" timestamp(6),
        "id" bigint generated by default as identity,
        "user_id" bigint,
        "message" varchar(255) not null,
        primary key ("id")
    )
2025-06-07 19:45:48,484 DEBUG o.h.e.j.s.SqlStatementLogger [main] 
    create table "paiements" (
        "date_paiement" date,
        "montant" numeric(38,2) not null,
        "eleve_id" bigint not null,
        "id" bigint generated by default as identity,
        "description" varchar(255),
        "type_paiement" varchar(255),
        primary key ("id")
    )
2025-06-07 19:45:48,493 DEBUG o.h.e.j.s.SqlStatementLogger [main] 
    create table "parents" (
        "id" bigint generated by default as identity,
        "adresse" varchar(255),
        "email" varchar(255) unique,
        "nom" varchar(255) not null,
        "prenom" varchar(255) not null,
        "profession" varchar(255),
        "telephone" varchar(255),
        primary key ("id")
    )
2025-06-07 19:45:48,503 DEBUG o.h.e.j.s.SqlStatementLogger [main] 
    create table "profil_utilisateur" (
        "created_at" timestamp(6),
        "id" bigint generated by default as identity,
        "reference_id" bigint not null,
        "updated_at" timestamp(6),
        "utilisateur_id" bigint not null,
        "type_personne" enum ('AGENT','ELEVE','ENSEIGNANT','PARENT') not null,
        primary key ("id")
    )
2025-06-07 19:45:48,508 DEBUG o.h.e.j.s.SqlStatementLogger [main] 
    create table "role" (
        "id" bigint generated by default as identity,
        "libelle" varchar(50) not null unique,
        primary key ("id")
    )
2025-06-07 19:45:48,511 DEBUG o.h.e.j.s.SqlStatementLogger [main] 
    create table "sections" (
        "id" bigint generated by default as identity,
        "description" varchar(255),
        "nom" varchar(255) not null,
        primary key ("id")
    )
2025-06-07 19:45:48,514 DEBUG o.h.e.j.s.SqlStatementLogger [main] 
    create table "sequence" (
        "numero" integer not null,
        "created_at" timestamp(6),
        "id" bigint generated by default as identity,
        "trimestre_id" bigint not null,
        "updated_at" timestamp(6),
        "libelle" varchar(50) not null,
        primary key ("id")
    )
2025-06-07 19:45:48,521 DEBUG o.h.e.j.s.SqlStatementLogger [main] 
    create table "statut_annee" (
        "code" varchar(20) not null,
        "libelle" varchar(100) not null,
        primary key ("code")
    )
2025-06-07 19:45:48,523 DEBUG o.h.e.j.s.SqlStatementLogger [main] 
    create table "student_progress_report" (
        "attendance_rate" float(53),
        "average_grade" float(53),
        "created_at" timestamp(6),
        "id" bigint generated by default as identity,
        "student_id" bigint not null,
        "updated_at" timestamp(6),
        "period" varchar(20) not null,
        "comments" varchar(1000),
        primary key ("id")
    )
2025-06-07 19:45:48,525 DEBUG o.h.e.j.s.SqlStatementLogger [main] 
    create table "students" (
        "actif" boolean,
        "date_naissance" date not null,
        "genre" varchar(1),
        "classe_id" bigint,
        "created_at" timestamp(6),
        "date_inscription" timestamp(6) not null,
        "id" bigint generated by default as identity,
        "section_id" bigint,
        "updated_at" timestamp(6),
        "telephone" varchar(20),
        "section_name" varchar(50),
        "email" varchar(100) not null unique,
        "nom" varchar(100) not null,
        "nom_classe" varchar(100),
        "nom_parent" varchar(100),
        "prenom" varchar(100) not null,
        "adresse" varchar(200),
        primary key ("id")
    )
2025-06-07 19:45:48,527 DEBUG o.h.e.j.s.SqlStatementLogger [main] 
    create table "subject" (
        "actif" boolean,
        "coefficient" integer,
        "created_at" timestamp(6),
        "id" bigint generated by default as identity,
        "updated_at" timestamp(6),
        "code" varchar(20) not null unique,
        "nom" varchar(100) not null,
        "description" varchar(500),
        primary key ("id")
    )
2025-06-07 19:45:48,529 DEBUG o.h.e.j.s.SqlStatementLogger [main] 
    create table "trimestre" (
        "numero" integer not null,
        "annee_scolaire_id" bigint not null,
        "created_at" timestamp(6),
        "id" bigint generated by default as identity,
        "updated_at" timestamp(6),
        "libelle" varchar(50) not null,
        primary key ("id")
    )
2025-06-07 19:45:48,530 DEBUG o.h.e.j.s.SqlStatementLogger [main] 
    create table "type_affectation" (
        "code" varchar(20) not null,
        "libelle" varchar(100) not null,
        primary key ("code")
    )
2025-06-07 19:45:48,534 DEBUG o.h.e.j.s.SqlStatementLogger [main] 
    create table "utilisateur" (
        "actif" boolean,
        "created_at" timestamp(6),
        "id" bigint generated by default as identity,
        "last_login" timestamp(6),
        "role_id" bigint not null,
        "updated_at" timestamp(6),
        "email" varchar(100) not null unique,
        "nom" varchar(100) not null,
        "mot_de_passe" varchar(255) not null,
        "reset_token" varchar(255),
        "type_personne" enum ('ADMIN','AGENT','ELEVE','ENSEIGNANT','PARENT') not null,
        primary key ("id")
    )
2025-06-07 19:45:48,538 DEBUG o.h.e.j.s.SqlStatementLogger [main] 
    alter table if exists "affectation" 
       add constraint "FK9eu96qf7kye9sf1pmecfd0yfm" 
       foreign key ("annee_scolaire_id") 
       references "annee_scolaire"
2025-06-07 19:45:48,561 DEBUG o.h.e.j.s.SqlStatementLogger [main] 
    alter table if exists "affectation" 
       add constraint "FKpe0bo22qt45crdtir2olejjyg" 
       foreign key ("classe_id") 
       references "classes"
2025-06-07 19:45:48,563 DEBUG o.h.e.j.s.SqlStatementLogger [main] 
    alter table if exists "affectation" 
       add constraint "FK3av7c7bm789r6knql1ykv0iuh" 
       foreign key ("enseignant_id") 
       references "enseignant"
2025-06-07 19:45:48,564 DEBUG o.h.e.j.s.SqlStatementLogger [main] 
    alter table if exists "affectation" 
       add constraint "FKbd6pqb4xm1b2f6dsjng6t9vy1" 
       foreign key ("matiere_id") 
       references "matiere"
2025-06-07 19:45:48,567 DEBUG o.h.e.j.s.SqlStatementLogger [main] 
    alter table if exists "document" 
       add constraint "FK4uxipd5g6ulta9p7gt3992osv" 
       foreign key ("eleve_id") 
       references "eleve"
2025-06-07 19:45:48,568 DEBUG o.h.e.j.s.SqlStatementLogger [main] 
    alter table if exists "eleve" 
       add constraint "FKak1ytyiywaoq3w1wjuwpdu81p" 
       foreign key ("classe_id") 
       references "classes"
2025-06-07 19:45:48,571 DEBUG o.h.e.j.s.SqlStatementLogger [main] 
    alter table if exists "eleve" 
       add constraint "FK31spnejrvma8oawmo11nku169" 
       foreign key ("parent_id") 
       references "parents"
2025-06-07 19:45:48,574 DEBUG o.h.e.j.s.SqlStatementLogger [main] 
    alter table if exists "eleve" 
       add constraint "FKfpstf9bai3b6n4qu9wsx077ja" 
       foreign key ("section_id") 
       references "sections"
2025-06-07 19:45:48,577 DEBUG o.h.e.j.s.SqlStatementLogger [main] 
    alter table if exists "enseignant" 
       add constraint "FKh4do9onk9pwd1p5hpdl2jlvsw" 
       foreign key ("section_id") 
       references "sections"
2025-06-07 19:45:48,580 DEBUG o.h.e.j.s.SqlStatementLogger [main] 
    alter table if exists "grade" 
       add constraint "FKipf4njw2w6vostd6y4ti401mm" 
       foreign key ("student_id") 
       references "utilisateur"
2025-06-07 19:45:48,583 DEBUG o.h.e.j.s.SqlStatementLogger [main] 
    alter table if exists "grade" 
       add constraint "FKga475phybm7f4xh2qgjlm4tef" 
       foreign key ("subject_id") 
       references "subject"
2025-06-07 19:45:48,588 DEBUG o.h.e.j.s.SqlStatementLogger [main] 
    alter table if exists "log_activite" 
       add constraint "FKrfsnh1x7lprexosg0odve3edk" 
       foreign key ("utilisateur_id") 
       references "utilisateur"
2025-06-07 19:45:48,591 DEBUG o.h.e.j.s.SqlStatementLogger [main] 
    alter table if exists "note" 
       add constraint "FKckjcf0lcp26yn81tkbiyyvpxs" 
       foreign key ("eleve_id") 
       references "eleve"
2025-06-07 19:45:48,593 DEBUG o.h.e.j.s.SqlStatementLogger [main] 
    alter table if exists "note" 
       add constraint "FKce6fgrwojbdjuyfobkryhsubc" 
       foreign key ("matiere_id") 
       references "matiere"
2025-06-07 19:45:48,596 DEBUG o.h.e.j.s.SqlStatementLogger [main] 
    alter table if exists "note" 
       add constraint "FKnx3h3lbhngn4he4lrc8ylhrxh" 
       foreign key ("sequence_id") 
       references "sequence"
2025-06-07 19:45:48,608 DEBUG o.h.e.j.s.SqlStatementLogger [main] 
    alter table if exists "note" 
       add constraint "FKsq8sa1xg25htraxpx0ylx3lgk" 
       foreign key ("trimestre_id") 
       references "trimestre"
2025-06-07 19:45:48,613 DEBUG o.h.e.j.s.SqlStatementLogger [main] 
    alter table if exists "paiements" 
       add constraint "FKafefes0eqpleg9i7g6mvt6xhh" 
       foreign key ("eleve_id") 
       references "eleve"
2025-06-07 19:45:48,619 DEBUG o.h.e.j.s.SqlStatementLogger [main] 
    alter table if exists "profil_utilisateur" 
       add constraint "FK177de5xq3y87tjxuwctokx341" 
       foreign key ("utilisateur_id") 
       references "utilisateur"
2025-06-07 19:45:48,623 DEBUG o.h.e.j.s.SqlStatementLogger [main] 
    alter table if exists "sequence" 
       add constraint "FKclybiy2bjbpf0ejgg6rq51ynf" 
       foreign key ("trimestre_id") 
       references "trimestre"
2025-06-07 19:45:48,625 DEBUG o.h.e.j.s.SqlStatementLogger [main] 
    alter table if exists "student_progress_report" 
       add constraint "FK1u5j5o832a13lgcq3foy1g3rr" 
       foreign key ("student_id") 
       references "utilisateur"
2025-06-07 19:45:48,629 DEBUG o.h.e.j.s.SqlStatementLogger [main] 
    alter table if exists "students" 
       add constraint "FKtb9nirq953dcf0onxisl98ni1" 
       foreign key ("classe_id") 
       references "classes"
2025-06-07 19:45:48,634 DEBUG o.h.e.j.s.SqlStatementLogger [main] 
    alter table if exists "students" 
       add constraint "FKgkvw6901117nqyb8tyx3gmpk5" 
       foreign key ("section_id") 
       references "sections"
2025-06-07 19:45:48,638 DEBUG o.h.e.j.s.SqlStatementLogger [main] 
    alter table if exists "trimestre" 
       add constraint "FKql50yxg7ydwdp4uom1mltlbkr" 
       foreign key ("annee_scolaire_id") 
       references "annee_scolaire"
2025-06-07 19:45:48,643 DEBUG o.h.e.j.s.SqlStatementLogger [main] 
    alter table if exists "utilisateur" 
       add constraint "FKmjx8u4qqtx1pp4g0tpmuf3yb9" 
       foreign key ("role_id") 
       references "role"
2025-06-07 19:45:48,655 INFO o.s.o.j.AbstractEntityManagerFactoryBean [main] Initialized JPA EntityManagerFactory for persistence unit 'default'
2025-06-07 19:45:49,545 WARN o.s.c.s.AbstractApplicationContext [main] Exception encountered during context initialization - cancelling refresh attempt: org.springframework.beans.factory.UnsatisfiedDependencyException: Error creating bean with name 'gradeController' defined in file [C:\Users\GLOBAL STORE\Documents\Primary-School\backend\build\classes\java\main\com\school\management\controller\GradeController.class]: Unsatisfied dependency expressed through constructor parameter 0: Error creating bean with name 'gradeService' defined in file [C:\Users\GLOBAL STORE\Documents\Primary-School\backend\build\classes\java\main\com\school\management\service\GradeService.class]: Unsatisfied dependency expressed through constructor parameter 0: Error creating bean with name 'noteRepository' defined in com.school.management.repository.NoteRepository defined in @EnableJpaRepositories declared on JpaRepositoriesRegistrar.EnableJpaRepositoriesConfiguration: Could not create query for public abstract org.springframework.data.domain.Page com.school.management.repository.NoteRepository.findByEleveIdAndPeriod(java.lang.Long,java.lang.String,org.springframework.data.domain.Pageable); Reason: Failed to create query for method public abstract org.springframework.data.domain.Page com.school.management.repository.NoteRepository.findByEleveIdAndPeriod(java.lang.Long,java.lang.String,org.springframework.data.domain.Pageable); No property 'period' found for type 'Note'
2025-06-07 19:45:49,546 INFO o.s.o.j.AbstractEntityManagerFactoryBean [main] Closing JPA EntityManagerFactory for persistence unit 'default'
2025-06-07 19:45:49,547 DEBUG o.h.e.j.s.SqlStatementLogger [main] 
    drop table if exists "affectation" cascade 
2025-06-07 19:45:49,551 DEBUG o.h.e.j.s.SqlStatementLogger [main] 
    drop table if exists "annee_scolaire" cascade 
2025-06-07 19:45:49,553 DEBUG o.h.e.j.s.SqlStatementLogger [main] 
    drop table if exists "classes" cascade 
2025-06-07 19:45:49,554 DEBUG o.h.e.j.s.SqlStatementLogger [main] 
    drop table if exists "document" cascade 
2025-06-07 19:45:49,555 DEBUG o.h.e.j.s.SqlStatementLogger [main] 
    drop table if exists "eleve" cascade 
2025-06-07 19:45:49,557 DEBUG o.h.e.j.s.SqlStatementLogger [main] 
    drop table if exists "enseignant" cascade 
2025-06-07 19:45:49,558 DEBUG o.h.e.j.s.SqlStatementLogger [main] 
    drop table if exists "grade" cascade 
2025-06-07 19:45:49,559 DEBUG o.h.e.j.s.SqlStatementLogger [main] 
    drop table if exists "log_activite" cascade 
2025-06-07 19:45:49,560 DEBUG o.h.e.j.s.SqlStatementLogger [main] 
    drop table if exists "matiere" cascade 
2025-06-07 19:45:49,561 DEBUG o.h.e.j.s.SqlStatementLogger [main] 
    drop table if exists "note" cascade 
2025-06-07 19:45:49,562 DEBUG o.h.e.j.s.SqlStatementLogger [main] 
    drop table if exists "notifications" cascade 
2025-06-07 19:45:49,563 DEBUG o.h.e.j.s.SqlStatementLogger [main] 
    drop table if exists "paiements" cascade 
2025-06-07 19:45:49,563 DEBUG o.h.e.j.s.SqlStatementLogger [main] 
    drop table if exists "parents" cascade 
2025-06-07 19:45:49,565 DEBUG o.h.e.j.s.SqlStatementLogger [main] 
    drop table if exists "profil_utilisateur" cascade 
2025-06-07 19:45:49,566 DEBUG o.h.e.j.s.SqlStatementLogger [main] 
    drop table if exists "role" cascade 
2025-06-07 19:45:49,567 DEBUG o.h.e.j.s.SqlStatementLogger [main] 
    drop table if exists "sections" cascade 
2025-06-07 19:45:49,568 DEBUG o.h.e.j.s.SqlStatementLogger [main] 
    drop table if exists "sequence" cascade 
2025-06-07 19:45:49,569 DEBUG o.h.e.j.s.SqlStatementLogger [main] 
    drop table if exists "statut_annee" cascade 
2025-06-07 19:45:49,570 DEBUG o.h.e.j.s.SqlStatementLogger [main] 
    drop table if exists "student_progress_report" cascade 
2025-06-07 19:45:49,571 DEBUG o.h.e.j.s.SqlStatementLogger [main] 
    drop table if exists "students" cascade 
2025-06-07 19:45:49,572 DEBUG o.h.e.j.s.SqlStatementLogger [main] 
    drop table if exists "subject" cascade 
2025-06-07 19:45:49,572 DEBUG o.h.e.j.s.SqlStatementLogger [main] 
    drop table if exists "trimestre" cascade 
2025-06-07 19:45:49,573 DEBUG o.h.e.j.s.SqlStatementLogger [main] 
    drop table if exists "type_affectation" cascade 
2025-06-07 19:45:49,574 DEBUG o.h.e.j.s.SqlStatementLogger [main] 
    drop table if exists "utilisateur" cascade 
2025-06-07 19:45:49,578 INFO c.z.h.HikariDataSource [main] HikariPool-1 - Shutdown initiated...
2025-06-07 19:45:49,581 INFO c.z.h.HikariDataSource [main] HikariPool-1 - Shutdown completed.
2025-06-07 19:45:49,583 INFO o.a.j.l.DirectJDKLog [main] Stopping service [Tomcat]
2025-06-07 19:45:49,621 INFO o.s.b.a.l.ConditionEvaluationReportLogger [main] 

Error starting ApplicationContext. To display the condition evaluation report re-run your application with 'debug' enabled.
2025-06-07 19:45:49,656 ERROR o.s.b.SpringApplication [main] Application run failed
org.springframework.beans.factory.UnsatisfiedDependencyException: Error creating bean with name 'gradeController' defined in file [C:\Users\GLOBAL STORE\Documents\Primary-School\backend\build\classes\java\main\com\school\management\controller\GradeController.class]: Unsatisfied dependency expressed through constructor parameter 0: Error creating bean with name 'gradeService' defined in file [C:\Users\GLOBAL STORE\Documents\Primary-School\backend\build\classes\java\main\com\school\management\service\GradeService.class]: Unsatisfied dependency expressed through constructor parameter 0: Error creating bean with name 'noteRepository' defined in com.school.management.repository.NoteRepository defined in @EnableJpaRepositories declared on JpaRepositoriesRegistrar.EnableJpaRepositoriesConfiguration: Could not create query for public abstract org.springframework.data.domain.Page com.school.management.repository.NoteRepository.findByEleveIdAndPeriod(java.lang.Long,java.lang.String,org.springframework.data.domain.Pageable); Reason: Failed to create query for method public abstract org.springframework.data.domain.Page com.school.management.repository.NoteRepository.findByEleveIdAndPeriod(java.lang.Long,java.lang.String,org.springframework.data.domain.Pageable); No property 'period' found for type 'Note'
	at org.springframework.beans.factory.support.ConstructorResolver.createArgumentArray(ConstructorResolver.java:795)
	at org.springframework.beans.factory.support.ConstructorResolver.autowireConstructor(ConstructorResolver.java:237)
	at org.springframework.beans.factory.support.AbstractAutowireCapableBeanFactory.autowireConstructor(AbstractAutowireCapableBeanFactory.java:1357)
	at org.springframework.beans.factory.support.AbstractAutowireCapableBeanFactory.createBeanInstance(AbstractAutowireCapableBeanFactory.java:1194)
	at org.springframework.beans.factory.support.AbstractAutowireCapableBeanFactory.doCreateBean(AbstractAutowireCapableBeanFactory.java:562)
	at org.springframework.beans.factory.support.AbstractAutowireCapableBeanFactory.createBean(AbstractAutowireCapableBeanFactory.java:522)
	at org.springframework.beans.factory.support.AbstractBeanFactory.lambda$doGetBean$0(AbstractBeanFactory.java:337)
	at org.springframework.beans.factory.support.DefaultSingletonBeanRegistry.getSingleton(DefaultSingletonBeanRegistry.java:234)
	at org.springframework.beans.factory.support.AbstractBeanFactory.doGetBean(AbstractBeanFactory.java:335)
	at org.springframework.beans.factory.support.AbstractBeanFactory.getBean(AbstractBeanFactory.java:200)
	at org.springframework.beans.factory.support.DefaultListableBeanFactory.preInstantiateSingletons(DefaultListableBeanFactory.java:975)
	at org.springframework.context.support.AbstractApplicationContext.finishBeanFactoryInitialization(AbstractApplicationContext.java:962)
	at org.springframework.context.support.AbstractApplicationContext.refresh(AbstractApplicationContext.java:624)
	at org.springframework.boot.web.servlet.context.ServletWebServerApplicationContext.refresh(ServletWebServerApplicationContext.java:146)
	at org.springframework.boot.SpringApplication.refresh(SpringApplication.java:754)
	at org.springframework.boot.SpringApplication.refreshContext(SpringApplication.java:456)
	at org.springframework.boot.SpringApplication.run(SpringApplication.java:335)
	at org.springframework.boot.SpringApplication.run(SpringApplication.java:1363)
	at org.springframework.boot.SpringApplication.run(SpringApplication.java:1352)
	at com.school.management.SchoolManagementApplication.main(SchoolManagementApplication.java:11)
Caused by: org.springframework.beans.factory.UnsatisfiedDependencyException: Error creating bean with name 'gradeService' defined in file [C:\Users\GLOBAL STORE\Documents\Primary-School\backend\build\classes\java\main\com\school\management\service\GradeService.class]: Unsatisfied dependency expressed through constructor parameter 0: Error creating bean with name 'noteRepository' defined in com.school.management.repository.NoteRepository defined in @EnableJpaRepositories declared on JpaRepositoriesRegistrar.EnableJpaRepositoriesConfiguration: Could not create query for public abstract org.springframework.data.domain.Page com.school.management.repository.NoteRepository.findByEleveIdAndPeriod(java.lang.Long,java.lang.String,org.springframework.data.domain.Pageable); Reason: Failed to create query for method public abstract org.springframework.data.domain.Page com.school.management.repository.NoteRepository.findByEleveIdAndPeriod(java.lang.Long,java.lang.String,org.springframework.data.domain.Pageable); No property 'period' found for type 'Note'
	at org.springframework.beans.factory.support.ConstructorResolver.createArgumentArray(ConstructorResolver.java:795)
	at org.springframework.beans.factory.support.ConstructorResolver.autowireConstructor(ConstructorResolver.java:237)
	at org.springframework.beans.factory.support.AbstractAutowireCapableBeanFactory.autowireConstructor(AbstractAutowireCapableBeanFactory.java:1357)
	at org.springframework.beans.factory.support.AbstractAutowireCapableBeanFactory.createBeanInstance(AbstractAutowireCapableBeanFactory.java:1194)
	at org.springframework.beans.factory.support.AbstractAutowireCapableBeanFactory.doCreateBean(AbstractAutowireCapableBeanFactory.java:562)
	at org.springframework.beans.factory.support.AbstractAutowireCapableBeanFactory.createBean(AbstractAutowireCapableBeanFactory.java:522)
	at org.springframework.beans.factory.support.AbstractBeanFactory.lambda$doGetBean$0(AbstractBeanFactory.java:337)
	at org.springframework.beans.factory.support.DefaultSingletonBeanRegistry.getSingleton(DefaultSingletonBeanRegistry.java:234)
	at org.springframework.beans.factory.support.AbstractBeanFactory.doGetBean(AbstractBeanFactory.java:335)
	at org.springframework.beans.factory.support.AbstractBeanFactory.getBean(AbstractBeanFactory.java:200)
	at org.springframework.beans.factory.config.DependencyDescriptor.resolveCandidate(DependencyDescriptor.java:254)
	at org.springframework.beans.factory.support.DefaultListableBeanFactory.doResolveDependency(DefaultListableBeanFactory.java:1443)
	at org.springframework.beans.factory.support.DefaultListableBeanFactory.resolveDependency(DefaultListableBeanFactory.java:1353)
	at org.springframework.beans.factory.support.ConstructorResolver.resolveAutowiredArgument(ConstructorResolver.java:904)
	at org.springframework.beans.factory.support.ConstructorResolver.createArgumentArray(ConstructorResolver.java:782)
	... 19 common frames omitted
Caused by: org.springframework.beans.factory.BeanCreationException: Error creating bean with name 'noteRepository' defined in com.school.management.repository.NoteRepository defined in @EnableJpaRepositories declared on JpaRepositoriesRegistrar.EnableJpaRepositoriesConfiguration: Could not create query for public abstract org.springframework.data.domain.Page com.school.management.repository.NoteRepository.findByEleveIdAndPeriod(java.lang.Long,java.lang.String,org.springframework.data.domain.Pageable); Reason: Failed to create query for method public abstract org.springframework.data.domain.Page com.school.management.repository.NoteRepository.findByEleveIdAndPeriod(java.lang.Long,java.lang.String,org.springframework.data.domain.Pageable); No property 'period' found for type 'Note'
	at org.springframework.beans.factory.support.AbstractAutowireCapableBeanFactory.initializeBean(AbstractAutowireCapableBeanFactory.java:1788)
	at org.springframework.beans.factory.support.AbstractAutowireCapableBeanFactory.doCreateBean(AbstractAutowireCapableBeanFactory.java:600)
	at org.springframework.beans.factory.support.AbstractAutowireCapableBeanFactory.createBean(AbstractAutowireCapableBeanFactory.java:522)
	at org.springframework.beans.factory.support.AbstractBeanFactory.lambda$doGetBean$0(AbstractBeanFactory.java:337)
	at org.springframework.beans.factory.support.DefaultSingletonBeanRegistry.getSingleton(DefaultSingletonBeanRegistry.java:234)
	at org.springframework.beans.factory.support.AbstractBeanFactory.doGetBean(AbstractBeanFactory.java:335)
	at org.springframework.beans.factory.support.AbstractBeanFactory.getBean(AbstractBeanFactory.java:200)
	at org.springframework.beans.factory.config.DependencyDescriptor.resolveCandidate(DependencyDescriptor.java:254)
	at org.springframework.beans.factory.support.DefaultListableBeanFactory.doResolveDependency(DefaultListableBeanFactory.java:1443)
	at org.springframework.beans.factory.support.DefaultListableBeanFactory.resolveDependency(DefaultListableBeanFactory.java:1353)
	at org.springframework.beans.factory.support.ConstructorResolver.resolveAutowiredArgument(ConstructorResolver.java:904)
	at org.springframework.beans.factory.support.ConstructorResolver.createArgumentArray(ConstructorResolver.java:782)
	... 33 common frames omitted
Caused by: org.springframework.data.repository.query.QueryCreationException: Could not create query for public abstract org.springframework.data.domain.Page com.school.management.repository.NoteRepository.findByEleveIdAndPeriod(java.lang.Long,java.lang.String,org.springframework.data.domain.Pageable); Reason: Failed to create query for method public abstract org.springframework.data.domain.Page com.school.management.repository.NoteRepository.findByEleveIdAndPeriod(java.lang.Long,java.lang.String,org.springframework.data.domain.Pageable); No property 'period' found for type 'Note'
	at org.springframework.data.repository.query.QueryCreationException.create(QueryCreationException.java:101)
	at org.springframework.data.repository.core.support.QueryExecutorMethodInterceptor.lookupQuery(QueryExecutorMethodInterceptor.java:115)
	at org.springframework.data.repository.core.support.QueryExecutorMethodInterceptor.mapMethodsToQuery(QueryExecutorMethodInterceptor.java:99)
	at org.springframework.data.repository.core.support.QueryExecutorMethodInterceptor.lambda$new$0(QueryExecutorMethodInterceptor.java:88)
	at java.base/java.util.Optional.map(Optional.java:260)
	at org.springframework.data.repository.core.support.QueryExecutorMethodInterceptor.<init>(QueryExecutorMethodInterceptor.java:88)
	at org.springframework.data.repository.core.support.RepositoryFactorySupport.getRepository(RepositoryFactorySupport.java:357)
	at org.springframework.data.repository.core.support.RepositoryFactoryBeanSupport.lambda$afterPropertiesSet$5(RepositoryFactoryBeanSupport.java:286)
	at org.springframework.data.util.Lazy.getNullable(Lazy.java:135)
	at org.springframework.data.util.Lazy.get(Lazy.java:113)
	at org.springframework.data.repository.core.support.RepositoryFactoryBeanSupport.afterPropertiesSet(RepositoryFactoryBeanSupport.java:292)
	at org.springframework.data.jpa.repository.support.JpaRepositoryFactoryBean.afterPropertiesSet(JpaRepositoryFactoryBean.java:132)
	at org.springframework.beans.factory.support.AbstractAutowireCapableBeanFactory.invokeInitMethods(AbstractAutowireCapableBeanFactory.java:1835)
	at org.springframework.beans.factory.support.AbstractAutowireCapableBeanFactory.initializeBean(AbstractAutowireCapableBeanFactory.java:1784)
	... 44 common frames omitted
Caused by: java.lang.IllegalArgumentException: Failed to create query for method public abstract org.springframework.data.domain.Page com.school.management.repository.NoteRepository.findByEleveIdAndPeriod(java.lang.Long,java.lang.String,org.springframework.data.domain.Pageable); No property 'period' found for type 'Note'
	at org.springframework.data.jpa.repository.query.PartTreeJpaQuery.<init>(PartTreeJpaQuery.java:106)
	at org.springframework.data.jpa.repository.query.JpaQueryLookupStrategy$CreateQueryLookupStrategy.resolveQuery(JpaQueryLookupStrategy.java:124)
	at org.springframework.data.jpa.repository.query.JpaQueryLookupStrategy$CreateIfNotFoundQueryLookupStrategy.resolveQuery(JpaQueryLookupStrategy.java:258)
	at org.springframework.data.jpa.repository.query.JpaQueryLookupStrategy$AbstractQueryLookupStrategy.resolveQuery(JpaQueryLookupStrategy.java:95)
	at org.springframework.data.repository.core.support.QueryExecutorMethodInterceptor.lookupQuery(QueryExecutorMethodInterceptor.java:111)
	... 56 common frames omitted
Caused by: org.springframework.data.mapping.PropertyReferenceException: No property 'period' found for type 'Note'
	at org.springframework.data.mapping.PropertyPath.<init>(PropertyPath.java:94)
	at org.springframework.data.mapping.PropertyPath.create(PropertyPath.java:455)
	at org.springframework.data.mapping.PropertyPath.create(PropertyPath.java:431)
	at org.springframework.data.mapping.PropertyPath.lambda$from$0(PropertyPath.java:384)
	at java.base/java.util.concurrent.ConcurrentMap.computeIfAbsent(ConcurrentMap.java:330)
	at org.springframework.data.mapping.PropertyPath.from(PropertyPath.java:366)
	at org.springframework.data.mapping.PropertyPath.from(PropertyPath.java:344)
	at org.springframework.data.repository.query.parser.Part.<init>(Part.java:81)
	at org.springframework.data.repository.query.parser.PartTree$OrPart.lambda$new$0(PartTree.java:259)
	at java.base/java.util.stream.ReferencePipeline$3$1.accept(ReferencePipeline.java:197)
	at java.base/java.util.stream.ReferencePipeline$2$1.accept(ReferencePipeline.java:179)
	at java.base/java.util.Spliterators$ArraySpliterator.forEachRemaining(Spliterators.java:1024)
	at java.base/java.util.stream.AbstractPipeline.copyInto(AbstractPipeline.java:509)
	at java.base/java.util.stream.AbstractPipeline.wrapAndCopyInto(AbstractPipeline.java:499)
	at java.base/java.util.stream.ReduceOps$ReduceOp.evaluateSequential(ReduceOps.java:921)
	at java.base/java.util.stream.AbstractPipeline.evaluate(AbstractPipeline.java:234)
	at java.base/java.util.stream.ReferencePipeline.collect(ReferencePipeline.java:682)
	at org.springframework.data.repository.query.parser.PartTree$OrPart.<init>(PartTree.java:260)
	at org.springframework.data.repository.query.parser.PartTree$Predicate.lambda$new$0(PartTree.java:389)
	at java.base/java.util.stream.ReferencePipeline$3$1.accept(ReferencePipeline.java:197)
	at java.base/java.util.stream.ReferencePipeline$2$1.accept(ReferencePipeline.java:179)
	at java.base/java.util.Spliterators$ArraySpliterator.forEachRemaining(Spliterators.java:1024)
	at java.base/java.util.stream.AbstractPipeline.copyInto(AbstractPipeline.java:509)
	at java.base/java.util.stream.AbstractPipeline.wrapAndCopyInto(AbstractPipeline.java:499)
	at java.base/java.util.stream.ReduceOps$ReduceOp.evaluateSequential(ReduceOps.java:921)
	at java.base/java.util.stream.AbstractPipeline.evaluate(AbstractPipeline.java:234)
	at java.base/java.util.stream.ReferencePipeline.collect(ReferencePipeline.java:682)
	at org.springframework.data.repository.query.parser.PartTree$Predicate.<init>(PartTree.java:390)
	at org.springframework.data.repository.query.parser.PartTree.<init>(PartTree.java:103)
	at org.springframework.data.jpa.repository.query.PartTreeJpaQuery.<init>(PartTreeJpaQuery.java:100)
	... 60 common frames omitted
2025-06-07 19:47:31,610 INFO o.h.v.i.u.Version [background-preinit] HV000001: Hibernate Validator 8.0.1.Final
2025-06-07 19:47:31,730 INFO o.s.b.StartupInfoLogger [main] Starting SchoolManagementApplication using Java 21.0.6 with PID 11624 (C:\Users\GLOBAL STORE\Documents\Primary-School\backend\build\classes\java\main started by GLOBAL STORE in C:\Users\GLOBAL STORE\Documents\Primary-School\backend)
2025-06-07 19:47:31,731 DEBUG o.s.b.StartupInfoLogger [main] Running with Spring Boot v3.3.0, Spring v6.1.8
2025-06-07 19:47:31,733 INFO o.s.b.SpringApplication [main] No active profile set, falling back to 1 default profile: "default"
2025-06-07 19:47:33,727 INFO o.s.d.r.c.RepositoryConfigurationDelegate [main] Multiple Spring Data modules found, entering strict repository configuration mode
2025-06-07 19:47:33,730 INFO o.s.d.r.c.RepositoryConfigurationDelegate [main] Bootstrapping Spring Data JPA repositories in DEFAULT mode.
2025-06-07 19:47:34,128 INFO o.s.d.r.c.RepositoryConfigurationDelegate [main] Finished Spring Data repository scanning in 387 ms. Found 22 JPA repository interfaces.
2025-06-07 19:47:34,150 INFO o.s.d.r.c.RepositoryConfigurationDelegate [main] Multiple Spring Data modules found, entering strict repository configuration mode
2025-06-07 19:47:34,153 INFO o.s.d.r.c.RepositoryConfigurationDelegate [main] Bootstrapping Spring Data Redis repositories in DEFAULT mode.
2025-06-07 19:47:34,177 INFO o.s.d.r.c.RepositoryConfigurationExtensionSupport [main] Spring Data Redis - Could not safely identify store assignment for repository candidate interface com.school.management.repository.AffectationRepository; If you want this repository to be a Redis repository, consider annotating your entities with one of these annotations: org.springframework.data.redis.core.RedisHash (preferred), or consider extending one of the following types with your repository: org.springframework.data.keyvalue.repository.KeyValueRepository
2025-06-07 19:47:34,178 INFO o.s.d.r.c.RepositoryConfigurationExtensionSupport [main] Spring Data Redis - Could not safely identify store assignment for repository candidate interface com.school.management.repository.AnneeScolaireRepository; If you want this repository to be a Redis repository, consider annotating your entities with one of these annotations: org.springframework.data.redis.core.RedisHash (preferred), or consider extending one of the following types with your repository: org.springframework.data.keyvalue.repository.KeyValueRepository
2025-06-07 19:47:34,179 INFO o.s.d.r.c.RepositoryConfigurationExtensionSupport [main] Spring Data Redis - Could not safely identify store assignment for repository candidate interface com.school.management.repository.ClasseRepository; If you want this repository to be a Redis repository, consider annotating your entities with one of these annotations: org.springframework.data.redis.core.RedisHash (preferred), or consider extending one of the following types with your repository: org.springframework.data.keyvalue.repository.KeyValueRepository
2025-06-07 19:47:34,180 INFO o.s.d.r.c.RepositoryConfigurationExtensionSupport [main] Spring Data Redis - Could not safely identify store assignment for repository candidate interface com.school.management.repository.ClassRepository; If you want this repository to be a Redis repository, consider annotating your entities with one of these annotations: org.springframework.data.redis.core.RedisHash (preferred), or consider extending one of the following types with your repository: org.springframework.data.keyvalue.repository.KeyValueRepository
2025-06-07 19:47:34,181 INFO o.s.d.r.c.RepositoryConfigurationExtensionSupport [main] Spring Data Redis - Could not safely identify store assignment for repository candidate interface com.school.management.repository.DocumentRepository; If you want this repository to be a Redis repository, consider annotating your entities with one of these annotations: org.springframework.data.redis.core.RedisHash (preferred), or consider extending one of the following types with your repository: org.springframework.data.keyvalue.repository.KeyValueRepository
2025-06-07 19:47:34,181 INFO o.s.d.r.c.RepositoryConfigurationExtensionSupport [main] Spring Data Redis - Could not safely identify store assignment for repository candidate interface com.school.management.repository.EleveRepository; If you want this repository to be a Redis repository, consider annotating your entities with one of these annotations: org.springframework.data.redis.core.RedisHash (preferred), or consider extending one of the following types with your repository: org.springframework.data.keyvalue.repository.KeyValueRepository
2025-06-07 19:47:34,181 INFO o.s.d.r.c.RepositoryConfigurationExtensionSupport [main] Spring Data Redis - Could not safely identify store assignment for repository candidate interface com.school.management.repository.EnseignantRepository; If you want this repository to be a Redis repository, consider annotating your entities with one of these annotations: org.springframework.data.redis.core.RedisHash (preferred), or consider extending one of the following types with your repository: org.springframework.data.keyvalue.repository.KeyValueRepository
2025-06-07 19:47:34,181 INFO o.s.d.r.c.RepositoryConfigurationExtensionSupport [main] Spring Data Redis - Could not safely identify store assignment for repository candidate interface com.school.management.repository.GradeRepository; If you want this repository to be a Redis repository, consider annotating your entities with one of these annotations: org.springframework.data.redis.core.RedisHash (preferred), or consider extending one of the following types with your repository: org.springframework.data.keyvalue.repository.KeyValueRepository
2025-06-07 19:47:34,183 INFO o.s.d.r.c.RepositoryConfigurationExtensionSupport [main] Spring Data Redis - Could not safely identify store assignment for repository candidate interface com.school.management.repository.LogActiviteRepository; If you want this repository to be a Redis repository, consider annotating your entities with one of these annotations: org.springframework.data.redis.core.RedisHash (preferred), or consider extending one of the following types with your repository: org.springframework.data.keyvalue.repository.KeyValueRepository
2025-06-07 19:47:34,185 INFO o.s.d.r.c.RepositoryConfigurationExtensionSupport [main] Spring Data Redis - Could not safely identify store assignment for repository candidate interface com.school.management.repository.MatiereRepository; If you want this repository to be a Redis repository, consider annotating your entities with one of these annotations: org.springframework.data.redis.core.RedisHash (preferred), or consider extending one of the following types with your repository: org.springframework.data.keyvalue.repository.KeyValueRepository
2025-06-07 19:47:34,185 INFO o.s.d.r.c.RepositoryConfigurationExtensionSupport [main] Spring Data Redis - Could not safely identify store assignment for repository candidate interface com.school.management.repository.NoteRepository; If you want this repository to be a Redis repository, consider annotating your entities with one of these annotations: org.springframework.data.redis.core.RedisHash (preferred), or consider extending one of the following types with your repository: org.springframework.data.keyvalue.repository.KeyValueRepository
2025-06-07 19:47:34,186 INFO o.s.d.r.c.RepositoryConfigurationExtensionSupport [main] Spring Data Redis - Could not safely identify store assignment for repository candidate interface com.school.management.repository.NotificationRepository; If you want this repository to be a Redis repository, consider annotating your entities with one of these annotations: org.springframework.data.redis.core.RedisHash (preferred), or consider extending one of the following types with your repository: org.springframework.data.keyvalue.repository.KeyValueRepository
2025-06-07 19:47:34,187 INFO o.s.d.r.c.RepositoryConfigurationExtensionSupport [main] Spring Data Redis - Could not safely identify store assignment for repository candidate interface com.school.management.repository.PaiementRepository; If you want this repository to be a Redis repository, consider annotating your entities with one of these annotations: org.springframework.data.redis.core.RedisHash (preferred), or consider extending one of the following types with your repository: org.springframework.data.keyvalue.repository.KeyValueRepository
2025-06-07 19:47:34,188 INFO o.s.d.r.c.RepositoryConfigurationExtensionSupport [main] Spring Data Redis - Could not safely identify store assignment for repository candidate interface com.school.management.repository.ProfilUtilisateurRepository; If you want this repository to be a Redis repository, consider annotating your entities with one of these annotations: org.springframework.data.redis.core.RedisHash (preferred), or consider extending one of the following types with your repository: org.springframework.data.keyvalue.repository.KeyValueRepository
2025-06-07 19:47:34,188 INFO o.s.d.r.c.RepositoryConfigurationExtensionSupport [main] Spring Data Redis - Could not safely identify store assignment for repository candidate interface com.school.management.repository.RoleRepository; If you want this repository to be a Redis repository, consider annotating your entities with one of these annotations: org.springframework.data.redis.core.RedisHash (preferred), or consider extending one of the following types with your repository: org.springframework.data.keyvalue.repository.KeyValueRepository
2025-06-07 19:47:34,189 INFO o.s.d.r.c.RepositoryConfigurationExtensionSupport [main] Spring Data Redis - Could not safely identify store assignment for repository candidate interface com.school.management.repository.SectionRepository; If you want this repository to be a Redis repository, consider annotating your entities with one of these annotations: org.springframework.data.redis.core.RedisHash (preferred), or consider extending one of the following types with your repository: org.springframework.data.keyvalue.repository.KeyValueRepository
2025-06-07 19:47:34,189 INFO o.s.d.r.c.RepositoryConfigurationExtensionSupport [main] Spring Data Redis - Could not safely identify store assignment for repository candidate interface com.school.management.repository.SequenceRepository; If you want this repository to be a Redis repository, consider annotating your entities with one of these annotations: org.springframework.data.redis.core.RedisHash (preferred), or consider extending one of the following types with your repository: org.springframework.data.keyvalue.repository.KeyValueRepository
2025-06-07 19:47:34,190 INFO o.s.d.r.c.RepositoryConfigurationExtensionSupport [main] Spring Data Redis - Could not safely identify store assignment for repository candidate interface com.school.management.repository.StatutAnneeRepository; If you want this repository to be a Redis repository, consider annotating your entities with one of these annotations: org.springframework.data.redis.core.RedisHash (preferred), or consider extending one of the following types with your repository: org.springframework.data.keyvalue.repository.KeyValueRepository
2025-06-07 19:47:34,190 INFO o.s.d.r.c.RepositoryConfigurationExtensionSupport [main] Spring Data Redis - Could not safely identify store assignment for repository candidate interface com.school.management.repository.StudentRepository; If you want this repository to be a Redis repository, consider annotating your entities with one of these annotations: org.springframework.data.redis.core.RedisHash (preferred), or consider extending one of the following types with your repository: org.springframework.data.keyvalue.repository.KeyValueRepository
2025-06-07 19:47:34,191 INFO o.s.d.r.c.RepositoryConfigurationExtensionSupport [main] Spring Data Redis - Could not safely identify store assignment for repository candidate interface com.school.management.repository.TrimestreRepository; If you want this repository to be a Redis repository, consider annotating your entities with one of these annotations: org.springframework.data.redis.core.RedisHash (preferred), or consider extending one of the following types with your repository: org.springframework.data.keyvalue.repository.KeyValueRepository
2025-06-07 19:47:34,192 INFO o.s.d.r.c.RepositoryConfigurationExtensionSupport [main] Spring Data Redis - Could not safely identify store assignment for repository candidate interface com.school.management.repository.TypeAffectationRepository; If you want this repository to be a Redis repository, consider annotating your entities with one of these annotations: org.springframework.data.redis.core.RedisHash (preferred), or consider extending one of the following types with your repository: org.springframework.data.keyvalue.repository.KeyValueRepository
2025-06-07 19:47:34,192 INFO o.s.d.r.c.RepositoryConfigurationExtensionSupport [main] Spring Data Redis - Could not safely identify store assignment for repository candidate interface com.school.management.repository.UtilisateurRepository; If you want this repository to be a Redis repository, consider annotating your entities with one of these annotations: org.springframework.data.redis.core.RedisHash (preferred), or consider extending one of the following types with your repository: org.springframework.data.keyvalue.repository.KeyValueRepository
2025-06-07 19:47:34,193 INFO o.s.d.r.c.RepositoryConfigurationDelegate [main] Finished Spring Data repository scanning in 26 ms. Found 0 Redis repository interfaces.
2025-06-07 19:47:35,797 INFO o.s.b.w.e.t.TomcatWebServer [main] Tomcat initialized with port 8080 (http)
2025-06-07 19:47:35,814 INFO o.a.j.l.DirectJDKLog [main] Initializing ProtocolHandler ["http-nio-8080"]
2025-06-07 19:47:35,818 INFO o.a.j.l.DirectJDKLog [main] Starting service [Tomcat]
2025-06-07 19:47:35,818 INFO o.a.j.l.DirectJDKLog [main] Starting Servlet engine: [Apache Tomcat/10.1.24]
2025-06-07 19:47:35,893 INFO o.a.j.l.DirectJDKLog [main] Initializing Spring embedded WebApplicationContext
2025-06-07 19:47:35,894 INFO o.s.b.w.s.c.ServletWebServerApplicationContext [main] Root WebApplicationContext: initialization completed in 4070 ms
2025-06-07 19:47:36,152 INFO c.z.h.HikariDataSource [main] HikariPool-1 - Starting...
2025-06-07 19:47:36,467 INFO c.z.h.p.HikariPool [main] HikariPool-1 - Added connection conn0: url=jdbc:h2:mem:testdb user=SA
2025-06-07 19:47:36,470 INFO c.z.h.HikariDataSource [main] HikariPool-1 - Start completed.
2025-06-07 19:47:36,486 INFO o.s.b.a.h.H2ConsoleAutoConfiguration [main] H2 console available at '/h2-console'. Database available at 'jdbc:h2:mem:testdb'
2025-06-07 19:47:36,814 INFO o.h.j.i.u.LogHelper [main] HHH000204: Processing PersistenceUnitInfo [name: default]
2025-06-07 19:47:36,925 INFO o.h.Version [main] HHH000412: Hibernate ORM core version 6.5.2.Final
2025-06-07 19:47:36,999 INFO o.h.c.i.RegionFactoryInitiator [main] HHH000026: Second-level cache disabled
2025-06-07 19:47:37,586 INFO o.s.o.j.p.SpringPersistenceUnitInfo [main] No LoadTimeWeaver setup: ignoring JPA class transformer
2025-06-07 19:47:37,666 WARN o.h.e.j.d.i.DialectFactoryImpl [main] HHH90000025: H2Dialect does not need to be specified explicitly using 'hibernate.dialect' (remove the property setting and it will be selected by default)
2025-06-07 19:47:40,062 INFO o.h.e.t.j.p.i.JtaPlatformInitiator [main] HHH000489: No JTA platform available (set 'hibernate.transaction.jta.platform' to enable JTA platform integration)
2025-06-07 19:47:40,104 DEBUG o.h.e.j.s.SqlStatementLogger [main] 
    drop table if exists "affectation" cascade 
2025-06-07 19:47:40,113 DEBUG o.h.e.j.s.SqlStatementLogger [main] 
    drop table if exists "annee_scolaire" cascade 
2025-06-07 19:47:40,114 DEBUG o.h.e.j.s.SqlStatementLogger [main] 
    drop table if exists "classes" cascade 
2025-06-07 19:47:40,115 DEBUG o.h.e.j.s.SqlStatementLogger [main] 
    drop table if exists "document" cascade 
2025-06-07 19:47:40,116 DEBUG o.h.e.j.s.SqlStatementLogger [main] 
    drop table if exists "eleve" cascade 
2025-06-07 19:47:40,117 DEBUG o.h.e.j.s.SqlStatementLogger [main] 
    drop table if exists "enseignant" cascade 
2025-06-07 19:47:40,117 DEBUG o.h.e.j.s.SqlStatementLogger [main] 
    drop table if exists "grade" cascade 
2025-06-07 19:47:40,118 DEBUG o.h.e.j.s.SqlStatementLogger [main] 
    drop table if exists "log_activite" cascade 
2025-06-07 19:47:40,119 DEBUG o.h.e.j.s.SqlStatementLogger [main] 
    drop table if exists "matiere" cascade 
2025-06-07 19:47:40,121 DEBUG o.h.e.j.s.SqlStatementLogger [main] 
    drop table if exists "note" cascade 
2025-06-07 19:47:40,121 DEBUG o.h.e.j.s.SqlStatementLogger [main] 
    drop table if exists "notifications" cascade 
2025-06-07 19:47:40,122 DEBUG o.h.e.j.s.SqlStatementLogger [main] 
    drop table if exists "paiements" cascade 
2025-06-07 19:47:40,123 DEBUG o.h.e.j.s.SqlStatementLogger [main] 
    drop table if exists "parents" cascade 
2025-06-07 19:47:40,124 DEBUG o.h.e.j.s.SqlStatementLogger [main] 
    drop table if exists "profil_utilisateur" cascade 
2025-06-07 19:47:40,124 DEBUG o.h.e.j.s.SqlStatementLogger [main] 
    drop table if exists "role" cascade 
2025-06-07 19:47:40,125 DEBUG o.h.e.j.s.SqlStatementLogger [main] 
    drop table if exists "sections" cascade 
2025-06-07 19:47:40,128 DEBUG o.h.e.j.s.SqlStatementLogger [main] 
    drop table if exists "sequence" cascade 
2025-06-07 19:47:40,129 DEBUG o.h.e.j.s.SqlStatementLogger [main] 
    drop table if exists "statut_annee" cascade 
2025-06-07 19:47:40,130 DEBUG o.h.e.j.s.SqlStatementLogger [main] 
    drop table if exists "student_progress_report" cascade 
2025-06-07 19:47:40,131 DEBUG o.h.e.j.s.SqlStatementLogger [main] 
    drop table if exists "students" cascade 
2025-06-07 19:47:40,132 DEBUG o.h.e.j.s.SqlStatementLogger [main] 
    drop table if exists "subject" cascade 
2025-06-07 19:47:40,134 DEBUG o.h.e.j.s.SqlStatementLogger [main] 
    drop table if exists "trimestre" cascade 
2025-06-07 19:47:40,135 DEBUG o.h.e.j.s.SqlStatementLogger [main] 
    drop table if exists "type_affectation" cascade 
2025-06-07 19:47:40,135 DEBUG o.h.e.j.s.SqlStatementLogger [main] 
    drop table if exists "utilisateur" cascade 
2025-06-07 19:47:40,145 DEBUG o.h.e.j.s.SqlStatementLogger [main] 
    create table "affectation" (
        "date_debut" date,
        "date_fin" date,
        "annee_scolaire_id" bigint not null,
        "classe_id" bigint not null,
        "created_at" timestamp(6),
        "enseignant_id" bigint not null,
        "id" bigint generated by default as identity,
        "matiere_id" bigint not null,
        "updated_at" timestamp(6),
        "type_code" varchar(20) not null,
        primary key ("id")
    )
2025-06-07 19:47:40,185 DEBUG o.h.e.j.s.SqlStatementLogger [main] 
    create table "annee_scolaire" (
        "date_debut" date not null,
        "date_fin" date not null,
        "created_at" timestamp(6),
        "id" bigint generated by default as identity,
        "updated_at" timestamp(6),
        "statut_code" varchar(20) not null,
        "libelle" varchar(50) not null,
        primary key ("id")
    )
2025-06-07 19:47:40,189 DEBUG o.h.e.j.s.SqlStatementLogger [main] 
    create table "classes" (
        "actif" boolean,
        "capacite" integer,
        "created_at" timestamp(6),
        "id" bigint generated by default as identity,
        "updated_at" timestamp(6),
        "annee_scolaire" varchar(9) not null,
        "niveau" varchar(50) not null,
        "nom" varchar(100) not null,
        "description" varchar(500),
        primary key ("id")
    )
2025-06-07 19:47:40,193 DEBUG o.h.e.j.s.SqlStatementLogger [main] 
    create table "document" (
        "date_ajout" timestamp(6),
        "eleve_id" bigint,
        "id" bigint generated by default as identity,
        "chemin_fichier" varchar(255) not null,
        "type_document" enum ('AUTRE','BULLETIN','RECU') not null,
        primary key ("id")
    )
2025-06-07 19:47:40,201 DEBUG o.h.e.j.s.SqlStatementLogger [main] 
    create table "eleve" (
        "actif" boolean,
        "date_naissance" date,
        "classe_id" bigint,
        "created_at" timestamp(6),
        "date_inscription" timestamp(6),
        "id" bigint generated by default as identity,
        "parent_id" bigint,
        "section_id" bigint,
        "updated_at" timestamp(6),
        "genre" varchar(20),
        "email" varchar(100) not null unique,
        "nom" varchar(100) not null,
        "prenom" varchar(100) not null,
        "adresse" varchar(200),
        primary key ("id")
    )
2025-06-07 19:47:40,209 DEBUG o.h.e.j.s.SqlStatementLogger [main] 
    create table "enseignant" (
        "actif" boolean,
        "created_at" timestamp(6),
        "date_embauche" timestamp(6),
        "id" bigint generated by default as identity,
        "section_id" bigint,
        "updated_at" timestamp(6),
        "telephone" varchar(20),
        "niveau" varchar(50),
        "email" varchar(100) not null unique,
        "nom" varchar(100) not null,
        "prenom" varchar(100) not null,
        "specialite" varchar(100),
        primary key ("id")
    )
2025-06-07 19:47:40,215 DEBUG o.h.e.j.s.SqlStatementLogger [main] 
    create table "grade" (
        "grade" float(53) not null,
        "created_at" timestamp(6),
        "id" bigint generated by default as identity,
        "student_id" bigint not null,
        "subject_id" bigint not null,
        "updated_at" timestamp(6),
        "period" varchar(20) not null,
        "comments" varchar(500),
        primary key ("id")
    )
2025-06-07 19:47:40,219 DEBUG o.h.e.j.s.SqlStatementLogger [main] 
    create table "log_activite" (
        "date_action" timestamp(6),
        "id" bigint generated by default as identity,
        "reference_id" bigint,
        "utilisateur_id" bigint not null,
        "ip_adresse" varchar(45),
        "table_cible" varchar(100),
        "action" varchar(255) not null,
        primary key ("id")
    )
2025-06-07 19:47:40,222 DEBUG o.h.e.j.s.SqlStatementLogger [main] 
    create table "matiere" (
        "coefficient" numeric(5,2) not null,
        "created_at" timestamp(6),
        "id" bigint generated by default as identity,
        "updated_at" timestamp(6),
        "nom" varchar(100) not null,
        primary key ("id")
    )
2025-06-07 19:47:40,225 DEBUG o.h.e.j.s.SqlStatementLogger [main] 
    create table "note" (
        "note" numeric(5,2) not null,
        "created_at" timestamp(6) not null,
        "eleve_id" bigint not null,
        "id" bigint generated by default as identity,
        "matiere_id" bigint not null,
        "sequence_id" bigint not null,
        "trimestre_id" bigint,
        "updated_at" timestamp(6),
        "commentaire" varchar(255),
        primary key ("id")
    )
2025-06-07 19:47:40,228 DEBUG o.h.e.j.s.SqlStatementLogger [main] 
    create table "notifications" (
        "read" boolean,
        "created_at" timestamp(6),
        "id" bigint generated by default as identity,
        "user_id" bigint,
        "message" varchar(255) not null,
        primary key ("id")
    )
2025-06-07 19:47:40,235 DEBUG o.h.e.j.s.SqlStatementLogger [main] 
    create table "paiements" (
        "date_paiement" date,
        "montant" numeric(38,2) not null,
        "eleve_id" bigint not null,
        "id" bigint generated by default as identity,
        "description" varchar(255),
        "type_paiement" varchar(255),
        primary key ("id")
    )
2025-06-07 19:47:40,264 DEBUG o.h.e.j.s.SqlStatementLogger [main] 
    create table "parents" (
        "id" bigint generated by default as identity,
        "adresse" varchar(255),
        "email" varchar(255) unique,
        "nom" varchar(255) not null,
        "prenom" varchar(255) not null,
        "profession" varchar(255),
        "telephone" varchar(255),
        primary key ("id")
    )
2025-06-07 19:47:40,268 DEBUG o.h.e.j.s.SqlStatementLogger [main] 
    create table "profil_utilisateur" (
        "created_at" timestamp(6),
        "id" bigint generated by default as identity,
        "reference_id" bigint not null,
        "updated_at" timestamp(6),
        "utilisateur_id" bigint not null,
        "type_personne" enum ('AGENT','ELEVE','ENSEIGNANT','PARENT') not null,
        primary key ("id")
    )
2025-06-07 19:47:40,280 DEBUG o.h.e.j.s.SqlStatementLogger [main] 
    create table "role" (
        "id" bigint generated by default as identity,
        "libelle" varchar(50) not null unique,
        primary key ("id")
    )
2025-06-07 19:47:40,283 DEBUG o.h.e.j.s.SqlStatementLogger [main] 
    create table "sections" (
        "id" bigint generated by default as identity,
        "description" varchar(255),
        "nom" varchar(255) not null,
        primary key ("id")
    )
2025-06-07 19:47:40,286 DEBUG o.h.e.j.s.SqlStatementLogger [main] 
    create table "sequence" (
        "numero" integer not null,
        "created_at" timestamp(6),
        "id" bigint generated by default as identity,
        "trimestre_id" bigint not null,
        "updated_at" timestamp(6),
        "libelle" varchar(50) not null,
        primary key ("id")
    )
2025-06-07 19:47:40,289 DEBUG o.h.e.j.s.SqlStatementLogger [main] 
    create table "statut_annee" (
        "code" varchar(20) not null,
        "libelle" varchar(100) not null,
        primary key ("code")
    )
2025-06-07 19:47:40,292 DEBUG o.h.e.j.s.SqlStatementLogger [main] 
    create table "student_progress_report" (
        "attendance_rate" float(53),
        "average_grade" float(53),
        "created_at" timestamp(6),
        "id" bigint generated by default as identity,
        "student_id" bigint not null,
        "updated_at" timestamp(6),
        "period" varchar(20) not null,
        "comments" varchar(1000),
        primary key ("id")
    )
2025-06-07 19:47:40,301 DEBUG o.h.e.j.s.SqlStatementLogger [main] 
    create table "students" (
        "actif" boolean,
        "date_naissance" date not null,
        "genre" varchar(1),
        "classe_id" bigint,
        "created_at" timestamp(6),
        "date_inscription" timestamp(6) not null,
        "id" bigint generated by default as identity,
        "section_id" bigint,
        "updated_at" timestamp(6),
        "telephone" varchar(20),
        "section_name" varchar(50),
        "email" varchar(100) not null unique,
        "nom" varchar(100) not null,
        "nom_classe" varchar(100),
        "nom_parent" varchar(100),
        "prenom" varchar(100) not null,
        "adresse" varchar(200),
        primary key ("id")
    )
2025-06-07 19:47:40,316 DEBUG o.h.e.j.s.SqlStatementLogger [main] 
    create table "subject" (
        "actif" boolean,
        "coefficient" integer,
        "created_at" timestamp(6),
        "id" bigint generated by default as identity,
        "updated_at" timestamp(6),
        "code" varchar(20) not null unique,
        "nom" varchar(100) not null,
        "description" varchar(500),
        primary key ("id")
    )
2025-06-07 19:47:40,319 DEBUG o.h.e.j.s.SqlStatementLogger [main] 
    create table "trimestre" (
        "numero" integer not null,
        "annee_scolaire_id" bigint not null,
        "created_at" timestamp(6),
        "id" bigint generated by default as identity,
        "updated_at" timestamp(6),
        "libelle" varchar(50) not null,
        primary key ("id")
    )
2025-06-07 19:47:40,321 DEBUG o.h.e.j.s.SqlStatementLogger [main] 
    create table "type_affectation" (
        "code" varchar(20) not null,
        "libelle" varchar(100) not null,
        primary key ("code")
    )
2025-06-07 19:47:40,324 DEBUG o.h.e.j.s.SqlStatementLogger [main] 
    create table "utilisateur" (
        "actif" boolean,
        "created_at" timestamp(6),
        "id" bigint generated by default as identity,
        "last_login" timestamp(6),
        "role_id" bigint not null,
        "updated_at" timestamp(6),
        "email" varchar(100) not null unique,
        "nom" varchar(100) not null,
        "mot_de_passe" varchar(255) not null,
        "reset_token" varchar(255),
        "type_personne" enum ('ADMIN','AGENT','ELEVE','ENSEIGNANT','PARENT') not null,
        primary key ("id")
    )
2025-06-07 19:47:40,327 DEBUG o.h.e.j.s.SqlStatementLogger [main] 
    alter table if exists "affectation" 
       add constraint "FK9eu96qf7kye9sf1pmecfd0yfm" 
       foreign key ("annee_scolaire_id") 
       references "annee_scolaire"
2025-06-07 19:47:40,365 DEBUG o.h.e.j.s.SqlStatementLogger [main] 
    alter table if exists "affectation" 
       add constraint "FKpe0bo22qt45crdtir2olejjyg" 
       foreign key ("classe_id") 
       references "classes"
2025-06-07 19:47:40,368 DEBUG o.h.e.j.s.SqlStatementLogger [main] 
    alter table if exists "affectation" 
       add constraint "FK3av7c7bm789r6knql1ykv0iuh" 
       foreign key ("enseignant_id") 
       references "enseignant"
2025-06-07 19:47:40,372 DEBUG o.h.e.j.s.SqlStatementLogger [main] 
    alter table if exists "affectation" 
       add constraint "FKbd6pqb4xm1b2f6dsjng6t9vy1" 
       foreign key ("matiere_id") 
       references "matiere"
2025-06-07 19:47:40,377 DEBUG o.h.e.j.s.SqlStatementLogger [main] 
    alter table if exists "document" 
       add constraint "FK4uxipd5g6ulta9p7gt3992osv" 
       foreign key ("eleve_id") 
       references "eleve"
2025-06-07 19:47:40,382 DEBUG o.h.e.j.s.SqlStatementLogger [main] 
    alter table if exists "eleve" 
       add constraint "FKak1ytyiywaoq3w1wjuwpdu81p" 
       foreign key ("classe_id") 
       references "classes"
2025-06-07 19:47:40,384 DEBUG o.h.e.j.s.SqlStatementLogger [main] 
    alter table if exists "eleve" 
       add constraint "FK31spnejrvma8oawmo11nku169" 
       foreign key ("parent_id") 
       references "parents"
2025-06-07 19:47:40,387 DEBUG o.h.e.j.s.SqlStatementLogger [main] 
    alter table if exists "eleve" 
       add constraint "FKfpstf9bai3b6n4qu9wsx077ja" 
       foreign key ("section_id") 
       references "sections"
2025-06-07 19:47:40,393 DEBUG o.h.e.j.s.SqlStatementLogger [main] 
    alter table if exists "enseignant" 
       add constraint "FKh4do9onk9pwd1p5hpdl2jlvsw" 
       foreign key ("section_id") 
       references "sections"
2025-06-07 19:47:40,397 DEBUG o.h.e.j.s.SqlStatementLogger [main] 
    alter table if exists "grade" 
       add constraint "FKipf4njw2w6vostd6y4ti401mm" 
       foreign key ("student_id") 
       references "utilisateur"
2025-06-07 19:47:40,400 DEBUG o.h.e.j.s.SqlStatementLogger [main] 
    alter table if exists "grade" 
       add constraint "FKga475phybm7f4xh2qgjlm4tef" 
       foreign key ("subject_id") 
       references "subject"
2025-06-07 19:47:40,404 DEBUG o.h.e.j.s.SqlStatementLogger [main] 
    alter table if exists "log_activite" 
       add constraint "FKrfsnh1x7lprexosg0odve3edk" 
       foreign key ("utilisateur_id") 
       references "utilisateur"
2025-06-07 19:47:40,406 DEBUG o.h.e.j.s.SqlStatementLogger [main] 
    alter table if exists "note" 
       add constraint "FKckjcf0lcp26yn81tkbiyyvpxs" 
       foreign key ("eleve_id") 
       references "eleve"
2025-06-07 19:47:40,411 DEBUG o.h.e.j.s.SqlStatementLogger [main] 
    alter table if exists "note" 
       add constraint "FKce6fgrwojbdjuyfobkryhsubc" 
       foreign key ("matiere_id") 
       references "matiere"
2025-06-07 19:47:40,415 DEBUG o.h.e.j.s.SqlStatementLogger [main] 
    alter table if exists "note" 
       add constraint "FKnx3h3lbhngn4he4lrc8ylhrxh" 
       foreign key ("sequence_id") 
       references "sequence"
2025-06-07 19:47:40,417 DEBUG o.h.e.j.s.SqlStatementLogger [main] 
    alter table if exists "note" 
       add constraint "FKsq8sa1xg25htraxpx0ylx3lgk" 
       foreign key ("trimestre_id") 
       references "trimestre"
2025-06-07 19:47:40,421 DEBUG o.h.e.j.s.SqlStatementLogger [main] 
    alter table if exists "paiements" 
       add constraint "FKafefes0eqpleg9i7g6mvt6xhh" 
       foreign key ("eleve_id") 
       references "eleve"
2025-06-07 19:47:40,428 DEBUG o.h.e.j.s.SqlStatementLogger [main] 
    alter table if exists "profil_utilisateur" 
       add constraint "FK177de5xq3y87tjxuwctokx341" 
       foreign key ("utilisateur_id") 
       references "utilisateur"
2025-06-07 19:47:40,431 DEBUG o.h.e.j.s.SqlStatementLogger [main] 
    alter table if exists "sequence" 
       add constraint "FKclybiy2bjbpf0ejgg6rq51ynf" 
       foreign key ("trimestre_id") 
       references "trimestre"
2025-06-07 19:47:40,436 DEBUG o.h.e.j.s.SqlStatementLogger [main] 
    alter table if exists "student_progress_report" 
       add constraint "FK1u5j5o832a13lgcq3foy1g3rr" 
       foreign key ("student_id") 
       references "utilisateur"
2025-06-07 19:47:40,449 DEBUG o.h.e.j.s.SqlStatementLogger [main] 
    alter table if exists "students" 
       add constraint "FKtb9nirq953dcf0onxisl98ni1" 
       foreign key ("classe_id") 
       references "classes"
2025-06-07 19:47:40,451 DEBUG o.h.e.j.s.SqlStatementLogger [main] 
    alter table if exists "students" 
       add constraint "FKgkvw6901117nqyb8tyx3gmpk5" 
       foreign key ("section_id") 
       references "sections"
2025-06-07 19:47:40,453 DEBUG o.h.e.j.s.SqlStatementLogger [main] 
    alter table if exists "trimestre" 
       add constraint "FKql50yxg7ydwdp4uom1mltlbkr" 
       foreign key ("annee_scolaire_id") 
       references "annee_scolaire"
2025-06-07 19:47:40,455 DEBUG o.h.e.j.s.SqlStatementLogger [main] 
    alter table if exists "utilisateur" 
       add constraint "FKmjx8u4qqtx1pp4g0tpmuf3yb9" 
       foreign key ("role_id") 
       references "role"
2025-06-07 19:47:40,464 INFO o.s.o.j.AbstractEntityManagerFactoryBean [main] Initialized JPA EntityManagerFactory for persistence unit 'default'
2025-06-07 19:47:41,291 WARN o.s.c.s.AbstractApplicationContext [main] Exception encountered during context initialization - cancelling refresh attempt: org.springframework.beans.factory.UnsatisfiedDependencyException: Error creating bean with name 'gradeController' defined in file [C:\Users\GLOBAL STORE\Documents\Primary-School\backend\build\classes\java\main\com\school\management\controller\GradeController.class]: Unsatisfied dependency expressed through constructor parameter 0: Error creating bean with name 'gradeService' defined in file [C:\Users\GLOBAL STORE\Documents\Primary-School\backend\build\classes\java\main\com\school\management\service\GradeService.class]: Unsatisfied dependency expressed through constructor parameter 0: Error creating bean with name 'noteRepository' defined in com.school.management.repository.NoteRepository defined in @EnableJpaRepositories declared on JpaRepositoriesRegistrar.EnableJpaRepositoriesConfiguration: Could not create query for public abstract org.springframework.data.domain.Page com.school.management.repository.NoteRepository.findByEleveIdAndPeriod(java.lang.Long,java.lang.String,org.springframework.data.domain.Pageable); Reason: Failed to create query for method public abstract org.springframework.data.domain.Page com.school.management.repository.NoteRepository.findByEleveIdAndPeriod(java.lang.Long,java.lang.String,org.springframework.data.domain.Pageable); No property 'period' found for type 'Note'
2025-06-07 19:47:41,291 INFO o.s.o.j.AbstractEntityManagerFactoryBean [main] Closing JPA EntityManagerFactory for persistence unit 'default'
2025-06-07 19:47:41,292 DEBUG o.h.e.j.s.SqlStatementLogger [main] 
    drop table if exists "affectation" cascade 
2025-06-07 19:47:41,297 DEBUG o.h.e.j.s.SqlStatementLogger [main] 
    drop table if exists "annee_scolaire" cascade 
2025-06-07 19:47:41,298 DEBUG o.h.e.j.s.SqlStatementLogger [main] 
    drop table if exists "classes" cascade 
2025-06-07 19:47:41,300 DEBUG o.h.e.j.s.SqlStatementLogger [main] 
    drop table if exists "document" cascade 
2025-06-07 19:47:41,302 DEBUG o.h.e.j.s.SqlStatementLogger [main] 
    drop table if exists "eleve" cascade 
2025-06-07 19:47:41,303 DEBUG o.h.e.j.s.SqlStatementLogger [main] 
    drop table if exists "enseignant" cascade 
2025-06-07 19:47:41,304 DEBUG o.h.e.j.s.SqlStatementLogger [main] 
    drop table if exists "grade" cascade 
2025-06-07 19:47:41,305 DEBUG o.h.e.j.s.SqlStatementLogger [main] 
    drop table if exists "log_activite" cascade 
2025-06-07 19:47:41,307 DEBUG o.h.e.j.s.SqlStatementLogger [main] 
    drop table if exists "matiere" cascade 
2025-06-07 19:47:41,308 DEBUG o.h.e.j.s.SqlStatementLogger [main] 
    drop table if exists "note" cascade 
2025-06-07 19:47:41,308 DEBUG o.h.e.j.s.SqlStatementLogger [main] 
    drop table if exists "notifications" cascade 
2025-06-07 19:47:41,309 DEBUG o.h.e.j.s.SqlStatementLogger [main] 
    drop table if exists "paiements" cascade 
2025-06-07 19:47:41,310 DEBUG o.h.e.j.s.SqlStatementLogger [main] 
    drop table if exists "parents" cascade 
2025-06-07 19:47:41,312 DEBUG o.h.e.j.s.SqlStatementLogger [main] 
    drop table if exists "profil_utilisateur" cascade 
2025-06-07 19:47:41,313 DEBUG o.h.e.j.s.SqlStatementLogger [main] 
    drop table if exists "role" cascade 
2025-06-07 19:47:41,315 DEBUG o.h.e.j.s.SqlStatementLogger [main] 
    drop table if exists "sections" cascade 
2025-06-07 19:47:41,316 DEBUG o.h.e.j.s.SqlStatementLogger [main] 
    drop table if exists "sequence" cascade 
2025-06-07 19:47:41,317 DEBUG o.h.e.j.s.SqlStatementLogger [main] 
    drop table if exists "statut_annee" cascade 
2025-06-07 19:47:41,317 DEBUG o.h.e.j.s.SqlStatementLogger [main] 
    drop table if exists "student_progress_report" cascade 
2025-06-07 19:47:41,318 DEBUG o.h.e.j.s.SqlStatementLogger [main] 
    drop table if exists "students" cascade 
2025-06-07 19:47:41,319 DEBUG o.h.e.j.s.SqlStatementLogger [main] 
    drop table if exists "subject" cascade 
2025-06-07 19:47:41,320 DEBUG o.h.e.j.s.SqlStatementLogger [main] 
    drop table if exists "trimestre" cascade 
2025-06-07 19:47:41,320 DEBUG o.h.e.j.s.SqlStatementLogger [main] 
    drop table if exists "type_affectation" cascade 
2025-06-07 19:47:41,321 DEBUG o.h.e.j.s.SqlStatementLogger [main] 
    drop table if exists "utilisateur" cascade 
2025-06-07 19:47:41,324 INFO c.z.h.HikariDataSource [main] HikariPool-1 - Shutdown initiated...
2025-06-07 19:47:41,326 INFO c.z.h.HikariDataSource [main] HikariPool-1 - Shutdown completed.
2025-06-07 19:47:41,328 INFO o.a.j.l.DirectJDKLog [main] Stopping service [Tomcat]
2025-06-07 19:47:41,353 INFO o.s.b.a.l.ConditionEvaluationReportLogger [main] 

Error starting ApplicationContext. To display the condition evaluation report re-run your application with 'debug' enabled.
2025-06-07 19:47:41,382 ERROR o.s.b.SpringApplication [main] Application run failed
org.springframework.beans.factory.UnsatisfiedDependencyException: Error creating bean with name 'gradeController' defined in file [C:\Users\GLOBAL STORE\Documents\Primary-School\backend\build\classes\java\main\com\school\management\controller\GradeController.class]: Unsatisfied dependency expressed through constructor parameter 0: Error creating bean with name 'gradeService' defined in file [C:\Users\GLOBAL STORE\Documents\Primary-School\backend\build\classes\java\main\com\school\management\service\GradeService.class]: Unsatisfied dependency expressed through constructor parameter 0: Error creating bean with name 'noteRepository' defined in com.school.management.repository.NoteRepository defined in @EnableJpaRepositories declared on JpaRepositoriesRegistrar.EnableJpaRepositoriesConfiguration: Could not create query for public abstract org.springframework.data.domain.Page com.school.management.repository.NoteRepository.findByEleveIdAndPeriod(java.lang.Long,java.lang.String,org.springframework.data.domain.Pageable); Reason: Failed to create query for method public abstract org.springframework.data.domain.Page com.school.management.repository.NoteRepository.findByEleveIdAndPeriod(java.lang.Long,java.lang.String,org.springframework.data.domain.Pageable); No property 'period' found for type 'Note'
	at org.springframework.beans.factory.support.ConstructorResolver.createArgumentArray(ConstructorResolver.java:795)
	at org.springframework.beans.factory.support.ConstructorResolver.autowireConstructor(ConstructorResolver.java:237)
	at org.springframework.beans.factory.support.AbstractAutowireCapableBeanFactory.autowireConstructor(AbstractAutowireCapableBeanFactory.java:1357)
	at org.springframework.beans.factory.support.AbstractAutowireCapableBeanFactory.createBeanInstance(AbstractAutowireCapableBeanFactory.java:1194)
	at org.springframework.beans.factory.support.AbstractAutowireCapableBeanFactory.doCreateBean(AbstractAutowireCapableBeanFactory.java:562)
	at org.springframework.beans.factory.support.AbstractAutowireCapableBeanFactory.createBean(AbstractAutowireCapableBeanFactory.java:522)
	at org.springframework.beans.factory.support.AbstractBeanFactory.lambda$doGetBean$0(AbstractBeanFactory.java:337)
	at org.springframework.beans.factory.support.DefaultSingletonBeanRegistry.getSingleton(DefaultSingletonBeanRegistry.java:234)
	at org.springframework.beans.factory.support.AbstractBeanFactory.doGetBean(AbstractBeanFactory.java:335)
	at org.springframework.beans.factory.support.AbstractBeanFactory.getBean(AbstractBeanFactory.java:200)
	at org.springframework.beans.factory.support.DefaultListableBeanFactory.preInstantiateSingletons(DefaultListableBeanFactory.java:975)
	at org.springframework.context.support.AbstractApplicationContext.finishBeanFactoryInitialization(AbstractApplicationContext.java:962)
	at org.springframework.context.support.AbstractApplicationContext.refresh(AbstractApplicationContext.java:624)
	at org.springframework.boot.web.servlet.context.ServletWebServerApplicationContext.refresh(ServletWebServerApplicationContext.java:146)
	at org.springframework.boot.SpringApplication.refresh(SpringApplication.java:754)
	at org.springframework.boot.SpringApplication.refreshContext(SpringApplication.java:456)
	at org.springframework.boot.SpringApplication.run(SpringApplication.java:335)
	at org.springframework.boot.SpringApplication.run(SpringApplication.java:1363)
	at org.springframework.boot.SpringApplication.run(SpringApplication.java:1352)
	at com.school.management.SchoolManagementApplication.main(SchoolManagementApplication.java:11)
Caused by: org.springframework.beans.factory.UnsatisfiedDependencyException: Error creating bean with name 'gradeService' defined in file [C:\Users\GLOBAL STORE\Documents\Primary-School\backend\build\classes\java\main\com\school\management\service\GradeService.class]: Unsatisfied dependency expressed through constructor parameter 0: Error creating bean with name 'noteRepository' defined in com.school.management.repository.NoteRepository defined in @EnableJpaRepositories declared on JpaRepositoriesRegistrar.EnableJpaRepositoriesConfiguration: Could not create query for public abstract org.springframework.data.domain.Page com.school.management.repository.NoteRepository.findByEleveIdAndPeriod(java.lang.Long,java.lang.String,org.springframework.data.domain.Pageable); Reason: Failed to create query for method public abstract org.springframework.data.domain.Page com.school.management.repository.NoteRepository.findByEleveIdAndPeriod(java.lang.Long,java.lang.String,org.springframework.data.domain.Pageable); No property 'period' found for type 'Note'
	at org.springframework.beans.factory.support.ConstructorResolver.createArgumentArray(ConstructorResolver.java:795)
	at org.springframework.beans.factory.support.ConstructorResolver.autowireConstructor(ConstructorResolver.java:237)
	at org.springframework.beans.factory.support.AbstractAutowireCapableBeanFactory.autowireConstructor(AbstractAutowireCapableBeanFactory.java:1357)
	at org.springframework.beans.factory.support.AbstractAutowireCapableBeanFactory.createBeanInstance(AbstractAutowireCapableBeanFactory.java:1194)
	at org.springframework.beans.factory.support.AbstractAutowireCapableBeanFactory.doCreateBean(AbstractAutowireCapableBeanFactory.java:562)
	at org.springframework.beans.factory.support.AbstractAutowireCapableBeanFactory.createBean(AbstractAutowireCapableBeanFactory.java:522)
	at org.springframework.beans.factory.support.AbstractBeanFactory.lambda$doGetBean$0(AbstractBeanFactory.java:337)
	at org.springframework.beans.factory.support.DefaultSingletonBeanRegistry.getSingleton(DefaultSingletonBeanRegistry.java:234)
	at org.springframework.beans.factory.support.AbstractBeanFactory.doGetBean(AbstractBeanFactory.java:335)
	at org.springframework.beans.factory.support.AbstractBeanFactory.getBean(AbstractBeanFactory.java:200)
	at org.springframework.beans.factory.config.DependencyDescriptor.resolveCandidate(DependencyDescriptor.java:254)
	at org.springframework.beans.factory.support.DefaultListableBeanFactory.doResolveDependency(DefaultListableBeanFactory.java:1443)
	at org.springframework.beans.factory.support.DefaultListableBeanFactory.resolveDependency(DefaultListableBeanFactory.java:1353)
	at org.springframework.beans.factory.support.ConstructorResolver.resolveAutowiredArgument(ConstructorResolver.java:904)
	at org.springframework.beans.factory.support.ConstructorResolver.createArgumentArray(ConstructorResolver.java:782)
	... 19 common frames omitted
Caused by: org.springframework.beans.factory.BeanCreationException: Error creating bean with name 'noteRepository' defined in com.school.management.repository.NoteRepository defined in @EnableJpaRepositories declared on JpaRepositoriesRegistrar.EnableJpaRepositoriesConfiguration: Could not create query for public abstract org.springframework.data.domain.Page com.school.management.repository.NoteRepository.findByEleveIdAndPeriod(java.lang.Long,java.lang.String,org.springframework.data.domain.Pageable); Reason: Failed to create query for method public abstract org.springframework.data.domain.Page com.school.management.repository.NoteRepository.findByEleveIdAndPeriod(java.lang.Long,java.lang.String,org.springframework.data.domain.Pageable); No property 'period' found for type 'Note'
	at org.springframework.beans.factory.support.AbstractAutowireCapableBeanFactory.initializeBean(AbstractAutowireCapableBeanFactory.java:1788)
	at org.springframework.beans.factory.support.AbstractAutowireCapableBeanFactory.doCreateBean(AbstractAutowireCapableBeanFactory.java:600)
	at org.springframework.beans.factory.support.AbstractAutowireCapableBeanFactory.createBean(AbstractAutowireCapableBeanFactory.java:522)
	at org.springframework.beans.factory.support.AbstractBeanFactory.lambda$doGetBean$0(AbstractBeanFactory.java:337)
	at org.springframework.beans.factory.support.DefaultSingletonBeanRegistry.getSingleton(DefaultSingletonBeanRegistry.java:234)
	at org.springframework.beans.factory.support.AbstractBeanFactory.doGetBean(AbstractBeanFactory.java:335)
	at org.springframework.beans.factory.support.AbstractBeanFactory.getBean(AbstractBeanFactory.java:200)
	at org.springframework.beans.factory.config.DependencyDescriptor.resolveCandidate(DependencyDescriptor.java:254)
	at org.springframework.beans.factory.support.DefaultListableBeanFactory.doResolveDependency(DefaultListableBeanFactory.java:1443)
	at org.springframework.beans.factory.support.DefaultListableBeanFactory.resolveDependency(DefaultListableBeanFactory.java:1353)
	at org.springframework.beans.factory.support.ConstructorResolver.resolveAutowiredArgument(ConstructorResolver.java:904)
	at org.springframework.beans.factory.support.ConstructorResolver.createArgumentArray(ConstructorResolver.java:782)
	... 33 common frames omitted
Caused by: org.springframework.data.repository.query.QueryCreationException: Could not create query for public abstract org.springframework.data.domain.Page com.school.management.repository.NoteRepository.findByEleveIdAndPeriod(java.lang.Long,java.lang.String,org.springframework.data.domain.Pageable); Reason: Failed to create query for method public abstract org.springframework.data.domain.Page com.school.management.repository.NoteRepository.findByEleveIdAndPeriod(java.lang.Long,java.lang.String,org.springframework.data.domain.Pageable); No property 'period' found for type 'Note'
	at org.springframework.data.repository.query.QueryCreationException.create(QueryCreationException.java:101)
	at org.springframework.data.repository.core.support.QueryExecutorMethodInterceptor.lookupQuery(QueryExecutorMethodInterceptor.java:115)
	at org.springframework.data.repository.core.support.QueryExecutorMethodInterceptor.mapMethodsToQuery(QueryExecutorMethodInterceptor.java:99)
	at org.springframework.data.repository.core.support.QueryExecutorMethodInterceptor.lambda$new$0(QueryExecutorMethodInterceptor.java:88)
	at java.base/java.util.Optional.map(Optional.java:260)
	at org.springframework.data.repository.core.support.QueryExecutorMethodInterceptor.<init>(QueryExecutorMethodInterceptor.java:88)
	at org.springframework.data.repository.core.support.RepositoryFactorySupport.getRepository(RepositoryFactorySupport.java:357)
	at org.springframework.data.repository.core.support.RepositoryFactoryBeanSupport.lambda$afterPropertiesSet$5(RepositoryFactoryBeanSupport.java:286)
	at org.springframework.data.util.Lazy.getNullable(Lazy.java:135)
	at org.springframework.data.util.Lazy.get(Lazy.java:113)
	at org.springframework.data.repository.core.support.RepositoryFactoryBeanSupport.afterPropertiesSet(RepositoryFactoryBeanSupport.java:292)
	at org.springframework.data.jpa.repository.support.JpaRepositoryFactoryBean.afterPropertiesSet(JpaRepositoryFactoryBean.java:132)
	at org.springframework.beans.factory.support.AbstractAutowireCapableBeanFactory.invokeInitMethods(AbstractAutowireCapableBeanFactory.java:1835)
	at org.springframework.beans.factory.support.AbstractAutowireCapableBeanFactory.initializeBean(AbstractAutowireCapableBeanFactory.java:1784)
	... 44 common frames omitted
Caused by: java.lang.IllegalArgumentException: Failed to create query for method public abstract org.springframework.data.domain.Page com.school.management.repository.NoteRepository.findByEleveIdAndPeriod(java.lang.Long,java.lang.String,org.springframework.data.domain.Pageable); No property 'period' found for type 'Note'
	at org.springframework.data.jpa.repository.query.PartTreeJpaQuery.<init>(PartTreeJpaQuery.java:106)
	at org.springframework.data.jpa.repository.query.JpaQueryLookupStrategy$CreateQueryLookupStrategy.resolveQuery(JpaQueryLookupStrategy.java:124)
	at org.springframework.data.jpa.repository.query.JpaQueryLookupStrategy$CreateIfNotFoundQueryLookupStrategy.resolveQuery(JpaQueryLookupStrategy.java:258)
	at org.springframework.data.jpa.repository.query.JpaQueryLookupStrategy$AbstractQueryLookupStrategy.resolveQuery(JpaQueryLookupStrategy.java:95)
	at org.springframework.data.repository.core.support.QueryExecutorMethodInterceptor.lookupQuery(QueryExecutorMethodInterceptor.java:111)
	... 56 common frames omitted
Caused by: org.springframework.data.mapping.PropertyReferenceException: No property 'period' found for type 'Note'
	at org.springframework.data.mapping.PropertyPath.<init>(PropertyPath.java:94)
	at org.springframework.data.mapping.PropertyPath.create(PropertyPath.java:455)
	at org.springframework.data.mapping.PropertyPath.create(PropertyPath.java:431)
	at org.springframework.data.mapping.PropertyPath.lambda$from$0(PropertyPath.java:384)
	at java.base/java.util.concurrent.ConcurrentMap.computeIfAbsent(ConcurrentMap.java:330)
	at org.springframework.data.mapping.PropertyPath.from(PropertyPath.java:366)
	at org.springframework.data.mapping.PropertyPath.from(PropertyPath.java:344)
	at org.springframework.data.repository.query.parser.Part.<init>(Part.java:81)
	at org.springframework.data.repository.query.parser.PartTree$OrPart.lambda$new$0(PartTree.java:259)
	at java.base/java.util.stream.ReferencePipeline$3$1.accept(ReferencePipeline.java:197)
	at java.base/java.util.stream.ReferencePipeline$2$1.accept(ReferencePipeline.java:179)
	at java.base/java.util.Spliterators$ArraySpliterator.forEachRemaining(Spliterators.java:1024)
	at java.base/java.util.stream.AbstractPipeline.copyInto(AbstractPipeline.java:509)
	at java.base/java.util.stream.AbstractPipeline.wrapAndCopyInto(AbstractPipeline.java:499)
	at java.base/java.util.stream.ReduceOps$ReduceOp.evaluateSequential(ReduceOps.java:921)
	at java.base/java.util.stream.AbstractPipeline.evaluate(AbstractPipeline.java:234)
	at java.base/java.util.stream.ReferencePipeline.collect(ReferencePipeline.java:682)
	at org.springframework.data.repository.query.parser.PartTree$OrPart.<init>(PartTree.java:260)
	at org.springframework.data.repository.query.parser.PartTree$Predicate.lambda$new$0(PartTree.java:389)
	at java.base/java.util.stream.ReferencePipeline$3$1.accept(ReferencePipeline.java:197)
	at java.base/java.util.stream.ReferencePipeline$2$1.accept(ReferencePipeline.java:179)
	at java.base/java.util.Spliterators$ArraySpliterator.forEachRemaining(Spliterators.java:1024)
	at java.base/java.util.stream.AbstractPipeline.copyInto(AbstractPipeline.java:509)
	at java.base/java.util.stream.AbstractPipeline.wrapAndCopyInto(AbstractPipeline.java:499)
	at java.base/java.util.stream.ReduceOps$ReduceOp.evaluateSequential(ReduceOps.java:921)
	at java.base/java.util.stream.AbstractPipeline.evaluate(AbstractPipeline.java:234)
	at java.base/java.util.stream.ReferencePipeline.collect(ReferencePipeline.java:682)
	at org.springframework.data.repository.query.parser.PartTree$Predicate.<init>(PartTree.java:390)
	at org.springframework.data.repository.query.parser.PartTree.<init>(PartTree.java:103)
	at org.springframework.data.jpa.repository.query.PartTreeJpaQuery.<init>(PartTreeJpaQuery.java:100)
	... 60 common frames omitted
2025-06-07 19:48:57,966 INFO o.h.v.i.u.Version [background-preinit] HV000001: Hibernate Validator 8.0.1.Final
2025-06-07 19:48:58,069 INFO o.s.b.StartupInfoLogger [main] Starting SchoolManagementApplication using Java 21.0.6 with PID 22648 (C:\Users\GLOBAL STORE\Documents\Primary-School\backend\build\classes\java\main started by GLOBAL STORE in C:\Users\GLOBAL STORE\Documents\Primary-School\backend)
2025-06-07 19:48:58,070 DEBUG o.s.b.StartupInfoLogger [main] Running with Spring Boot v3.3.0, Spring v6.1.8
2025-06-07 19:48:58,071 INFO o.s.b.SpringApplication [main] No active profile set, falling back to 1 default profile: "default"
2025-06-07 19:49:00,130 INFO o.s.d.r.c.RepositoryConfigurationDelegate [main] Multiple Spring Data modules found, entering strict repository configuration mode
2025-06-07 19:49:00,134 INFO o.s.d.r.c.RepositoryConfigurationDelegate [main] Bootstrapping Spring Data JPA repositories in DEFAULT mode.
2025-06-07 19:49:00,531 INFO o.s.d.r.c.RepositoryConfigurationDelegate [main] Finished Spring Data repository scanning in 384 ms. Found 22 JPA repository interfaces.
2025-06-07 19:49:00,555 INFO o.s.d.r.c.RepositoryConfigurationDelegate [main] Multiple Spring Data modules found, entering strict repository configuration mode
2025-06-07 19:49:00,557 INFO o.s.d.r.c.RepositoryConfigurationDelegate [main] Bootstrapping Spring Data Redis repositories in DEFAULT mode.
2025-06-07 19:49:00,585 INFO o.s.d.r.c.RepositoryConfigurationExtensionSupport [main] Spring Data Redis - Could not safely identify store assignment for repository candidate interface com.school.management.repository.AffectationRepository; If you want this repository to be a Redis repository, consider annotating your entities with one of these annotations: org.springframework.data.redis.core.RedisHash (preferred), or consider extending one of the following types with your repository: org.springframework.data.keyvalue.repository.KeyValueRepository
2025-06-07 19:49:00,585 INFO o.s.d.r.c.RepositoryConfigurationExtensionSupport [main] Spring Data Redis - Could not safely identify store assignment for repository candidate interface com.school.management.repository.AnneeScolaireRepository; If you want this repository to be a Redis repository, consider annotating your entities with one of these annotations: org.springframework.data.redis.core.RedisHash (preferred), or consider extending one of the following types with your repository: org.springframework.data.keyvalue.repository.KeyValueRepository
2025-06-07 19:49:00,586 INFO o.s.d.r.c.RepositoryConfigurationExtensionSupport [main] Spring Data Redis - Could not safely identify store assignment for repository candidate interface com.school.management.repository.ClasseRepository; If you want this repository to be a Redis repository, consider annotating your entities with one of these annotations: org.springframework.data.redis.core.RedisHash (preferred), or consider extending one of the following types with your repository: org.springframework.data.keyvalue.repository.KeyValueRepository
2025-06-07 19:49:00,586 INFO o.s.d.r.c.RepositoryConfigurationExtensionSupport [main] Spring Data Redis - Could not safely identify store assignment for repository candidate interface com.school.management.repository.ClassRepository; If you want this repository to be a Redis repository, consider annotating your entities with one of these annotations: org.springframework.data.redis.core.RedisHash (preferred), or consider extending one of the following types with your repository: org.springframework.data.keyvalue.repository.KeyValueRepository
2025-06-07 19:49:00,586 INFO o.s.d.r.c.RepositoryConfigurationExtensionSupport [main] Spring Data Redis - Could not safely identify store assignment for repository candidate interface com.school.management.repository.DocumentRepository; If you want this repository to be a Redis repository, consider annotating your entities with one of these annotations: org.springframework.data.redis.core.RedisHash (preferred), or consider extending one of the following types with your repository: org.springframework.data.keyvalue.repository.KeyValueRepository
2025-06-07 19:49:00,587 INFO o.s.d.r.c.RepositoryConfigurationExtensionSupport [main] Spring Data Redis - Could not safely identify store assignment for repository candidate interface com.school.management.repository.EleveRepository; If you want this repository to be a Redis repository, consider annotating your entities with one of these annotations: org.springframework.data.redis.core.RedisHash (preferred), or consider extending one of the following types with your repository: org.springframework.data.keyvalue.repository.KeyValueRepository
2025-06-07 19:49:00,587 INFO o.s.d.r.c.RepositoryConfigurationExtensionSupport [main] Spring Data Redis - Could not safely identify store assignment for repository candidate interface com.school.management.repository.EnseignantRepository; If you want this repository to be a Redis repository, consider annotating your entities with one of these annotations: org.springframework.data.redis.core.RedisHash (preferred), or consider extending one of the following types with your repository: org.springframework.data.keyvalue.repository.KeyValueRepository
2025-06-07 19:49:00,587 INFO o.s.d.r.c.RepositoryConfigurationExtensionSupport [main] Spring Data Redis - Could not safely identify store assignment for repository candidate interface com.school.management.repository.GradeRepository; If you want this repository to be a Redis repository, consider annotating your entities with one of these annotations: org.springframework.data.redis.core.RedisHash (preferred), or consider extending one of the following types with your repository: org.springframework.data.keyvalue.repository.KeyValueRepository
2025-06-07 19:49:00,588 INFO o.s.d.r.c.RepositoryConfigurationExtensionSupport [main] Spring Data Redis - Could not safely identify store assignment for repository candidate interface com.school.management.repository.LogActiviteRepository; If you want this repository to be a Redis repository, consider annotating your entities with one of these annotations: org.springframework.data.redis.core.RedisHash (preferred), or consider extending one of the following types with your repository: org.springframework.data.keyvalue.repository.KeyValueRepository
2025-06-07 19:49:00,588 INFO o.s.d.r.c.RepositoryConfigurationExtensionSupport [main] Spring Data Redis - Could not safely identify store assignment for repository candidate interface com.school.management.repository.MatiereRepository; If you want this repository to be a Redis repository, consider annotating your entities with one of these annotations: org.springframework.data.redis.core.RedisHash (preferred), or consider extending one of the following types with your repository: org.springframework.data.keyvalue.repository.KeyValueRepository
2025-06-07 19:49:00,589 INFO o.s.d.r.c.RepositoryConfigurationExtensionSupport [main] Spring Data Redis - Could not safely identify store assignment for repository candidate interface com.school.management.repository.NoteRepository; If you want this repository to be a Redis repository, consider annotating your entities with one of these annotations: org.springframework.data.redis.core.RedisHash (preferred), or consider extending one of the following types with your repository: org.springframework.data.keyvalue.repository.KeyValueRepository
2025-06-07 19:49:00,590 INFO o.s.d.r.c.RepositoryConfigurationExtensionSupport [main] Spring Data Redis - Could not safely identify store assignment for repository candidate interface com.school.management.repository.NotificationRepository; If you want this repository to be a Redis repository, consider annotating your entities with one of these annotations: org.springframework.data.redis.core.RedisHash (preferred), or consider extending one of the following types with your repository: org.springframework.data.keyvalue.repository.KeyValueRepository
2025-06-07 19:49:00,590 INFO o.s.d.r.c.RepositoryConfigurationExtensionSupport [main] Spring Data Redis - Could not safely identify store assignment for repository candidate interface com.school.management.repository.PaiementRepository; If you want this repository to be a Redis repository, consider annotating your entities with one of these annotations: org.springframework.data.redis.core.RedisHash (preferred), or consider extending one of the following types with your repository: org.springframework.data.keyvalue.repository.KeyValueRepository
2025-06-07 19:49:00,591 INFO o.s.d.r.c.RepositoryConfigurationExtensionSupport [main] Spring Data Redis - Could not safely identify store assignment for repository candidate interface com.school.management.repository.ProfilUtilisateurRepository; If you want this repository to be a Redis repository, consider annotating your entities with one of these annotations: org.springframework.data.redis.core.RedisHash (preferred), or consider extending one of the following types with your repository: org.springframework.data.keyvalue.repository.KeyValueRepository
2025-06-07 19:49:00,591 INFO o.s.d.r.c.RepositoryConfigurationExtensionSupport [main] Spring Data Redis - Could not safely identify store assignment for repository candidate interface com.school.management.repository.RoleRepository; If you want this repository to be a Redis repository, consider annotating your entities with one of these annotations: org.springframework.data.redis.core.RedisHash (preferred), or consider extending one of the following types with your repository: org.springframework.data.keyvalue.repository.KeyValueRepository
2025-06-07 19:49:00,592 INFO o.s.d.r.c.RepositoryConfigurationExtensionSupport [main] Spring Data Redis - Could not safely identify store assignment for repository candidate interface com.school.management.repository.SectionRepository; If you want this repository to be a Redis repository, consider annotating your entities with one of these annotations: org.springframework.data.redis.core.RedisHash (preferred), or consider extending one of the following types with your repository: org.springframework.data.keyvalue.repository.KeyValueRepository
2025-06-07 19:49:00,592 INFO o.s.d.r.c.RepositoryConfigurationExtensionSupport [main] Spring Data Redis - Could not safely identify store assignment for repository candidate interface com.school.management.repository.SequenceRepository; If you want this repository to be a Redis repository, consider annotating your entities with one of these annotations: org.springframework.data.redis.core.RedisHash (preferred), or consider extending one of the following types with your repository: org.springframework.data.keyvalue.repository.KeyValueRepository
2025-06-07 19:49:00,592 INFO o.s.d.r.c.RepositoryConfigurationExtensionSupport [main] Spring Data Redis - Could not safely identify store assignment for repository candidate interface com.school.management.repository.StatutAnneeRepository; If you want this repository to be a Redis repository, consider annotating your entities with one of these annotations: org.springframework.data.redis.core.RedisHash (preferred), or consider extending one of the following types with your repository: org.springframework.data.keyvalue.repository.KeyValueRepository
2025-06-07 19:49:00,592 INFO o.s.d.r.c.RepositoryConfigurationExtensionSupport [main] Spring Data Redis - Could not safely identify store assignment for repository candidate interface com.school.management.repository.StudentRepository; If you want this repository to be a Redis repository, consider annotating your entities with one of these annotations: org.springframework.data.redis.core.RedisHash (preferred), or consider extending one of the following types with your repository: org.springframework.data.keyvalue.repository.KeyValueRepository
2025-06-07 19:49:00,593 INFO o.s.d.r.c.RepositoryConfigurationExtensionSupport [main] Spring Data Redis - Could not safely identify store assignment for repository candidate interface com.school.management.repository.TrimestreRepository; If you want this repository to be a Redis repository, consider annotating your entities with one of these annotations: org.springframework.data.redis.core.RedisHash (preferred), or consider extending one of the following types with your repository: org.springframework.data.keyvalue.repository.KeyValueRepository
2025-06-07 19:49:00,593 INFO o.s.d.r.c.RepositoryConfigurationExtensionSupport [main] Spring Data Redis - Could not safely identify store assignment for repository candidate interface com.school.management.repository.TypeAffectationRepository; If you want this repository to be a Redis repository, consider annotating your entities with one of these annotations: org.springframework.data.redis.core.RedisHash (preferred), or consider extending one of the following types with your repository: org.springframework.data.keyvalue.repository.KeyValueRepository
2025-06-07 19:49:00,594 INFO o.s.d.r.c.RepositoryConfigurationExtensionSupport [main] Spring Data Redis - Could not safely identify store assignment for repository candidate interface com.school.management.repository.UtilisateurRepository; If you want this repository to be a Redis repository, consider annotating your entities with one of these annotations: org.springframework.data.redis.core.RedisHash (preferred), or consider extending one of the following types with your repository: org.springframework.data.keyvalue.repository.KeyValueRepository
2025-06-07 19:49:00,594 INFO o.s.d.r.c.RepositoryConfigurationDelegate [main] Finished Spring Data repository scanning in 22 ms. Found 0 Redis repository interfaces.
2025-06-07 19:49:02,032 INFO o.s.b.w.e.t.TomcatWebServer [main] Tomcat initialized with port 8080 (http)
2025-06-07 19:49:02,049 INFO o.a.j.l.DirectJDKLog [main] Initializing ProtocolHandler ["http-nio-8080"]
2025-06-07 19:49:02,053 INFO o.a.j.l.DirectJDKLog [main] Starting service [Tomcat]
2025-06-07 19:49:02,054 INFO o.a.j.l.DirectJDKLog [main] Starting Servlet engine: [Apache Tomcat/10.1.24]
2025-06-07 19:49:02,150 INFO o.a.j.l.DirectJDKLog [main] Initializing Spring embedded WebApplicationContext
2025-06-07 19:49:02,151 INFO o.s.b.w.s.c.ServletWebServerApplicationContext [main] Root WebApplicationContext: initialization completed in 3992 ms
2025-06-07 19:49:02,400 INFO c.z.h.HikariDataSource [main] HikariPool-1 - Starting...
2025-06-07 19:49:02,723 INFO c.z.h.p.HikariPool [main] HikariPool-1 - Added connection conn0: url=jdbc:h2:mem:testdb user=SA
2025-06-07 19:49:02,726 INFO c.z.h.HikariDataSource [main] HikariPool-1 - Start completed.
2025-06-07 19:49:02,743 INFO o.s.b.a.h.H2ConsoleAutoConfiguration [main] H2 console available at '/h2-console'. Database available at 'jdbc:h2:mem:testdb'
2025-06-07 19:49:03,073 INFO o.h.j.i.u.LogHelper [main] HHH000204: Processing PersistenceUnitInfo [name: default]
2025-06-07 19:49:03,187 INFO o.h.Version [main] HHH000412: Hibernate ORM core version 6.5.2.Final
2025-06-07 19:49:03,252 INFO o.h.c.i.RegionFactoryInitiator [main] HHH000026: Second-level cache disabled
2025-06-07 19:49:03,952 INFO o.s.o.j.p.SpringPersistenceUnitInfo [main] No LoadTimeWeaver setup: ignoring JPA class transformer
2025-06-07 19:49:04,040 WARN o.h.e.j.d.i.DialectFactoryImpl [main] HHH90000025: H2Dialect does not need to be specified explicitly using 'hibernate.dialect' (remove the property setting and it will be selected by default)
2025-06-07 19:49:06,361 INFO o.h.e.t.j.p.i.JtaPlatformInitiator [main] HHH000489: No JTA platform available (set 'hibernate.transaction.jta.platform' to enable JTA platform integration)
2025-06-07 19:49:06,394 DEBUG o.h.e.j.s.SqlStatementLogger [main] 
    drop table if exists "affectation" cascade 
2025-06-07 19:49:06,402 DEBUG o.h.e.j.s.SqlStatementLogger [main] 
    drop table if exists "annee_scolaire" cascade 
2025-06-07 19:49:06,403 DEBUG o.h.e.j.s.SqlStatementLogger [main] 
    drop table if exists "classes" cascade 
2025-06-07 19:49:06,404 DEBUG o.h.e.j.s.SqlStatementLogger [main] 
    drop table if exists "document" cascade 
2025-06-07 19:49:06,404 DEBUG o.h.e.j.s.SqlStatementLogger [main] 
    drop table if exists "eleve" cascade 
2025-06-07 19:49:06,405 DEBUG o.h.e.j.s.SqlStatementLogger [main] 
    drop table if exists "enseignant" cascade 
2025-06-07 19:49:06,405 DEBUG o.h.e.j.s.SqlStatementLogger [main] 
    drop table if exists "grade" cascade 
2025-06-07 19:49:06,405 DEBUG o.h.e.j.s.SqlStatementLogger [main] 
    drop table if exists "log_activite" cascade 
2025-06-07 19:49:06,406 DEBUG o.h.e.j.s.SqlStatementLogger [main] 
    drop table if exists "matiere" cascade 
2025-06-07 19:49:06,406 DEBUG o.h.e.j.s.SqlStatementLogger [main] 
    drop table if exists "note" cascade 
2025-06-07 19:49:06,407 DEBUG o.h.e.j.s.SqlStatementLogger [main] 
    drop table if exists "notifications" cascade 
2025-06-07 19:49:06,407 DEBUG o.h.e.j.s.SqlStatementLogger [main] 
    drop table if exists "paiements" cascade 
2025-06-07 19:49:06,408 DEBUG o.h.e.j.s.SqlStatementLogger [main] 
    drop table if exists "parents" cascade 
2025-06-07 19:49:06,408 DEBUG o.h.e.j.s.SqlStatementLogger [main] 
    drop table if exists "profil_utilisateur" cascade 
2025-06-07 19:49:06,408 DEBUG o.h.e.j.s.SqlStatementLogger [main] 
    drop table if exists "role" cascade 
2025-06-07 19:49:06,409 DEBUG o.h.e.j.s.SqlStatementLogger [main] 
    drop table if exists "sections" cascade 
2025-06-07 19:49:06,409 DEBUG o.h.e.j.s.SqlStatementLogger [main] 
    drop table if exists "sequence" cascade 
2025-06-07 19:49:06,410 DEBUG o.h.e.j.s.SqlStatementLogger [main] 
    drop table if exists "statut_annee" cascade 
2025-06-07 19:49:06,411 DEBUG o.h.e.j.s.SqlStatementLogger [main] 
    drop table if exists "student_progress_report" cascade 
2025-06-07 19:49:06,411 DEBUG o.h.e.j.s.SqlStatementLogger [main] 
    drop table if exists "students" cascade 
2025-06-07 19:49:06,412 DEBUG o.h.e.j.s.SqlStatementLogger [main] 
    drop table if exists "subject" cascade 
2025-06-07 19:49:06,413 DEBUG o.h.e.j.s.SqlStatementLogger [main] 
    drop table if exists "trimestre" cascade 
2025-06-07 19:49:06,413 DEBUG o.h.e.j.s.SqlStatementLogger [main] 
    drop table if exists "type_affectation" cascade 
2025-06-07 19:49:06,414 DEBUG o.h.e.j.s.SqlStatementLogger [main] 
    drop table if exists "utilisateur" cascade 
2025-06-07 19:49:06,425 DEBUG o.h.e.j.s.SqlStatementLogger [main] 
    create table "affectation" (
        "date_debut" date,
        "date_fin" date,
        "annee_scolaire_id" bigint not null,
        "classe_id" bigint not null,
        "created_at" timestamp(6),
        "enseignant_id" bigint not null,
        "id" bigint generated by default as identity,
        "matiere_id" bigint not null,
        "updated_at" timestamp(6),
        "type_code" varchar(20) not null,
        primary key ("id")
    )
2025-06-07 19:49:06,441 DEBUG o.h.e.j.s.SqlStatementLogger [main] 
    create table "annee_scolaire" (
        "date_debut" date not null,
        "date_fin" date not null,
        "created_at" timestamp(6),
        "id" bigint generated by default as identity,
        "updated_at" timestamp(6),
        "statut_code" varchar(20) not null,
        "libelle" varchar(50) not null,
        primary key ("id")
    )
2025-06-07 19:49:06,444 DEBUG o.h.e.j.s.SqlStatementLogger [main] 
    create table "classes" (
        "actif" boolean,
        "capacite" integer,
        "created_at" timestamp(6),
        "id" bigint generated by default as identity,
        "updated_at" timestamp(6),
        "annee_scolaire" varchar(9) not null,
        "niveau" varchar(50) not null,
        "nom" varchar(100) not null,
        "description" varchar(500),
        primary key ("id")
    )
2025-06-07 19:49:06,449 DEBUG o.h.e.j.s.SqlStatementLogger [main] 
    create table "document" (
        "date_ajout" timestamp(6),
        "eleve_id" bigint,
        "id" bigint generated by default as identity,
        "chemin_fichier" varchar(255) not null,
        "type_document" enum ('AUTRE','BULLETIN','RECU') not null,
        primary key ("id")
    )
2025-06-07 19:49:06,453 DEBUG o.h.e.j.s.SqlStatementLogger [main] 
    create table "eleve" (
        "actif" boolean,
        "date_naissance" date,
        "classe_id" bigint,
        "created_at" timestamp(6),
        "date_inscription" timestamp(6),
        "id" bigint generated by default as identity,
        "parent_id" bigint,
        "section_id" bigint,
        "updated_at" timestamp(6),
        "genre" varchar(20),
        "email" varchar(100) not null unique,
        "nom" varchar(100) not null,
        "prenom" varchar(100) not null,
        "adresse" varchar(200),
        primary key ("id")
    )
2025-06-07 19:49:06,458 DEBUG o.h.e.j.s.SqlStatementLogger [main] 
    create table "enseignant" (
        "actif" boolean,
        "created_at" timestamp(6),
        "date_embauche" timestamp(6),
        "id" bigint generated by default as identity,
        "section_id" bigint,
        "updated_at" timestamp(6),
        "telephone" varchar(20),
        "niveau" varchar(50),
        "email" varchar(100) not null unique,
        "nom" varchar(100) not null,
        "prenom" varchar(100) not null,
        "specialite" varchar(100),
        primary key ("id")
    )
2025-06-07 19:49:06,462 DEBUG o.h.e.j.s.SqlStatementLogger [main] 
    create table "grade" (
        "grade" float(53) not null,
        "created_at" timestamp(6),
        "id" bigint generated by default as identity,
        "student_id" bigint not null,
        "subject_id" bigint not null,
        "updated_at" timestamp(6),
        "period" varchar(20) not null,
        "comments" varchar(500),
        primary key ("id")
    )
2025-06-07 19:49:06,466 DEBUG o.h.e.j.s.SqlStatementLogger [main] 
    create table "log_activite" (
        "date_action" timestamp(6),
        "id" bigint generated by default as identity,
        "reference_id" bigint,
        "utilisateur_id" bigint not null,
        "ip_adresse" varchar(45),
        "table_cible" varchar(100),
        "action" varchar(255) not null,
        primary key ("id")
    )
2025-06-07 19:49:06,468 DEBUG o.h.e.j.s.SqlStatementLogger [main] 
    create table "matiere" (
        "coefficient" numeric(5,2) not null,
        "created_at" timestamp(6),
        "id" bigint generated by default as identity,
        "updated_at" timestamp(6),
        "nom" varchar(100) not null,
        primary key ("id")
    )
2025-06-07 19:49:06,470 DEBUG o.h.e.j.s.SqlStatementLogger [main] 
    create table "note" (
        "note" numeric(5,2) not null,
        "created_at" timestamp(6) not null,
        "eleve_id" bigint not null,
        "id" bigint generated by default as identity,
        "matiere_id" bigint not null,
        "sequence_id" bigint not null,
        "trimestre_id" bigint,
        "updated_at" timestamp(6),
        "commentaire" varchar(255),
        primary key ("id")
    )
2025-06-07 19:49:06,472 DEBUG o.h.e.j.s.SqlStatementLogger [main] 
    create table "notifications" (
        "read" boolean,
        "created_at" timestamp(6),
        "id" bigint generated by default as identity,
        "user_id" bigint,
        "message" varchar(255) not null,
        primary key ("id")
    )
2025-06-07 19:49:06,477 DEBUG o.h.e.j.s.SqlStatementLogger [main] 
    create table "paiements" (
        "date_paiement" date,
        "montant" numeric(38,2) not null,
        "eleve_id" bigint not null,
        "id" bigint generated by default as identity,
        "description" varchar(255),
        "type_paiement" varchar(255),
        primary key ("id")
    )
2025-06-07 19:49:06,480 DEBUG o.h.e.j.s.SqlStatementLogger [main] 
    create table "parents" (
        "id" bigint generated by default as identity,
        "adresse" varchar(255),
        "email" varchar(255) unique,
        "nom" varchar(255) not null,
        "prenom" varchar(255) not null,
        "profession" varchar(255),
        "telephone" varchar(255),
        primary key ("id")
    )
2025-06-07 19:49:06,483 DEBUG o.h.e.j.s.SqlStatementLogger [main] 
    create table "profil_utilisateur" (
        "created_at" timestamp(6),
        "id" bigint generated by default as identity,
        "reference_id" bigint not null,
        "updated_at" timestamp(6),
        "utilisateur_id" bigint not null,
        "type_personne" enum ('AGENT','ELEVE','ENSEIGNANT','PARENT') not null,
        primary key ("id")
    )
2025-06-07 19:49:06,489 DEBUG o.h.e.j.s.SqlStatementLogger [main] 
    create table "role" (
        "id" bigint generated by default as identity,
        "libelle" varchar(50) not null unique,
        primary key ("id")
    )
2025-06-07 19:49:06,493 DEBUG o.h.e.j.s.SqlStatementLogger [main] 
    create table "sections" (
        "id" bigint generated by default as identity,
        "description" varchar(255),
        "nom" varchar(255) not null,
        primary key ("id")
    )
2025-06-07 19:49:06,496 DEBUG o.h.e.j.s.SqlStatementLogger [main] 
    create table "sequence" (
        "numero" integer not null,
        "created_at" timestamp(6),
        "id" bigint generated by default as identity,
        "trimestre_id" bigint not null,
        "updated_at" timestamp(6),
        "libelle" varchar(50) not null,
        primary key ("id")
    )
2025-06-07 19:49:06,497 DEBUG o.h.e.j.s.SqlStatementLogger [main] 
    create table "statut_annee" (
        "code" varchar(20) not null,
        "libelle" varchar(100) not null,
        primary key ("code")
    )
2025-06-07 19:49:06,500 DEBUG o.h.e.j.s.SqlStatementLogger [main] 
    create table "student_progress_report" (
        "attendance_rate" float(53),
        "average_grade" float(53),
        "created_at" timestamp(6),
        "id" bigint generated by default as identity,
        "student_id" bigint not null,
        "updated_at" timestamp(6),
        "period" varchar(20) not null,
        "comments" varchar(1000),
        primary key ("id")
    )
2025-06-07 19:49:06,503 DEBUG o.h.e.j.s.SqlStatementLogger [main] 
    create table "students" (
        "actif" boolean,
        "date_naissance" date not null,
        "genre" varchar(1),
        "classe_id" bigint,
        "created_at" timestamp(6),
        "date_inscription" timestamp(6) not null,
        "id" bigint generated by default as identity,
        "section_id" bigint,
        "updated_at" timestamp(6),
        "telephone" varchar(20),
        "section_name" varchar(50),
        "email" varchar(100) not null unique,
        "nom" varchar(100) not null,
        "nom_classe" varchar(100),
        "nom_parent" varchar(100),
        "prenom" varchar(100) not null,
        "adresse" varchar(200),
        primary key ("id")
    )
2025-06-07 19:49:06,510 DEBUG o.h.e.j.s.SqlStatementLogger [main] 
    create table "subject" (
        "actif" boolean,
        "coefficient" integer,
        "created_at" timestamp(6),
        "id" bigint generated by default as identity,
        "updated_at" timestamp(6),
        "code" varchar(20) not null unique,
        "nom" varchar(100) not null,
        "description" varchar(500),
        primary key ("id")
    )
2025-06-07 19:49:06,537 DEBUG o.h.e.j.s.SqlStatementLogger [main] 
    create table "trimestre" (
        "numero" integer not null,
        "annee_scolaire_id" bigint not null,
        "created_at" timestamp(6),
        "id" bigint generated by default as identity,
        "updated_at" timestamp(6),
        "libelle" varchar(50) not null,
        primary key ("id")
    )
2025-06-07 19:49:06,540 DEBUG o.h.e.j.s.SqlStatementLogger [main] 
    create table "type_affectation" (
        "code" varchar(20) not null,
        "libelle" varchar(100) not null,
        primary key ("code")
    )
2025-06-07 19:49:06,543 DEBUG o.h.e.j.s.SqlStatementLogger [main] 
    create table "utilisateur" (
        "actif" boolean,
        "created_at" timestamp(6),
        "id" bigint generated by default as identity,
        "last_login" timestamp(6),
        "role_id" bigint not null,
        "updated_at" timestamp(6),
        "email" varchar(100) not null unique,
        "nom" varchar(100) not null,
        "mot_de_passe" varchar(255) not null,
        "reset_token" varchar(255),
        "type_personne" enum ('ADMIN','AGENT','ELEVE','ENSEIGNANT','PARENT') not null,
        primary key ("id")
    )
2025-06-07 19:49:06,548 DEBUG o.h.e.j.s.SqlStatementLogger [main] 
    alter table if exists "affectation" 
       add constraint "FK9eu96qf7kye9sf1pmecfd0yfm" 
       foreign key ("annee_scolaire_id") 
       references "annee_scolaire"
2025-06-07 19:49:06,586 DEBUG o.h.e.j.s.SqlStatementLogger [main] 
    alter table if exists "affectation" 
       add constraint "FKpe0bo22qt45crdtir2olejjyg" 
       foreign key ("classe_id") 
       references "classes"
2025-06-07 19:49:06,594 DEBUG o.h.e.j.s.SqlStatementLogger [main] 
    alter table if exists "affectation" 
       add constraint "FK3av7c7bm789r6knql1ykv0iuh" 
       foreign key ("enseignant_id") 
       references "enseignant"
2025-06-07 19:49:06,599 DEBUG o.h.e.j.s.SqlStatementLogger [main] 
    alter table if exists "affectation" 
       add constraint "FKbd6pqb4xm1b2f6dsjng6t9vy1" 
       foreign key ("matiere_id") 
       references "matiere"
2025-06-07 19:49:06,603 DEBUG o.h.e.j.s.SqlStatementLogger [main] 
    alter table if exists "document" 
       add constraint "FK4uxipd5g6ulta9p7gt3992osv" 
       foreign key ("eleve_id") 
       references "eleve"
2025-06-07 19:49:06,606 DEBUG o.h.e.j.s.SqlStatementLogger [main] 
    alter table if exists "eleve" 
       add constraint "FKak1ytyiywaoq3w1wjuwpdu81p" 
       foreign key ("classe_id") 
       references "classes"
2025-06-07 19:49:06,610 DEBUG o.h.e.j.s.SqlStatementLogger [main] 
    alter table if exists "eleve" 
       add constraint "FK31spnejrvma8oawmo11nku169" 
       foreign key ("parent_id") 
       references "parents"
2025-06-07 19:49:06,614 DEBUG o.h.e.j.s.SqlStatementLogger [main] 
    alter table if exists "eleve" 
       add constraint "FKfpstf9bai3b6n4qu9wsx077ja" 
       foreign key ("section_id") 
       references "sections"
2025-06-07 19:49:06,618 DEBUG o.h.e.j.s.SqlStatementLogger [main] 
    alter table if exists "enseignant" 
       add constraint "FKh4do9onk9pwd1p5hpdl2jlvsw" 
       foreign key ("section_id") 
       references "sections"
2025-06-07 19:49:06,621 DEBUG o.h.e.j.s.SqlStatementLogger [main] 
    alter table if exists "grade" 
       add constraint "FKipf4njw2w6vostd6y4ti401mm" 
       foreign key ("student_id") 
       references "utilisateur"
2025-06-07 19:49:06,626 DEBUG o.h.e.j.s.SqlStatementLogger [main] 
    alter table if exists "grade" 
       add constraint "FKga475phybm7f4xh2qgjlm4tef" 
       foreign key ("subject_id") 
       references "subject"
2025-06-07 19:49:06,629 DEBUG o.h.e.j.s.SqlStatementLogger [main] 
    alter table if exists "log_activite" 
       add constraint "FKrfsnh1x7lprexosg0odve3edk" 
       foreign key ("utilisateur_id") 
       references "utilisateur"
2025-06-07 19:49:06,631 DEBUG o.h.e.j.s.SqlStatementLogger [main] 
    alter table if exists "note" 
       add constraint "FKckjcf0lcp26yn81tkbiyyvpxs" 
       foreign key ("eleve_id") 
       references "eleve"
2025-06-07 19:49:06,636 DEBUG o.h.e.j.s.SqlStatementLogger [main] 
    alter table if exists "note" 
       add constraint "FKce6fgrwojbdjuyfobkryhsubc" 
       foreign key ("matiere_id") 
       references "matiere"
2025-06-07 19:49:06,642 DEBUG o.h.e.j.s.SqlStatementLogger [main] 
    alter table if exists "note" 
       add constraint "FKnx3h3lbhngn4he4lrc8ylhrxh" 
       foreign key ("sequence_id") 
       references "sequence"
2025-06-07 19:49:06,648 DEBUG o.h.e.j.s.SqlStatementLogger [main] 
    alter table if exists "note" 
       add constraint "FKsq8sa1xg25htraxpx0ylx3lgk" 
       foreign key ("trimestre_id") 
       references "trimestre"
2025-06-07 19:49:06,652 DEBUG o.h.e.j.s.SqlStatementLogger [main] 
    alter table if exists "paiements" 
       add constraint "FKafefes0eqpleg9i7g6mvt6xhh" 
       foreign key ("eleve_id") 
       references "eleve"
2025-06-07 19:49:06,656 DEBUG o.h.e.j.s.SqlStatementLogger [main] 
    alter table if exists "profil_utilisateur" 
       add constraint "FK177de5xq3y87tjxuwctokx341" 
       foreign key ("utilisateur_id") 
       references "utilisateur"
2025-06-07 19:49:06,662 DEBUG o.h.e.j.s.SqlStatementLogger [main] 
    alter table if exists "sequence" 
       add constraint "FKclybiy2bjbpf0ejgg6rq51ynf" 
       foreign key ("trimestre_id") 
       references "trimestre"
2025-06-07 19:49:06,664 DEBUG o.h.e.j.s.SqlStatementLogger [main] 
    alter table if exists "student_progress_report" 
       add constraint "FK1u5j5o832a13lgcq3foy1g3rr" 
       foreign key ("student_id") 
       references "utilisateur"
2025-06-07 19:49:06,672 DEBUG o.h.e.j.s.SqlStatementLogger [main] 
    alter table if exists "students" 
       add constraint "FKtb9nirq953dcf0onxisl98ni1" 
       foreign key ("classe_id") 
       references "classes"
2025-06-07 19:49:06,674 DEBUG o.h.e.j.s.SqlStatementLogger [main] 
    alter table if exists "students" 
       add constraint "FKgkvw6901117nqyb8tyx3gmpk5" 
       foreign key ("section_id") 
       references "sections"
2025-06-07 19:49:06,677 DEBUG o.h.e.j.s.SqlStatementLogger [main] 
    alter table if exists "trimestre" 
       add constraint "FKql50yxg7ydwdp4uom1mltlbkr" 
       foreign key ("annee_scolaire_id") 
       references "annee_scolaire"
2025-06-07 19:49:06,679 DEBUG o.h.e.j.s.SqlStatementLogger [main] 
    alter table if exists "utilisateur" 
       add constraint "FKmjx8u4qqtx1pp4g0tpmuf3yb9" 
       foreign key ("role_id") 
       references "role"
2025-06-07 19:49:06,694 INFO o.s.o.j.AbstractEntityManagerFactoryBean [main] Initialized JPA EntityManagerFactory for persistence unit 'default'
2025-06-07 19:49:07,554 WARN o.s.c.s.AbstractApplicationContext [main] Exception encountered during context initialization - cancelling refresh attempt: org.springframework.beans.factory.UnsatisfiedDependencyException: Error creating bean with name 'gradeController' defined in file [C:\Users\GLOBAL STORE\Documents\Primary-School\backend\build\classes\java\main\com\school\management\controller\GradeController.class]: Unsatisfied dependency expressed through constructor parameter 0: Error creating bean with name 'gradeService' defined in file [C:\Users\GLOBAL STORE\Documents\Primary-School\backend\build\classes\java\main\com\school\management\service\GradeService.class]: Unsatisfied dependency expressed through constructor parameter 0: Error creating bean with name 'noteRepository' defined in com.school.management.repository.NoteRepository defined in @EnableJpaRepositories declared on JpaRepositoriesRegistrar.EnableJpaRepositoriesConfiguration: Could not create query for public abstract org.springframework.data.domain.Page com.school.management.repository.NoteRepository.findByEleveIdAndPeriod(java.lang.Long,java.lang.String,org.springframework.data.domain.Pageable); Reason: Failed to create query for method public abstract org.springframework.data.domain.Page com.school.management.repository.NoteRepository.findByEleveIdAndPeriod(java.lang.Long,java.lang.String,org.springframework.data.domain.Pageable); No property 'period' found for type 'Note'
2025-06-07 19:49:07,555 INFO o.s.o.j.AbstractEntityManagerFactoryBean [main] Closing JPA EntityManagerFactory for persistence unit 'default'
2025-06-07 19:49:07,556 DEBUG o.h.e.j.s.SqlStatementLogger [main] 
    drop table if exists "affectation" cascade 
2025-06-07 19:49:07,559 DEBUG o.h.e.j.s.SqlStatementLogger [main] 
    drop table if exists "annee_scolaire" cascade 
2025-06-07 19:49:07,560 DEBUG o.h.e.j.s.SqlStatementLogger [main] 
    drop table if exists "classes" cascade 
2025-06-07 19:49:07,561 DEBUG o.h.e.j.s.SqlStatementLogger [main] 
    drop table if exists "document" cascade 
2025-06-07 19:49:07,562 DEBUG o.h.e.j.s.SqlStatementLogger [main] 
    drop table if exists "eleve" cascade 
2025-06-07 19:49:07,565 DEBUG o.h.e.j.s.SqlStatementLogger [main] 
    drop table if exists "enseignant" cascade 
2025-06-07 19:49:07,567 DEBUG o.h.e.j.s.SqlStatementLogger [main] 
    drop table if exists "grade" cascade 
2025-06-07 19:49:07,569 DEBUG o.h.e.j.s.SqlStatementLogger [main] 
    drop table if exists "log_activite" cascade 
2025-06-07 19:49:07,569 DEBUG o.h.e.j.s.SqlStatementLogger [main] 
    drop table if exists "matiere" cascade 
2025-06-07 19:49:07,570 DEBUG o.h.e.j.s.SqlStatementLogger [main] 
    drop table if exists "note" cascade 
2025-06-07 19:49:07,571 DEBUG o.h.e.j.s.SqlStatementLogger [main] 
    drop table if exists "notifications" cascade 
2025-06-07 19:49:07,573 DEBUG o.h.e.j.s.SqlStatementLogger [main] 
    drop table if exists "paiements" cascade 
2025-06-07 19:49:07,574 DEBUG o.h.e.j.s.SqlStatementLogger [main] 
    drop table if exists "parents" cascade 
2025-06-07 19:49:07,574 DEBUG o.h.e.j.s.SqlStatementLogger [main] 
    drop table if exists "profil_utilisateur" cascade 
2025-06-07 19:49:07,575 DEBUG o.h.e.j.s.SqlStatementLogger [main] 
    drop table if exists "role" cascade 
2025-06-07 19:49:07,576 DEBUG o.h.e.j.s.SqlStatementLogger [main] 
    drop table if exists "sections" cascade 
2025-06-07 19:49:07,577 DEBUG o.h.e.j.s.SqlStatementLogger [main] 
    drop table if exists "sequence" cascade 
2025-06-07 19:49:07,579 DEBUG o.h.e.j.s.SqlStatementLogger [main] 
    drop table if exists "statut_annee" cascade 
2025-06-07 19:49:07,580 DEBUG o.h.e.j.s.SqlStatementLogger [main] 
    drop table if exists "student_progress_report" cascade 
2025-06-07 19:49:07,581 DEBUG o.h.e.j.s.SqlStatementLogger [main] 
    drop table if exists "students" cascade 
2025-06-07 19:49:07,582 DEBUG o.h.e.j.s.SqlStatementLogger [main] 
    drop table if exists "subject" cascade 
2025-06-07 19:49:07,583 DEBUG o.h.e.j.s.SqlStatementLogger [main] 
    drop table if exists "trimestre" cascade 
2025-06-07 19:49:07,583 DEBUG o.h.e.j.s.SqlStatementLogger [main] 
    drop table if exists "type_affectation" cascade 
2025-06-07 19:49:07,584 DEBUG o.h.e.j.s.SqlStatementLogger [main] 
    drop table if exists "utilisateur" cascade 
2025-06-07 19:49:07,588 INFO c.z.h.HikariDataSource [main] HikariPool-1 - Shutdown initiated...
2025-06-07 19:49:07,591 INFO c.z.h.HikariDataSource [main] HikariPool-1 - Shutdown completed.
2025-06-07 19:49:07,595 INFO o.a.j.l.DirectJDKLog [main] Stopping service [Tomcat]
2025-06-07 19:49:07,627 INFO o.s.b.a.l.ConditionEvaluationReportLogger [main] 

Error starting ApplicationContext. To display the condition evaluation report re-run your application with 'debug' enabled.
2025-06-07 19:49:07,658 ERROR o.s.b.SpringApplication [main] Application run failed
org.springframework.beans.factory.UnsatisfiedDependencyException: Error creating bean with name 'gradeController' defined in file [C:\Users\GLOBAL STORE\Documents\Primary-School\backend\build\classes\java\main\com\school\management\controller\GradeController.class]: Unsatisfied dependency expressed through constructor parameter 0: Error creating bean with name 'gradeService' defined in file [C:\Users\GLOBAL STORE\Documents\Primary-School\backend\build\classes\java\main\com\school\management\service\GradeService.class]: Unsatisfied dependency expressed through constructor parameter 0: Error creating bean with name 'noteRepository' defined in com.school.management.repository.NoteRepository defined in @EnableJpaRepositories declared on JpaRepositoriesRegistrar.EnableJpaRepositoriesConfiguration: Could not create query for public abstract org.springframework.data.domain.Page com.school.management.repository.NoteRepository.findByEleveIdAndPeriod(java.lang.Long,java.lang.String,org.springframework.data.domain.Pageable); Reason: Failed to create query for method public abstract org.springframework.data.domain.Page com.school.management.repository.NoteRepository.findByEleveIdAndPeriod(java.lang.Long,java.lang.String,org.springframework.data.domain.Pageable); No property 'period' found for type 'Note'
	at org.springframework.beans.factory.support.ConstructorResolver.createArgumentArray(ConstructorResolver.java:795)
	at org.springframework.beans.factory.support.ConstructorResolver.autowireConstructor(ConstructorResolver.java:237)
	at org.springframework.beans.factory.support.AbstractAutowireCapableBeanFactory.autowireConstructor(AbstractAutowireCapableBeanFactory.java:1357)
	at org.springframework.beans.factory.support.AbstractAutowireCapableBeanFactory.createBeanInstance(AbstractAutowireCapableBeanFactory.java:1194)
	at org.springframework.beans.factory.support.AbstractAutowireCapableBeanFactory.doCreateBean(AbstractAutowireCapableBeanFactory.java:562)
	at org.springframework.beans.factory.support.AbstractAutowireCapableBeanFactory.createBean(AbstractAutowireCapableBeanFactory.java:522)
	at org.springframework.beans.factory.support.AbstractBeanFactory.lambda$doGetBean$0(AbstractBeanFactory.java:337)
	at org.springframework.beans.factory.support.DefaultSingletonBeanRegistry.getSingleton(DefaultSingletonBeanRegistry.java:234)
	at org.springframework.beans.factory.support.AbstractBeanFactory.doGetBean(AbstractBeanFactory.java:335)
	at org.springframework.beans.factory.support.AbstractBeanFactory.getBean(AbstractBeanFactory.java:200)
	at org.springframework.beans.factory.support.DefaultListableBeanFactory.preInstantiateSingletons(DefaultListableBeanFactory.java:975)
	at org.springframework.context.support.AbstractApplicationContext.finishBeanFactoryInitialization(AbstractApplicationContext.java:962)
	at org.springframework.context.support.AbstractApplicationContext.refresh(AbstractApplicationContext.java:624)
	at org.springframework.boot.web.servlet.context.ServletWebServerApplicationContext.refresh(ServletWebServerApplicationContext.java:146)
	at org.springframework.boot.SpringApplication.refresh(SpringApplication.java:754)
	at org.springframework.boot.SpringApplication.refreshContext(SpringApplication.java:456)
	at org.springframework.boot.SpringApplication.run(SpringApplication.java:335)
	at org.springframework.boot.SpringApplication.run(SpringApplication.java:1363)
	at org.springframework.boot.SpringApplication.run(SpringApplication.java:1352)
	at com.school.management.SchoolManagementApplication.main(SchoolManagementApplication.java:11)
Caused by: org.springframework.beans.factory.UnsatisfiedDependencyException: Error creating bean with name 'gradeService' defined in file [C:\Users\GLOBAL STORE\Documents\Primary-School\backend\build\classes\java\main\com\school\management\service\GradeService.class]: Unsatisfied dependency expressed through constructor parameter 0: Error creating bean with name 'noteRepository' defined in com.school.management.repository.NoteRepository defined in @EnableJpaRepositories declared on JpaRepositoriesRegistrar.EnableJpaRepositoriesConfiguration: Could not create query for public abstract org.springframework.data.domain.Page com.school.management.repository.NoteRepository.findByEleveIdAndPeriod(java.lang.Long,java.lang.String,org.springframework.data.domain.Pageable); Reason: Failed to create query for method public abstract org.springframework.data.domain.Page com.school.management.repository.NoteRepository.findByEleveIdAndPeriod(java.lang.Long,java.lang.String,org.springframework.data.domain.Pageable); No property 'period' found for type 'Note'
	at org.springframework.beans.factory.support.ConstructorResolver.createArgumentArray(ConstructorResolver.java:795)
	at org.springframework.beans.factory.support.ConstructorResolver.autowireConstructor(ConstructorResolver.java:237)
	at org.springframework.beans.factory.support.AbstractAutowireCapableBeanFactory.autowireConstructor(AbstractAutowireCapableBeanFactory.java:1357)
	at org.springframework.beans.factory.support.AbstractAutowireCapableBeanFactory.createBeanInstance(AbstractAutowireCapableBeanFactory.java:1194)
	at org.springframework.beans.factory.support.AbstractAutowireCapableBeanFactory.doCreateBean(AbstractAutowireCapableBeanFactory.java:562)
	at org.springframework.beans.factory.support.AbstractAutowireCapableBeanFactory.createBean(AbstractAutowireCapableBeanFactory.java:522)
	at org.springframework.beans.factory.support.AbstractBeanFactory.lambda$doGetBean$0(AbstractBeanFactory.java:337)
	at org.springframework.beans.factory.support.DefaultSingletonBeanRegistry.getSingleton(DefaultSingletonBeanRegistry.java:234)
	at org.springframework.beans.factory.support.AbstractBeanFactory.doGetBean(AbstractBeanFactory.java:335)
	at org.springframework.beans.factory.support.AbstractBeanFactory.getBean(AbstractBeanFactory.java:200)
	at org.springframework.beans.factory.config.DependencyDescriptor.resolveCandidate(DependencyDescriptor.java:254)
	at org.springframework.beans.factory.support.DefaultListableBeanFactory.doResolveDependency(DefaultListableBeanFactory.java:1443)
	at org.springframework.beans.factory.support.DefaultListableBeanFactory.resolveDependency(DefaultListableBeanFactory.java:1353)
	at org.springframework.beans.factory.support.ConstructorResolver.resolveAutowiredArgument(ConstructorResolver.java:904)
	at org.springframework.beans.factory.support.ConstructorResolver.createArgumentArray(ConstructorResolver.java:782)
	... 19 common frames omitted
Caused by: org.springframework.beans.factory.BeanCreationException: Error creating bean with name 'noteRepository' defined in com.school.management.repository.NoteRepository defined in @EnableJpaRepositories declared on JpaRepositoriesRegistrar.EnableJpaRepositoriesConfiguration: Could not create query for public abstract org.springframework.data.domain.Page com.school.management.repository.NoteRepository.findByEleveIdAndPeriod(java.lang.Long,java.lang.String,org.springframework.data.domain.Pageable); Reason: Failed to create query for method public abstract org.springframework.data.domain.Page com.school.management.repository.NoteRepository.findByEleveIdAndPeriod(java.lang.Long,java.lang.String,org.springframework.data.domain.Pageable); No property 'period' found for type 'Note'
	at org.springframework.beans.factory.support.AbstractAutowireCapableBeanFactory.initializeBean(AbstractAutowireCapableBeanFactory.java:1788)
	at org.springframework.beans.factory.support.AbstractAutowireCapableBeanFactory.doCreateBean(AbstractAutowireCapableBeanFactory.java:600)
	at org.springframework.beans.factory.support.AbstractAutowireCapableBeanFactory.createBean(AbstractAutowireCapableBeanFactory.java:522)
	at org.springframework.beans.factory.support.AbstractBeanFactory.lambda$doGetBean$0(AbstractBeanFactory.java:337)
	at org.springframework.beans.factory.support.DefaultSingletonBeanRegistry.getSingleton(DefaultSingletonBeanRegistry.java:234)
	at org.springframework.beans.factory.support.AbstractBeanFactory.doGetBean(AbstractBeanFactory.java:335)
	at org.springframework.beans.factory.support.AbstractBeanFactory.getBean(AbstractBeanFactory.java:200)
	at org.springframework.beans.factory.config.DependencyDescriptor.resolveCandidate(DependencyDescriptor.java:254)
	at org.springframework.beans.factory.support.DefaultListableBeanFactory.doResolveDependency(DefaultListableBeanFactory.java:1443)
	at org.springframework.beans.factory.support.DefaultListableBeanFactory.resolveDependency(DefaultListableBeanFactory.java:1353)
	at org.springframework.beans.factory.support.ConstructorResolver.resolveAutowiredArgument(ConstructorResolver.java:904)
	at org.springframework.beans.factory.support.ConstructorResolver.createArgumentArray(ConstructorResolver.java:782)
	... 33 common frames omitted
Caused by: org.springframework.data.repository.query.QueryCreationException: Could not create query for public abstract org.springframework.data.domain.Page com.school.management.repository.NoteRepository.findByEleveIdAndPeriod(java.lang.Long,java.lang.String,org.springframework.data.domain.Pageable); Reason: Failed to create query for method public abstract org.springframework.data.domain.Page com.school.management.repository.NoteRepository.findByEleveIdAndPeriod(java.lang.Long,java.lang.String,org.springframework.data.domain.Pageable); No property 'period' found for type 'Note'
	at org.springframework.data.repository.query.QueryCreationException.create(QueryCreationException.java:101)
	at org.springframework.data.repository.core.support.QueryExecutorMethodInterceptor.lookupQuery(QueryExecutorMethodInterceptor.java:115)
	at org.springframework.data.repository.core.support.QueryExecutorMethodInterceptor.mapMethodsToQuery(QueryExecutorMethodInterceptor.java:99)
	at org.springframework.data.repository.core.support.QueryExecutorMethodInterceptor.lambda$new$0(QueryExecutorMethodInterceptor.java:88)
	at java.base/java.util.Optional.map(Optional.java:260)
	at org.springframework.data.repository.core.support.QueryExecutorMethodInterceptor.<init>(QueryExecutorMethodInterceptor.java:88)
	at org.springframework.data.repository.core.support.RepositoryFactorySupport.getRepository(RepositoryFactorySupport.java:357)
	at org.springframework.data.repository.core.support.RepositoryFactoryBeanSupport.lambda$afterPropertiesSet$5(RepositoryFactoryBeanSupport.java:286)
	at org.springframework.data.util.Lazy.getNullable(Lazy.java:135)
	at org.springframework.data.util.Lazy.get(Lazy.java:113)
	at org.springframework.data.repository.core.support.RepositoryFactoryBeanSupport.afterPropertiesSet(RepositoryFactoryBeanSupport.java:292)
	at org.springframework.data.jpa.repository.support.JpaRepositoryFactoryBean.afterPropertiesSet(JpaRepositoryFactoryBean.java:132)
	at org.springframework.beans.factory.support.AbstractAutowireCapableBeanFactory.invokeInitMethods(AbstractAutowireCapableBeanFactory.java:1835)
	at org.springframework.beans.factory.support.AbstractAutowireCapableBeanFactory.initializeBean(AbstractAutowireCapableBeanFactory.java:1784)
	... 44 common frames omitted
Caused by: java.lang.IllegalArgumentException: Failed to create query for method public abstract org.springframework.data.domain.Page com.school.management.repository.NoteRepository.findByEleveIdAndPeriod(java.lang.Long,java.lang.String,org.springframework.data.domain.Pageable); No property 'period' found for type 'Note'
	at org.springframework.data.jpa.repository.query.PartTreeJpaQuery.<init>(PartTreeJpaQuery.java:106)
	at org.springframework.data.jpa.repository.query.JpaQueryLookupStrategy$CreateQueryLookupStrategy.resolveQuery(JpaQueryLookupStrategy.java:124)
	at org.springframework.data.jpa.repository.query.JpaQueryLookupStrategy$CreateIfNotFoundQueryLookupStrategy.resolveQuery(JpaQueryLookupStrategy.java:258)
	at org.springframework.data.jpa.repository.query.JpaQueryLookupStrategy$AbstractQueryLookupStrategy.resolveQuery(JpaQueryLookupStrategy.java:95)
	at org.springframework.data.repository.core.support.QueryExecutorMethodInterceptor.lookupQuery(QueryExecutorMethodInterceptor.java:111)
	... 56 common frames omitted
Caused by: org.springframework.data.mapping.PropertyReferenceException: No property 'period' found for type 'Note'
	at org.springframework.data.mapping.PropertyPath.<init>(PropertyPath.java:94)
	at org.springframework.data.mapping.PropertyPath.create(PropertyPath.java:455)
	at org.springframework.data.mapping.PropertyPath.create(PropertyPath.java:431)
	at org.springframework.data.mapping.PropertyPath.lambda$from$0(PropertyPath.java:384)
	at java.base/java.util.concurrent.ConcurrentMap.computeIfAbsent(ConcurrentMap.java:330)
	at org.springframework.data.mapping.PropertyPath.from(PropertyPath.java:366)
	at org.springframework.data.mapping.PropertyPath.from(PropertyPath.java:344)
	at org.springframework.data.repository.query.parser.Part.<init>(Part.java:81)
	at org.springframework.data.repository.query.parser.PartTree$OrPart.lambda$new$0(PartTree.java:259)
	at java.base/java.util.stream.ReferencePipeline$3$1.accept(ReferencePipeline.java:197)
	at java.base/java.util.stream.ReferencePipeline$2$1.accept(ReferencePipeline.java:179)
	at java.base/java.util.Spliterators$ArraySpliterator.forEachRemaining(Spliterators.java:1024)
	at java.base/java.util.stream.AbstractPipeline.copyInto(AbstractPipeline.java:509)
	at java.base/java.util.stream.AbstractPipeline.wrapAndCopyInto(AbstractPipeline.java:499)
	at java.base/java.util.stream.ReduceOps$ReduceOp.evaluateSequential(ReduceOps.java:921)
	at java.base/java.util.stream.AbstractPipeline.evaluate(AbstractPipeline.java:234)
	at java.base/java.util.stream.ReferencePipeline.collect(ReferencePipeline.java:682)
	at org.springframework.data.repository.query.parser.PartTree$OrPart.<init>(PartTree.java:260)
	at org.springframework.data.repository.query.parser.PartTree$Predicate.lambda$new$0(PartTree.java:389)
	at java.base/java.util.stream.ReferencePipeline$3$1.accept(ReferencePipeline.java:197)
	at java.base/java.util.stream.ReferencePipeline$2$1.accept(ReferencePipeline.java:179)
	at java.base/java.util.Spliterators$ArraySpliterator.forEachRemaining(Spliterators.java:1024)
	at java.base/java.util.stream.AbstractPipeline.copyInto(AbstractPipeline.java:509)
	at java.base/java.util.stream.AbstractPipeline.wrapAndCopyInto(AbstractPipeline.java:499)
	at java.base/java.util.stream.ReduceOps$ReduceOp.evaluateSequential(ReduceOps.java:921)
	at java.base/java.util.stream.AbstractPipeline.evaluate(AbstractPipeline.java:234)
	at java.base/java.util.stream.ReferencePipeline.collect(ReferencePipeline.java:682)
	at org.springframework.data.repository.query.parser.PartTree$Predicate.<init>(PartTree.java:390)
	at org.springframework.data.repository.query.parser.PartTree.<init>(PartTree.java:103)
	at org.springframework.data.jpa.repository.query.PartTreeJpaQuery.<init>(PartTreeJpaQuery.java:100)
	... 60 common frames omitted
2025-06-07 20:07:33,045 INFO o.h.v.i.u.Version [background-preinit] HV000001: Hibernate Validator 8.0.1.Final
2025-06-07 20:07:33,177 INFO o.s.b.StartupInfoLogger [main] Starting SchoolManagementApplication using Java 21.0.6 with PID 16972 (C:\Users\GLOBAL STORE\Documents\Primary-School\backend\build\classes\java\main started by GLOBAL STORE in C:\Users\GLOBAL STORE\Documents\Primary-School\backend)
2025-06-07 20:07:33,177 DEBUG o.s.b.StartupInfoLogger [main] Running with Spring Boot v3.3.0, Spring v6.1.8
2025-06-07 20:07:33,179 INFO o.s.b.SpringApplication [main] No active profile set, falling back to 1 default profile: "default"
2025-06-07 20:07:35,851 INFO o.s.d.r.c.RepositoryConfigurationDelegate [main] Multiple Spring Data modules found, entering strict repository configuration mode
2025-06-07 20:07:35,854 INFO o.s.d.r.c.RepositoryConfigurationDelegate [main] Bootstrapping Spring Data JPA repositories in DEFAULT mode.
2025-06-07 20:07:36,325 INFO o.s.d.r.c.RepositoryConfigurationDelegate [main] Finished Spring Data repository scanning in 457 ms. Found 22 JPA repository interfaces.
2025-06-07 20:07:36,355 INFO o.s.d.r.c.RepositoryConfigurationDelegate [main] Multiple Spring Data modules found, entering strict repository configuration mode
2025-06-07 20:07:36,357 INFO o.s.d.r.c.RepositoryConfigurationDelegate [main] Bootstrapping Spring Data Redis repositories in DEFAULT mode.
2025-06-07 20:07:36,396 INFO o.s.d.r.c.RepositoryConfigurationExtensionSupport [main] Spring Data Redis - Could not safely identify store assignment for repository candidate interface com.school.management.repository.AffectationRepository; If you want this repository to be a Redis repository, consider annotating your entities with one of these annotations: org.springframework.data.redis.core.RedisHash (preferred), or consider extending one of the following types with your repository: org.springframework.data.keyvalue.repository.KeyValueRepository
2025-06-07 20:07:36,397 INFO o.s.d.r.c.RepositoryConfigurationExtensionSupport [main] Spring Data Redis - Could not safely identify store assignment for repository candidate interface com.school.management.repository.AnneeScolaireRepository; If you want this repository to be a Redis repository, consider annotating your entities with one of these annotations: org.springframework.data.redis.core.RedisHash (preferred), or consider extending one of the following types with your repository: org.springframework.data.keyvalue.repository.KeyValueRepository
2025-06-07 20:07:36,397 INFO o.s.d.r.c.RepositoryConfigurationExtensionSupport [main] Spring Data Redis - Could not safely identify store assignment for repository candidate interface com.school.management.repository.ClasseRepository; If you want this repository to be a Redis repository, consider annotating your entities with one of these annotations: org.springframework.data.redis.core.RedisHash (preferred), or consider extending one of the following types with your repository: org.springframework.data.keyvalue.repository.KeyValueRepository
2025-06-07 20:07:36,398 INFO o.s.d.r.c.RepositoryConfigurationExtensionSupport [main] Spring Data Redis - Could not safely identify store assignment for repository candidate interface com.school.management.repository.ClassRepository; If you want this repository to be a Redis repository, consider annotating your entities with one of these annotations: org.springframework.data.redis.core.RedisHash (preferred), or consider extending one of the following types with your repository: org.springframework.data.keyvalue.repository.KeyValueRepository
2025-06-07 20:07:36,398 INFO o.s.d.r.c.RepositoryConfigurationExtensionSupport [main] Spring Data Redis - Could not safely identify store assignment for repository candidate interface com.school.management.repository.DocumentRepository; If you want this repository to be a Redis repository, consider annotating your entities with one of these annotations: org.springframework.data.redis.core.RedisHash (preferred), or consider extending one of the following types with your repository: org.springframework.data.keyvalue.repository.KeyValueRepository
2025-06-07 20:07:36,398 INFO o.s.d.r.c.RepositoryConfigurationExtensionSupport [main] Spring Data Redis - Could not safely identify store assignment for repository candidate interface com.school.management.repository.EleveRepository; If you want this repository to be a Redis repository, consider annotating your entities with one of these annotations: org.springframework.data.redis.core.RedisHash (preferred), or consider extending one of the following types with your repository: org.springframework.data.keyvalue.repository.KeyValueRepository
2025-06-07 20:07:36,399 INFO o.s.d.r.c.RepositoryConfigurationExtensionSupport [main] Spring Data Redis - Could not safely identify store assignment for repository candidate interface com.school.management.repository.EnseignantRepository; If you want this repository to be a Redis repository, consider annotating your entities with one of these annotations: org.springframework.data.redis.core.RedisHash (preferred), or consider extending one of the following types with your repository: org.springframework.data.keyvalue.repository.KeyValueRepository
2025-06-07 20:07:36,399 INFO o.s.d.r.c.RepositoryConfigurationExtensionSupport [main] Spring Data Redis - Could not safely identify store assignment for repository candidate interface com.school.management.repository.GradeRepository; If you want this repository to be a Redis repository, consider annotating your entities with one of these annotations: org.springframework.data.redis.core.RedisHash (preferred), or consider extending one of the following types with your repository: org.springframework.data.keyvalue.repository.KeyValueRepository
2025-06-07 20:07:36,399 INFO o.s.d.r.c.RepositoryConfigurationExtensionSupport [main] Spring Data Redis - Could not safely identify store assignment for repository candidate interface com.school.management.repository.LogActiviteRepository; If you want this repository to be a Redis repository, consider annotating your entities with one of these annotations: org.springframework.data.redis.core.RedisHash (preferred), or consider extending one of the following types with your repository: org.springframework.data.keyvalue.repository.KeyValueRepository
2025-06-07 20:07:36,400 INFO o.s.d.r.c.RepositoryConfigurationExtensionSupport [main] Spring Data Redis - Could not safely identify store assignment for repository candidate interface com.school.management.repository.MatiereRepository; If you want this repository to be a Redis repository, consider annotating your entities with one of these annotations: org.springframework.data.redis.core.RedisHash (preferred), or consider extending one of the following types with your repository: org.springframework.data.keyvalue.repository.KeyValueRepository
2025-06-07 20:07:36,400 INFO o.s.d.r.c.RepositoryConfigurationExtensionSupport [main] Spring Data Redis - Could not safely identify store assignment for repository candidate interface com.school.management.repository.NoteRepository; If you want this repository to be a Redis repository, consider annotating your entities with one of these annotations: org.springframework.data.redis.core.RedisHash (preferred), or consider extending one of the following types with your repository: org.springframework.data.keyvalue.repository.KeyValueRepository
2025-06-07 20:07:36,400 INFO o.s.d.r.c.RepositoryConfigurationExtensionSupport [main] Spring Data Redis - Could not safely identify store assignment for repository candidate interface com.school.management.repository.NotificationRepository; If you want this repository to be a Redis repository, consider annotating your entities with one of these annotations: org.springframework.data.redis.core.RedisHash (preferred), or consider extending one of the following types with your repository: org.springframework.data.keyvalue.repository.KeyValueRepository
2025-06-07 20:07:36,401 INFO o.s.d.r.c.RepositoryConfigurationExtensionSupport [main] Spring Data Redis - Could not safely identify store assignment for repository candidate interface com.school.management.repository.PaiementRepository; If you want this repository to be a Redis repository, consider annotating your entities with one of these annotations: org.springframework.data.redis.core.RedisHash (preferred), or consider extending one of the following types with your repository: org.springframework.data.keyvalue.repository.KeyValueRepository
2025-06-07 20:07:36,401 INFO o.s.d.r.c.RepositoryConfigurationExtensionSupport [main] Spring Data Redis - Could not safely identify store assignment for repository candidate interface com.school.management.repository.ProfilUtilisateurRepository; If you want this repository to be a Redis repository, consider annotating your entities with one of these annotations: org.springframework.data.redis.core.RedisHash (preferred), or consider extending one of the following types with your repository: org.springframework.data.keyvalue.repository.KeyValueRepository
2025-06-07 20:07:36,401 INFO o.s.d.r.c.RepositoryConfigurationExtensionSupport [main] Spring Data Redis - Could not safely identify store assignment for repository candidate interface com.school.management.repository.RoleRepository; If you want this repository to be a Redis repository, consider annotating your entities with one of these annotations: org.springframework.data.redis.core.RedisHash (preferred), or consider extending one of the following types with your repository: org.springframework.data.keyvalue.repository.KeyValueRepository
2025-06-07 20:07:36,402 INFO o.s.d.r.c.RepositoryConfigurationExtensionSupport [main] Spring Data Redis - Could not safely identify store assignment for repository candidate interface com.school.management.repository.SectionRepository; If you want this repository to be a Redis repository, consider annotating your entities with one of these annotations: org.springframework.data.redis.core.RedisHash (preferred), or consider extending one of the following types with your repository: org.springframework.data.keyvalue.repository.KeyValueRepository
2025-06-07 20:07:36,402 INFO o.s.d.r.c.RepositoryConfigurationExtensionSupport [main] Spring Data Redis - Could not safely identify store assignment for repository candidate interface com.school.management.repository.SequenceRepository; If you want this repository to be a Redis repository, consider annotating your entities with one of these annotations: org.springframework.data.redis.core.RedisHash (preferred), or consider extending one of the following types with your repository: org.springframework.data.keyvalue.repository.KeyValueRepository
2025-06-07 20:07:36,402 INFO o.s.d.r.c.RepositoryConfigurationExtensionSupport [main] Spring Data Redis - Could not safely identify store assignment for repository candidate interface com.school.management.repository.StatutAnneeRepository; If you want this repository to be a Redis repository, consider annotating your entities with one of these annotations: org.springframework.data.redis.core.RedisHash (preferred), or consider extending one of the following types with your repository: org.springframework.data.keyvalue.repository.KeyValueRepository
2025-06-07 20:07:36,403 INFO o.s.d.r.c.RepositoryConfigurationExtensionSupport [main] Spring Data Redis - Could not safely identify store assignment for repository candidate interface com.school.management.repository.StudentRepository; If you want this repository to be a Redis repository, consider annotating your entities with one of these annotations: org.springframework.data.redis.core.RedisHash (preferred), or consider extending one of the following types with your repository: org.springframework.data.keyvalue.repository.KeyValueRepository
2025-06-07 20:07:36,403 INFO o.s.d.r.c.RepositoryConfigurationExtensionSupport [main] Spring Data Redis - Could not safely identify store assignment for repository candidate interface com.school.management.repository.TrimestreRepository; If you want this repository to be a Redis repository, consider annotating your entities with one of these annotations: org.springframework.data.redis.core.RedisHash (preferred), or consider extending one of the following types with your repository: org.springframework.data.keyvalue.repository.KeyValueRepository
2025-06-07 20:07:36,403 INFO o.s.d.r.c.RepositoryConfigurationExtensionSupport [main] Spring Data Redis - Could not safely identify store assignment for repository candidate interface com.school.management.repository.TypeAffectationRepository; If you want this repository to be a Redis repository, consider annotating your entities with one of these annotations: org.springframework.data.redis.core.RedisHash (preferred), or consider extending one of the following types with your repository: org.springframework.data.keyvalue.repository.KeyValueRepository
2025-06-07 20:07:36,404 INFO o.s.d.r.c.RepositoryConfigurationExtensionSupport [main] Spring Data Redis - Could not safely identify store assignment for repository candidate interface com.school.management.repository.UtilisateurRepository; If you want this repository to be a Redis repository, consider annotating your entities with one of these annotations: org.springframework.data.redis.core.RedisHash (preferred), or consider extending one of the following types with your repository: org.springframework.data.keyvalue.repository.KeyValueRepository
2025-06-07 20:07:36,404 INFO o.s.d.r.c.RepositoryConfigurationDelegate [main] Finished Spring Data repository scanning in 21 ms. Found 0 Redis repository interfaces.
2025-06-07 20:07:38,256 INFO o.s.b.w.e.t.TomcatWebServer [main] Tomcat initialized with port 8080 (http)
2025-06-07 20:07:38,280 INFO o.a.j.l.DirectJDKLog [main] Initializing ProtocolHandler ["http-nio-8080"]
2025-06-07 20:07:38,283 INFO o.a.j.l.DirectJDKLog [main] Starting service [Tomcat]
2025-06-07 20:07:38,284 INFO o.a.j.l.DirectJDKLog [main] Starting Servlet engine: [Apache Tomcat/10.1.24]
2025-06-07 20:07:38,380 INFO o.a.j.l.DirectJDKLog [main] Initializing Spring embedded WebApplicationContext
2025-06-07 20:07:38,384 INFO o.s.b.w.s.c.ServletWebServerApplicationContext [main] Root WebApplicationContext: initialization completed in 5036 ms
2025-06-07 20:07:38,704 INFO c.z.h.HikariDataSource [main] HikariPool-1 - Starting...
2025-06-07 20:07:39,135 INFO c.z.h.p.HikariPool [main] HikariPool-1 - Added connection conn0: url=jdbc:h2:mem:testdb user=SA
2025-06-07 20:07:39,138 INFO c.z.h.HikariDataSource [main] HikariPool-1 - Start completed.
2025-06-07 20:07:39,154 INFO o.s.b.a.h.H2ConsoleAutoConfiguration [main] H2 console available at '/h2-console'. Database available at 'jdbc:h2:mem:testdb'
2025-06-07 20:07:39,600 INFO o.h.j.i.u.LogHelper [main] HHH000204: Processing PersistenceUnitInfo [name: default]
2025-06-07 20:07:39,844 INFO o.h.Version [main] HHH000412: Hibernate ORM core version 6.5.2.Final
2025-06-07 20:07:39,925 INFO o.h.c.i.RegionFactoryInitiator [main] HHH000026: Second-level cache disabled
2025-06-07 20:07:40,752 INFO o.s.o.j.p.SpringPersistenceUnitInfo [main] No LoadTimeWeaver setup: ignoring JPA class transformer
2025-06-07 20:07:40,876 WARN o.h.e.j.d.i.DialectFactoryImpl [main] HHH90000025: H2Dialect does not need to be specified explicitly using 'hibernate.dialect' (remove the property setting and it will be selected by default)
2025-06-07 20:07:43,377 INFO o.h.e.t.j.p.i.JtaPlatformInitiator [main] HHH000489: No JTA platform available (set 'hibernate.transaction.jta.platform' to enable JTA platform integration)
2025-06-07 20:07:43,414 DEBUG o.h.e.j.s.SqlStatementLogger [main] 
    drop table if exists "affectation" cascade 
2025-06-07 20:07:43,420 DEBUG o.h.e.j.s.SqlStatementLogger [main] 
    drop table if exists "annee_scolaire" cascade 
2025-06-07 20:07:43,420 DEBUG o.h.e.j.s.SqlStatementLogger [main] 
    drop table if exists "classes" cascade 
2025-06-07 20:07:43,421 DEBUG o.h.e.j.s.SqlStatementLogger [main] 
    drop table if exists "document" cascade 
2025-06-07 20:07:43,421 DEBUG o.h.e.j.s.SqlStatementLogger [main] 
    drop table if exists "eleve" cascade 
2025-06-07 20:07:43,421 DEBUG o.h.e.j.s.SqlStatementLogger [main] 
    drop table if exists "enseignant" cascade 
2025-06-07 20:07:43,422 DEBUG o.h.e.j.s.SqlStatementLogger [main] 
    drop table if exists "grade" cascade 
2025-06-07 20:07:43,422 DEBUG o.h.e.j.s.SqlStatementLogger [main] 
    drop table if exists "log_activite" cascade 
2025-06-07 20:07:43,423 DEBUG o.h.e.j.s.SqlStatementLogger [main] 
    drop table if exists "matiere" cascade 
2025-06-07 20:07:43,423 DEBUG o.h.e.j.s.SqlStatementLogger [main] 
    drop table if exists "note" cascade 
2025-06-07 20:07:43,424 DEBUG o.h.e.j.s.SqlStatementLogger [main] 
    drop table if exists "notifications" cascade 
2025-06-07 20:07:43,424 DEBUG o.h.e.j.s.SqlStatementLogger [main] 
    drop table if exists "paiements" cascade 
2025-06-07 20:07:43,425 DEBUG o.h.e.j.s.SqlStatementLogger [main] 
    drop table if exists "parents" cascade 
2025-06-07 20:07:43,425 DEBUG o.h.e.j.s.SqlStatementLogger [main] 
    drop table if exists "profil_utilisateur" cascade 
2025-06-07 20:07:43,425 DEBUG o.h.e.j.s.SqlStatementLogger [main] 
    drop table if exists "role" cascade 
2025-06-07 20:07:43,426 DEBUG o.h.e.j.s.SqlStatementLogger [main] 
    drop table if exists "sections" cascade 
2025-06-07 20:07:43,426 DEBUG o.h.e.j.s.SqlStatementLogger [main] 
    drop table if exists "sequence" cascade 
2025-06-07 20:07:43,427 DEBUG o.h.e.j.s.SqlStatementLogger [main] 
    drop table if exists "statut_annee" cascade 
2025-06-07 20:07:43,427 DEBUG o.h.e.j.s.SqlStatementLogger [main] 
    drop table if exists "student_progress_report" cascade 
2025-06-07 20:07:43,428 DEBUG o.h.e.j.s.SqlStatementLogger [main] 
    drop table if exists "students" cascade 
2025-06-07 20:07:43,428 DEBUG o.h.e.j.s.SqlStatementLogger [main] 
    drop table if exists "subject" cascade 
2025-06-07 20:07:43,429 DEBUG o.h.e.j.s.SqlStatementLogger [main] 
    drop table if exists "trimestre" cascade 
2025-06-07 20:07:43,429 DEBUG o.h.e.j.s.SqlStatementLogger [main] 
    drop table if exists "type_affectation" cascade 
2025-06-07 20:07:43,430 DEBUG o.h.e.j.s.SqlStatementLogger [main] 
    drop table if exists "utilisateur" cascade 
2025-06-07 20:07:43,442 DEBUG o.h.e.j.s.SqlStatementLogger [main] 
    create table "affectation" (
        "date_debut" date,
        "date_fin" date,
        "annee_scolaire_id" bigint not null,
        "classe_id" bigint not null,
        "created_at" timestamp(6),
        "enseignant_id" bigint not null,
        "id" bigint generated by default as identity,
        "matiere_id" bigint not null,
        "updated_at" timestamp(6),
        "type_code" varchar(20) not null,
        primary key ("id")
    )
2025-06-07 20:07:43,456 DEBUG o.h.e.j.s.SqlStatementLogger [main] 
    create table "annee_scolaire" (
        "date_debut" date not null,
        "date_fin" date not null,
        "created_at" timestamp(6),
        "id" bigint generated by default as identity,
        "updated_at" timestamp(6),
        "statut_code" varchar(20) not null,
        "libelle" varchar(50) not null,
        primary key ("id")
    )
2025-06-07 20:07:43,460 DEBUG o.h.e.j.s.SqlStatementLogger [main] 
    create table "classes" (
        "actif" boolean,
        "capacite" integer,
        "created_at" timestamp(6),
        "id" bigint generated by default as identity,
        "updated_at" timestamp(6),
        "annee_scolaire" varchar(9) not null,
        "niveau" varchar(50) not null,
        "nom" varchar(100) not null,
        "description" varchar(500),
        primary key ("id")
    )
2025-06-07 20:07:43,464 DEBUG o.h.e.j.s.SqlStatementLogger [main] 
    create table "document" (
        "date_ajout" timestamp(6),
        "eleve_id" bigint,
        "id" bigint generated by default as identity,
        "chemin_fichier" varchar(255) not null,
        "type_document" enum ('AUTRE','BULLETIN','RECU') not null,
        primary key ("id")
    )
2025-06-07 20:07:43,469 DEBUG o.h.e.j.s.SqlStatementLogger [main] 
    create table "eleve" (
        "actif" boolean,
        "date_naissance" date,
        "classe_id" bigint,
        "created_at" timestamp(6),
        "date_inscription" timestamp(6),
        "id" bigint generated by default as identity,
        "parent_id" bigint,
        "section_id" bigint,
        "updated_at" timestamp(6),
        "genre" varchar(20),
        "email" varchar(100) not null unique,
        "nom" varchar(100) not null,
        "prenom" varchar(100) not null,
        "adresse" varchar(200),
        primary key ("id")
    )
2025-06-07 20:07:43,475 DEBUG o.h.e.j.s.SqlStatementLogger [main] 
    create table "enseignant" (
        "actif" boolean,
        "created_at" timestamp(6),
        "date_embauche" timestamp(6),
        "id" bigint generated by default as identity,
        "section_id" bigint,
        "updated_at" timestamp(6),
        "telephone" varchar(20),
        "niveau" varchar(50),
        "email" varchar(100) not null unique,
        "nom" varchar(100) not null,
        "prenom" varchar(100) not null,
        "specialite" varchar(100),
        primary key ("id")
    )
2025-06-07 20:07:43,480 DEBUG o.h.e.j.s.SqlStatementLogger [main] 
    create table "grade" (
        "grade" float(53) not null,
        "created_at" timestamp(6),
        "id" bigint generated by default as identity,
        "student_id" bigint not null,
        "subject_id" bigint not null,
        "updated_at" timestamp(6),
        "period" varchar(20) not null,
        "comments" varchar(500),
        primary key ("id")
    )
2025-06-07 20:07:43,489 DEBUG o.h.e.j.s.SqlStatementLogger [main] 
    create table "log_activite" (
        "date_action" timestamp(6),
        "id" bigint generated by default as identity,
        "reference_id" bigint,
        "utilisateur_id" bigint not null,
        "ip_adresse" varchar(45),
        "table_cible" varchar(100),
        "action" varchar(255) not null,
        primary key ("id")
    )
2025-06-07 20:07:43,494 DEBUG o.h.e.j.s.SqlStatementLogger [main] 
    create table "matiere" (
        "coefficient" numeric(5,2) not null,
        "created_at" timestamp(6),
        "id" bigint generated by default as identity,
        "updated_at" timestamp(6),
        "nom" varchar(100) not null,
        primary key ("id")
    )
2025-06-07 20:07:43,496 DEBUG o.h.e.j.s.SqlStatementLogger [main] 
    create table "note" (
        "note" numeric(5,2) not null,
        "created_at" timestamp(6) not null,
        "eleve_id" bigint not null,
        "id" bigint generated by default as identity,
        "matiere_id" bigint not null,
        "sequence_id" bigint not null,
        "trimestre_id" bigint,
        "updated_at" timestamp(6),
        "commentaire" varchar(255),
        primary key ("id")
    )
2025-06-07 20:07:43,499 DEBUG o.h.e.j.s.SqlStatementLogger [main] 
    create table "notifications" (
        "read" boolean,
        "created_at" timestamp(6),
        "id" bigint generated by default as identity,
        "user_id" bigint,
        "message" varchar(255) not null,
        primary key ("id")
    )
2025-06-07 20:07:43,505 DEBUG o.h.e.j.s.SqlStatementLogger [main] 
    create table "paiements" (
        "date_paiement" date,
        "montant" numeric(38,2) not null,
        "eleve_id" bigint not null,
        "id" bigint generated by default as identity,
        "description" varchar(255),
        "type_paiement" varchar(255),
        primary key ("id")
    )
2025-06-07 20:07:43,509 DEBUG o.h.e.j.s.SqlStatementLogger [main] 
    create table "parents" (
        "id" bigint generated by default as identity,
        "adresse" varchar(255),
        "email" varchar(255) unique,
        "nom" varchar(255) not null,
        "prenom" varchar(255) not null,
        "profession" varchar(255),
        "telephone" varchar(255),
        primary key ("id")
    )
2025-06-07 20:07:43,512 DEBUG o.h.e.j.s.SqlStatementLogger [main] 
    create table "profil_utilisateur" (
        "created_at" timestamp(6),
        "id" bigint generated by default as identity,
        "reference_id" bigint not null,
        "updated_at" timestamp(6),
        "utilisateur_id" bigint not null,
        "type_personne" enum ('AGENT','ELEVE','ENSEIGNANT','PARENT') not null,
        primary key ("id")
    )
2025-06-07 20:07:43,515 DEBUG o.h.e.j.s.SqlStatementLogger [main] 
    create table "role" (
        "id" bigint generated by default as identity,
        "libelle" varchar(50) not null unique,
        primary key ("id")
    )
2025-06-07 20:07:43,519 DEBUG o.h.e.j.s.SqlStatementLogger [main] 
    create table "sections" (
        "id" bigint generated by default as identity,
        "description" varchar(255),
        "nom" varchar(255) not null,
        primary key ("id")
    )
2025-06-07 20:07:43,524 DEBUG o.h.e.j.s.SqlStatementLogger [main] 
    create table "sequence" (
        "numero" integer not null,
        "created_at" timestamp(6),
        "id" bigint generated by default as identity,
        "trimestre_id" bigint not null,
        "updated_at" timestamp(6),
        "libelle" varchar(50) not null,
        primary key ("id")
    )
2025-06-07 20:07:43,526 DEBUG o.h.e.j.s.SqlStatementLogger [main] 
    create table "statut_annee" (
        "code" varchar(20) not null,
        "libelle" varchar(100) not null,
        primary key ("code")
    )
2025-06-07 20:07:43,537 DEBUG o.h.e.j.s.SqlStatementLogger [main] 
    create table "student_progress_report" (
        "attendance_rate" float(53),
        "average_grade" float(53),
        "created_at" timestamp(6),
        "id" bigint generated by default as identity,
        "student_id" bigint not null,
        "updated_at" timestamp(6),
        "period" varchar(20) not null,
        "comments" varchar(1000),
        primary key ("id")
    )
2025-06-07 20:07:43,542 DEBUG o.h.e.j.s.SqlStatementLogger [main] 
    create table "students" (
        "actif" boolean,
        "date_naissance" date not null,
        "genre" varchar(1),
        "classe_id" bigint,
        "created_at" timestamp(6),
        "date_inscription" timestamp(6) not null,
        "id" bigint generated by default as identity,
        "section_id" bigint,
        "updated_at" timestamp(6),
        "telephone" varchar(20),
        "section_name" varchar(50),
        "email" varchar(100) not null unique,
        "nom" varchar(100) not null,
        "nom_classe" varchar(100),
        "nom_parent" varchar(100),
        "prenom" varchar(100) not null,
        "adresse" varchar(200),
        primary key ("id")
    )
2025-06-07 20:07:43,548 DEBUG o.h.e.j.s.SqlStatementLogger [main] 
    create table "subject" (
        "actif" boolean,
        "coefficient" integer,
        "created_at" timestamp(6),
        "id" bigint generated by default as identity,
        "updated_at" timestamp(6),
        "code" varchar(20) not null unique,
        "nom" varchar(100) not null,
        "description" varchar(500),
        primary key ("id")
    )
2025-06-07 20:07:43,552 DEBUG o.h.e.j.s.SqlStatementLogger [main] 
    create table "trimestre" (
        "numero" integer not null,
        "annee_scolaire_id" bigint not null,
        "created_at" timestamp(6),
        "id" bigint generated by default as identity,
        "updated_at" timestamp(6),
        "libelle" varchar(50) not null,
        primary key ("id")
    )
2025-06-07 20:07:43,556 DEBUG o.h.e.j.s.SqlStatementLogger [main] 
    create table "type_affectation" (
        "code" varchar(20) not null,
        "libelle" varchar(100) not null,
        primary key ("code")
    )
2025-06-07 20:07:43,558 DEBUG o.h.e.j.s.SqlStatementLogger [main] 
    create table "utilisateur" (
        "actif" boolean,
        "created_at" timestamp(6),
        "id" bigint generated by default as identity,
        "last_login" timestamp(6),
        "role_id" bigint not null,
        "updated_at" timestamp(6),
        "email" varchar(100) not null unique,
        "nom" varchar(100) not null,
        "mot_de_passe" varchar(255) not null,
        "reset_token" varchar(255),
        "type_personne" enum ('ADMIN','AGENT','ELEVE','ENSEIGNANT','PARENT') not null,
        primary key ("id")
    )
2025-06-07 20:07:43,565 DEBUG o.h.e.j.s.SqlStatementLogger [main] 
    alter table if exists "affectation" 
       add constraint "FK9eu96qf7kye9sf1pmecfd0yfm" 
       foreign key ("annee_scolaire_id") 
       references "annee_scolaire"
2025-06-07 20:07:43,606 DEBUG o.h.e.j.s.SqlStatementLogger [main] 
    alter table if exists "affectation" 
       add constraint "FKpe0bo22qt45crdtir2olejjyg" 
       foreign key ("classe_id") 
       references "classes"
2025-06-07 20:07:43,610 DEBUG o.h.e.j.s.SqlStatementLogger [main] 
    alter table if exists "affectation" 
       add constraint "FK3av7c7bm789r6knql1ykv0iuh" 
       foreign key ("enseignant_id") 
       references "enseignant"
2025-06-07 20:07:43,615 DEBUG o.h.e.j.s.SqlStatementLogger [main] 
    alter table if exists "affectation" 
       add constraint "FKbd6pqb4xm1b2f6dsjng6t9vy1" 
       foreign key ("matiere_id") 
       references "matiere"
2025-06-07 20:07:43,618 DEBUG o.h.e.j.s.SqlStatementLogger [main] 
    alter table if exists "document" 
       add constraint "FK4uxipd5g6ulta9p7gt3992osv" 
       foreign key ("eleve_id") 
       references "eleve"
2025-06-07 20:07:43,623 DEBUG o.h.e.j.s.SqlStatementLogger [main] 
    alter table if exists "eleve" 
       add constraint "FKak1ytyiywaoq3w1wjuwpdu81p" 
       foreign key ("classe_id") 
       references "classes"
2025-06-07 20:07:43,626 DEBUG o.h.e.j.s.SqlStatementLogger [main] 
    alter table if exists "eleve" 
       add constraint "FK31spnejrvma8oawmo11nku169" 
       foreign key ("parent_id") 
       references "parents"
2025-06-07 20:07:43,629 DEBUG o.h.e.j.s.SqlStatementLogger [main] 
    alter table if exists "eleve" 
       add constraint "FKfpstf9bai3b6n4qu9wsx077ja" 
       foreign key ("section_id") 
       references "sections"
2025-06-07 20:07:43,632 DEBUG o.h.e.j.s.SqlStatementLogger [main] 
    alter table if exists "enseignant" 
       add constraint "FKh4do9onk9pwd1p5hpdl2jlvsw" 
       foreign key ("section_id") 
       references "sections"
2025-06-07 20:07:43,635 DEBUG o.h.e.j.s.SqlStatementLogger [main] 
    alter table if exists "grade" 
       add constraint "FKipf4njw2w6vostd6y4ti401mm" 
       foreign key ("student_id") 
       references "utilisateur"
2025-06-07 20:07:43,638 DEBUG o.h.e.j.s.SqlStatementLogger [main] 
    alter table if exists "grade" 
       add constraint "FKga475phybm7f4xh2qgjlm4tef" 
       foreign key ("subject_id") 
       references "subject"
2025-06-07 20:07:43,644 DEBUG o.h.e.j.s.SqlStatementLogger [main] 
    alter table if exists "log_activite" 
       add constraint "FKrfsnh1x7lprexosg0odve3edk" 
       foreign key ("utilisateur_id") 
       references "utilisateur"
2025-06-07 20:07:43,647 DEBUG o.h.e.j.s.SqlStatementLogger [main] 
    alter table if exists "note" 
       add constraint "FKckjcf0lcp26yn81tkbiyyvpxs" 
       foreign key ("eleve_id") 
       references "eleve"
2025-06-07 20:07:43,649 DEBUG o.h.e.j.s.SqlStatementLogger [main] 
    alter table if exists "note" 
       add constraint "FKce6fgrwojbdjuyfobkryhsubc" 
       foreign key ("matiere_id") 
       references "matiere"
2025-06-07 20:07:43,657 DEBUG o.h.e.j.s.SqlStatementLogger [main] 
    alter table if exists "note" 
       add constraint "FKnx3h3lbhngn4he4lrc8ylhrxh" 
       foreign key ("sequence_id") 
       references "sequence"
2025-06-07 20:07:43,668 DEBUG o.h.e.j.s.SqlStatementLogger [main] 
    alter table if exists "note" 
       add constraint "FKsq8sa1xg25htraxpx0ylx3lgk" 
       foreign key ("trimestre_id") 
       references "trimestre"
2025-06-07 20:07:43,671 DEBUG o.h.e.j.s.SqlStatementLogger [main] 
    alter table if exists "paiements" 
       add constraint "FKafefes0eqpleg9i7g6mvt6xhh" 
       foreign key ("eleve_id") 
       references "eleve"
2025-06-07 20:07:43,679 DEBUG o.h.e.j.s.SqlStatementLogger [main] 
    alter table if exists "profil_utilisateur" 
       add constraint "FK177de5xq3y87tjxuwctokx341" 
       foreign key ("utilisateur_id") 
       references "utilisateur"
2025-06-07 20:07:43,682 DEBUG o.h.e.j.s.SqlStatementLogger [main] 
    alter table if exists "sequence" 
       add constraint "FKclybiy2bjbpf0ejgg6rq51ynf" 
       foreign key ("trimestre_id") 
       references "trimestre"
2025-06-07 20:07:43,684 DEBUG o.h.e.j.s.SqlStatementLogger [main] 
    alter table if exists "student_progress_report" 
       add constraint "FK1u5j5o832a13lgcq3foy1g3rr" 
       foreign key ("student_id") 
       references "utilisateur"
2025-06-07 20:07:43,690 DEBUG o.h.e.j.s.SqlStatementLogger [main] 
    alter table if exists "students" 
       add constraint "FKtb9nirq953dcf0onxisl98ni1" 
       foreign key ("classe_id") 
       references "classes"
2025-06-07 20:07:43,693 DEBUG o.h.e.j.s.SqlStatementLogger [main] 
    alter table if exists "students" 
       add constraint "FKgkvw6901117nqyb8tyx3gmpk5" 
       foreign key ("section_id") 
       references "sections"
2025-06-07 20:07:43,696 DEBUG o.h.e.j.s.SqlStatementLogger [main] 
    alter table if exists "trimestre" 
       add constraint "FKql50yxg7ydwdp4uom1mltlbkr" 
       foreign key ("annee_scolaire_id") 
       references "annee_scolaire"
2025-06-07 20:07:43,699 DEBUG o.h.e.j.s.SqlStatementLogger [main] 
    alter table if exists "utilisateur" 
       add constraint "FKmjx8u4qqtx1pp4g0tpmuf3yb9" 
       foreign key ("role_id") 
       references "role"
2025-06-07 20:07:43,713 INFO o.s.o.j.AbstractEntityManagerFactoryBean [main] Initialized JPA EntityManagerFactory for persistence unit 'default'
2025-06-07 20:07:44,585 INFO o.s.d.j.r.q.QueryEnhancerFactory [main] Hibernate is in classpath; If applicable, HQL parser will be used.
2025-06-07 20:07:45,357 WARN o.s.c.s.AbstractApplicationContext [main] Exception encountered during context initialization - cancelling refresh attempt: org.springframework.beans.factory.UnsatisfiedDependencyException: Error creating bean with name 'gradeController' defined in file [C:\Users\GLOBAL STORE\Documents\Primary-School\backend\build\classes\java\main\com\school\management\controller\GradeController.class]: Unsatisfied dependency expressed through constructor parameter 0: Error creating bean with name 'gradeService' defined in file [C:\Users\GLOBAL STORE\Documents\Primary-School\backend\build\classes\java\main\com\school\management\service\GradeService.class]: Unsatisfied dependency expressed through constructor parameter 1: Error creating bean with name 'notificationService' defined in file [C:\Users\GLOBAL STORE\Documents\Primary-School\backend\build\classes\java\main\com\school\management\service\NotificationService.class]: Unsatisfied dependency expressed through constructor parameter 0: No qualifying bean of type 'org.springframework.messaging.simp.SimpMessagingTemplate' available: expected at least 1 bean which qualifies as autowire candidate. Dependency annotations: {}
2025-06-07 20:07:45,358 INFO o.s.o.j.AbstractEntityManagerFactoryBean [main] Closing JPA EntityManagerFactory for persistence unit 'default'
2025-06-07 20:07:45,359 DEBUG o.h.e.j.s.SqlStatementLogger [main] 
    drop table if exists "affectation" cascade 
2025-06-07 20:07:45,362 DEBUG o.h.e.j.s.SqlStatementLogger [main] 
    drop table if exists "annee_scolaire" cascade 
2025-06-07 20:07:45,363 DEBUG o.h.e.j.s.SqlStatementLogger [main] 
    drop table if exists "classes" cascade 
2025-06-07 20:07:45,364 DEBUG o.h.e.j.s.SqlStatementLogger [main] 
    drop table if exists "document" cascade 
2025-06-07 20:07:45,366 DEBUG o.h.e.j.s.SqlStatementLogger [main] 
    drop table if exists "eleve" cascade 
2025-06-07 20:07:45,368 DEBUG o.h.e.j.s.SqlStatementLogger [main] 
    drop table if exists "enseignant" cascade 
2025-06-07 20:07:45,369 DEBUG o.h.e.j.s.SqlStatementLogger [main] 
    drop table if exists "grade" cascade 
2025-06-07 20:07:45,370 DEBUG o.h.e.j.s.SqlStatementLogger [main] 
    drop table if exists "log_activite" cascade 
2025-06-07 20:07:45,371 DEBUG o.h.e.j.s.SqlStatementLogger [main] 
    drop table if exists "matiere" cascade 
2025-06-07 20:07:45,372 DEBUG o.h.e.j.s.SqlStatementLogger [main] 
    drop table if exists "note" cascade 
2025-06-07 20:07:45,373 DEBUG o.h.e.j.s.SqlStatementLogger [main] 
    drop table if exists "notifications" cascade 
2025-06-07 20:07:45,374 DEBUG o.h.e.j.s.SqlStatementLogger [main] 
    drop table if exists "paiements" cascade 
2025-06-07 20:07:45,374 DEBUG o.h.e.j.s.SqlStatementLogger [main] 
    drop table if exists "parents" cascade 
2025-06-07 20:07:45,376 DEBUG o.h.e.j.s.SqlStatementLogger [main] 
    drop table if exists "profil_utilisateur" cascade 
2025-06-07 20:07:45,377 DEBUG o.h.e.j.s.SqlStatementLogger [main] 
    drop table if exists "role" cascade 
2025-06-07 20:07:45,378 DEBUG o.h.e.j.s.SqlStatementLogger [main] 
    drop table if exists "sections" cascade 
2025-06-07 20:07:45,379 DEBUG o.h.e.j.s.SqlStatementLogger [main] 
    drop table if exists "sequence" cascade 
2025-06-07 20:07:45,380 DEBUG o.h.e.j.s.SqlStatementLogger [main] 
    drop table if exists "statut_annee" cascade 
2025-06-07 20:07:45,380 DEBUG o.h.e.j.s.SqlStatementLogger [main] 
    drop table if exists "student_progress_report" cascade 
2025-06-07 20:07:45,382 DEBUG o.h.e.j.s.SqlStatementLogger [main] 
    drop table if exists "students" cascade 
2025-06-07 20:07:45,382 DEBUG o.h.e.j.s.SqlStatementLogger [main] 
    drop table if exists "subject" cascade 
2025-06-07 20:07:45,383 DEBUG o.h.e.j.s.SqlStatementLogger [main] 
    drop table if exists "trimestre" cascade 
2025-06-07 20:07:45,383 DEBUG o.h.e.j.s.SqlStatementLogger [main] 
    drop table if exists "type_affectation" cascade 
2025-06-07 20:07:45,384 DEBUG o.h.e.j.s.SqlStatementLogger [main] 
    drop table if exists "utilisateur" cascade 
2025-06-07 20:07:45,389 INFO c.z.h.HikariDataSource [main] HikariPool-1 - Shutdown initiated...
2025-06-07 20:07:45,392 INFO c.z.h.HikariDataSource [main] HikariPool-1 - Shutdown completed.
2025-06-07 20:07:45,395 INFO o.a.j.l.DirectJDKLog [main] Stopping service [Tomcat]
2025-06-07 20:07:45,424 INFO o.s.b.a.l.ConditionEvaluationReportLogger [main] 

Error starting ApplicationContext. To display the condition evaluation report re-run your application with 'debug' enabled.
2025-06-07 20:07:45,499 ERROR o.s.b.d.LoggingFailureAnalysisReporter [main] 

***************************
APPLICATION FAILED TO START
***************************

Description:

Parameter 0 of constructor in com.school.management.service.NotificationService required a bean of type 'org.springframework.messaging.simp.SimpMessagingTemplate' that could not be found.


Action:

Consider defining a bean of type 'org.springframework.messaging.simp.SimpMessagingTemplate' in your configuration.

2025-06-07 20:20:26,425 INFO o.h.v.i.u.Version [background-preinit] HV000001: Hibernate Validator 8.0.1.Final
2025-06-07 20:20:26,597 INFO o.s.b.StartupInfoLogger [main] Starting SchoolManagementApplication using Java 21.0.6 with PID 24248 (C:\Users\GLOBAL STORE\Documents\Primary-School\backend\build\classes\java\main started by GLOBAL STORE in C:\Users\GLOBAL STORE\Documents\Primary-School\backend)
2025-06-07 20:20:26,598 DEBUG o.s.b.StartupInfoLogger [main] Running with Spring Boot v3.3.0, Spring v6.1.8
2025-06-07 20:20:26,599 INFO o.s.b.SpringApplication [main] No active profile set, falling back to 1 default profile: "default"
2025-06-07 20:20:29,369 INFO o.s.d.r.c.RepositoryConfigurationDelegate [main] Multiple Spring Data modules found, entering strict repository configuration mode
2025-06-07 20:20:29,394 INFO o.s.d.r.c.RepositoryConfigurationDelegate [main] Bootstrapping Spring Data JPA repositories in DEFAULT mode.
2025-06-07 20:20:29,921 INFO o.s.d.r.c.RepositoryConfigurationDelegate [main] Finished Spring Data repository scanning in 514 ms. Found 22 JPA repository interfaces.
2025-06-07 20:20:29,953 INFO o.s.d.r.c.RepositoryConfigurationDelegate [main] Multiple Spring Data modules found, entering strict repository configuration mode
2025-06-07 20:20:29,956 INFO o.s.d.r.c.RepositoryConfigurationDelegate [main] Bootstrapping Spring Data Redis repositories in DEFAULT mode.
2025-06-07 20:20:29,995 INFO o.s.d.r.c.RepositoryConfigurationExtensionSupport [main] Spring Data Redis - Could not safely identify store assignment for repository candidate interface com.school.management.repository.AffectationRepository; If you want this repository to be a Redis repository, consider annotating your entities with one of these annotations: org.springframework.data.redis.core.RedisHash (preferred), or consider extending one of the following types with your repository: org.springframework.data.keyvalue.repository.KeyValueRepository
2025-06-07 20:20:29,996 INFO o.s.d.r.c.RepositoryConfigurationExtensionSupport [main] Spring Data Redis - Could not safely identify store assignment for repository candidate interface com.school.management.repository.AnneeScolaireRepository; If you want this repository to be a Redis repository, consider annotating your entities with one of these annotations: org.springframework.data.redis.core.RedisHash (preferred), or consider extending one of the following types with your repository: org.springframework.data.keyvalue.repository.KeyValueRepository
2025-06-07 20:20:29,996 INFO o.s.d.r.c.RepositoryConfigurationExtensionSupport [main] Spring Data Redis - Could not safely identify store assignment for repository candidate interface com.school.management.repository.ClasseRepository; If you want this repository to be a Redis repository, consider annotating your entities with one of these annotations: org.springframework.data.redis.core.RedisHash (preferred), or consider extending one of the following types with your repository: org.springframework.data.keyvalue.repository.KeyValueRepository
2025-06-07 20:20:29,997 INFO o.s.d.r.c.RepositoryConfigurationExtensionSupport [main] Spring Data Redis - Could not safely identify store assignment for repository candidate interface com.school.management.repository.ClassRepository; If you want this repository to be a Redis repository, consider annotating your entities with one of these annotations: org.springframework.data.redis.core.RedisHash (preferred), or consider extending one of the following types with your repository: org.springframework.data.keyvalue.repository.KeyValueRepository
2025-06-07 20:20:29,997 INFO o.s.d.r.c.RepositoryConfigurationExtensionSupport [main] Spring Data Redis - Could not safely identify store assignment for repository candidate interface com.school.management.repository.DocumentRepository; If you want this repository to be a Redis repository, consider annotating your entities with one of these annotations: org.springframework.data.redis.core.RedisHash (preferred), or consider extending one of the following types with your repository: org.springframework.data.keyvalue.repository.KeyValueRepository
2025-06-07 20:20:29,997 INFO o.s.d.r.c.RepositoryConfigurationExtensionSupport [main] Spring Data Redis - Could not safely identify store assignment for repository candidate interface com.school.management.repository.EleveRepository; If you want this repository to be a Redis repository, consider annotating your entities with one of these annotations: org.springframework.data.redis.core.RedisHash (preferred), or consider extending one of the following types with your repository: org.springframework.data.keyvalue.repository.KeyValueRepository
2025-06-07 20:20:29,998 INFO o.s.d.r.c.RepositoryConfigurationExtensionSupport [main] Spring Data Redis - Could not safely identify store assignment for repository candidate interface com.school.management.repository.EnseignantRepository; If you want this repository to be a Redis repository, consider annotating your entities with one of these annotations: org.springframework.data.redis.core.RedisHash (preferred), or consider extending one of the following types with your repository: org.springframework.data.keyvalue.repository.KeyValueRepository
2025-06-07 20:20:29,998 INFO o.s.d.r.c.RepositoryConfigurationExtensionSupport [main] Spring Data Redis - Could not safely identify store assignment for repository candidate interface com.school.management.repository.GradeRepository; If you want this repository to be a Redis repository, consider annotating your entities with one of these annotations: org.springframework.data.redis.core.RedisHash (preferred), or consider extending one of the following types with your repository: org.springframework.data.keyvalue.repository.KeyValueRepository
2025-06-07 20:20:29,999 INFO o.s.d.r.c.RepositoryConfigurationExtensionSupport [main] Spring Data Redis - Could not safely identify store assignment for repository candidate interface com.school.management.repository.LogActiviteRepository; If you want this repository to be a Redis repository, consider annotating your entities with one of these annotations: org.springframework.data.redis.core.RedisHash (preferred), or consider extending one of the following types with your repository: org.springframework.data.keyvalue.repository.KeyValueRepository
2025-06-07 20:20:29,999 INFO o.s.d.r.c.RepositoryConfigurationExtensionSupport [main] Spring Data Redis - Could not safely identify store assignment for repository candidate interface com.school.management.repository.MatiereRepository; If you want this repository to be a Redis repository, consider annotating your entities with one of these annotations: org.springframework.data.redis.core.RedisHash (preferred), or consider extending one of the following types with your repository: org.springframework.data.keyvalue.repository.KeyValueRepository
2025-06-07 20:20:29,999 INFO o.s.d.r.c.RepositoryConfigurationExtensionSupport [main] Spring Data Redis - Could not safely identify store assignment for repository candidate interface com.school.management.repository.NoteRepository; If you want this repository to be a Redis repository, consider annotating your entities with one of these annotations: org.springframework.data.redis.core.RedisHash (preferred), or consider extending one of the following types with your repository: org.springframework.data.keyvalue.repository.KeyValueRepository
2025-06-07 20:20:30,000 INFO o.s.d.r.c.RepositoryConfigurationExtensionSupport [main] Spring Data Redis - Could not safely identify store assignment for repository candidate interface com.school.management.repository.NotificationRepository; If you want this repository to be a Redis repository, consider annotating your entities with one of these annotations: org.springframework.data.redis.core.RedisHash (preferred), or consider extending one of the following types with your repository: org.springframework.data.keyvalue.repository.KeyValueRepository
2025-06-07 20:20:30,000 INFO o.s.d.r.c.RepositoryConfigurationExtensionSupport [main] Spring Data Redis - Could not safely identify store assignment for repository candidate interface com.school.management.repository.PaiementRepository; If you want this repository to be a Redis repository, consider annotating your entities with one of these annotations: org.springframework.data.redis.core.RedisHash (preferred), or consider extending one of the following types with your repository: org.springframework.data.keyvalue.repository.KeyValueRepository
2025-06-07 20:20:30,000 INFO o.s.d.r.c.RepositoryConfigurationExtensionSupport [main] Spring Data Redis - Could not safely identify store assignment for repository candidate interface com.school.management.repository.ProfilUtilisateurRepository; If you want this repository to be a Redis repository, consider annotating your entities with one of these annotations: org.springframework.data.redis.core.RedisHash (preferred), or consider extending one of the following types with your repository: org.springframework.data.keyvalue.repository.KeyValueRepository
2025-06-07 20:20:30,000 INFO o.s.d.r.c.RepositoryConfigurationExtensionSupport [main] Spring Data Redis - Could not safely identify store assignment for repository candidate interface com.school.management.repository.RoleRepository; If you want this repository to be a Redis repository, consider annotating your entities with one of these annotations: org.springframework.data.redis.core.RedisHash (preferred), or consider extending one of the following types with your repository: org.springframework.data.keyvalue.repository.KeyValueRepository
2025-06-07 20:20:30,001 INFO o.s.d.r.c.RepositoryConfigurationExtensionSupport [main] Spring Data Redis - Could not safely identify store assignment for repository candidate interface com.school.management.repository.SectionRepository; If you want this repository to be a Redis repository, consider annotating your entities with one of these annotations: org.springframework.data.redis.core.RedisHash (preferred), or consider extending one of the following types with your repository: org.springframework.data.keyvalue.repository.KeyValueRepository
2025-06-07 20:20:30,001 INFO o.s.d.r.c.RepositoryConfigurationExtensionSupport [main] Spring Data Redis - Could not safely identify store assignment for repository candidate interface com.school.management.repository.SequenceRepository; If you want this repository to be a Redis repository, consider annotating your entities with one of these annotations: org.springframework.data.redis.core.RedisHash (preferred), or consider extending one of the following types with your repository: org.springframework.data.keyvalue.repository.KeyValueRepository
2025-06-07 20:20:30,001 INFO o.s.d.r.c.RepositoryConfigurationExtensionSupport [main] Spring Data Redis - Could not safely identify store assignment for repository candidate interface com.school.management.repository.StatutAnneeRepository; If you want this repository to be a Redis repository, consider annotating your entities with one of these annotations: org.springframework.data.redis.core.RedisHash (preferred), or consider extending one of the following types with your repository: org.springframework.data.keyvalue.repository.KeyValueRepository
2025-06-07 20:20:30,002 INFO o.s.d.r.c.RepositoryConfigurationExtensionSupport [main] Spring Data Redis - Could not safely identify store assignment for repository candidate interface com.school.management.repository.StudentRepository; If you want this repository to be a Redis repository, consider annotating your entities with one of these annotations: org.springframework.data.redis.core.RedisHash (preferred), or consider extending one of the following types with your repository: org.springframework.data.keyvalue.repository.KeyValueRepository
2025-06-07 20:20:30,002 INFO o.s.d.r.c.RepositoryConfigurationExtensionSupport [main] Spring Data Redis - Could not safely identify store assignment for repository candidate interface com.school.management.repository.TrimestreRepository; If you want this repository to be a Redis repository, consider annotating your entities with one of these annotations: org.springframework.data.redis.core.RedisHash (preferred), or consider extending one of the following types with your repository: org.springframework.data.keyvalue.repository.KeyValueRepository
2025-06-07 20:20:30,002 INFO o.s.d.r.c.RepositoryConfigurationExtensionSupport [main] Spring Data Redis - Could not safely identify store assignment for repository candidate interface com.school.management.repository.TypeAffectationRepository; If you want this repository to be a Redis repository, consider annotating your entities with one of these annotations: org.springframework.data.redis.core.RedisHash (preferred), or consider extending one of the following types with your repository: org.springframework.data.keyvalue.repository.KeyValueRepository
2025-06-07 20:20:30,003 INFO o.s.d.r.c.RepositoryConfigurationExtensionSupport [main] Spring Data Redis - Could not safely identify store assignment for repository candidate interface com.school.management.repository.UtilisateurRepository; If you want this repository to be a Redis repository, consider annotating your entities with one of these annotations: org.springframework.data.redis.core.RedisHash (preferred), or consider extending one of the following types with your repository: org.springframework.data.keyvalue.repository.KeyValueRepository
2025-06-07 20:20:30,003 INFO o.s.d.r.c.RepositoryConfigurationDelegate [main] Finished Spring Data repository scanning in 21 ms. Found 0 Redis repository interfaces.
2025-06-07 20:20:31,888 INFO o.s.b.w.e.t.TomcatWebServer [main] Tomcat initialized with port 8080 (http)
2025-06-07 20:20:31,915 INFO o.a.j.l.DirectJDKLog [main] Initializing ProtocolHandler ["http-nio-8080"]
2025-06-07 20:20:31,919 INFO o.a.j.l.DirectJDKLog [main] Starting service [Tomcat]
2025-06-07 20:20:31,920 INFO o.a.j.l.DirectJDKLog [main] Starting Servlet engine: [Apache Tomcat/10.1.24]
2025-06-07 20:20:32,032 INFO o.a.j.l.DirectJDKLog [main] Initializing Spring embedded WebApplicationContext
2025-06-07 20:20:32,033 INFO o.s.b.w.s.c.ServletWebServerApplicationContext [main] Root WebApplicationContext: initialization completed in 5335 ms
2025-06-07 20:20:32,424 INFO c.z.h.HikariDataSource [main] HikariPool-1 - Starting...
2025-06-07 20:20:32,865 INFO c.z.h.p.HikariPool [main] HikariPool-1 - Added connection conn0: url=jdbc:h2:mem:testdb user=SA
2025-06-07 20:20:32,868 INFO c.z.h.HikariDataSource [main] HikariPool-1 - Start completed.
2025-06-07 20:20:32,884 INFO o.s.b.a.h.H2ConsoleAutoConfiguration [main] H2 console available at '/h2-console'. Database available at 'jdbc:h2:mem:testdb'
2025-06-07 20:20:33,294 INFO o.h.j.i.u.LogHelper [main] HHH000204: Processing PersistenceUnitInfo [name: default]
2025-06-07 20:20:33,484 INFO o.h.Version [main] HHH000412: Hibernate ORM core version 6.5.2.Final
2025-06-07 20:20:33,592 INFO o.h.c.i.RegionFactoryInitiator [main] HHH000026: Second-level cache disabled
2025-06-07 20:20:34,338 INFO o.s.o.j.p.SpringPersistenceUnitInfo [main] No LoadTimeWeaver setup: ignoring JPA class transformer
2025-06-07 20:20:34,460 WARN o.h.e.j.d.i.DialectFactoryImpl [main] HHH90000025: H2Dialect does not need to be specified explicitly using 'hibernate.dialect' (remove the property setting and it will be selected by default)
2025-06-07 20:20:37,398 INFO o.h.e.t.j.p.i.JtaPlatformInitiator [main] HHH000489: No JTA platform available (set 'hibernate.transaction.jta.platform' to enable JTA platform integration)
2025-06-07 20:20:37,435 DEBUG o.h.e.j.s.SqlStatementLogger [main] 
    drop table if exists "affectation" cascade 
2025-06-07 20:20:37,442 DEBUG o.h.e.j.s.SqlStatementLogger [main] 
    drop table if exists "annee_scolaire" cascade 
2025-06-07 20:20:37,442 DEBUG o.h.e.j.s.SqlStatementLogger [main] 
    drop table if exists "classes" cascade 
2025-06-07 20:20:37,443 DEBUG o.h.e.j.s.SqlStatementLogger [main] 
    drop table if exists "document" cascade 
2025-06-07 20:20:37,443 DEBUG o.h.e.j.s.SqlStatementLogger [main] 
    drop table if exists "eleve" cascade 
2025-06-07 20:20:37,444 DEBUG o.h.e.j.s.SqlStatementLogger [main] 
    drop table if exists "enseignant" cascade 
2025-06-07 20:20:37,444 DEBUG o.h.e.j.s.SqlStatementLogger [main] 
    drop table if exists "grade" cascade 
2025-06-07 20:20:37,444 DEBUG o.h.e.j.s.SqlStatementLogger [main] 
    drop table if exists "log_activite" cascade 
2025-06-07 20:20:37,445 DEBUG o.h.e.j.s.SqlStatementLogger [main] 
    drop table if exists "matiere" cascade 
2025-06-07 20:20:37,446 DEBUG o.h.e.j.s.SqlStatementLogger [main] 
    drop table if exists "note" cascade 
2025-06-07 20:20:37,446 DEBUG o.h.e.j.s.SqlStatementLogger [main] 
    drop table if exists "notifications" cascade 
2025-06-07 20:20:37,447 DEBUG o.h.e.j.s.SqlStatementLogger [main] 
    drop table if exists "paiements" cascade 
2025-06-07 20:20:37,448 DEBUG o.h.e.j.s.SqlStatementLogger [main] 
    drop table if exists "parents" cascade 
2025-06-07 20:20:37,448 DEBUG o.h.e.j.s.SqlStatementLogger [main] 
    drop table if exists "profil_utilisateur" cascade 
2025-06-07 20:20:37,449 DEBUG o.h.e.j.s.SqlStatementLogger [main] 
    drop table if exists "role" cascade 
2025-06-07 20:20:37,449 DEBUG o.h.e.j.s.SqlStatementLogger [main] 
    drop table if exists "sections" cascade 
2025-06-07 20:20:37,450 DEBUG o.h.e.j.s.SqlStatementLogger [main] 
    drop table if exists "sequence" cascade 
2025-06-07 20:20:37,451 DEBUG o.h.e.j.s.SqlStatementLogger [main] 
    drop table if exists "statut_annee" cascade 
2025-06-07 20:20:37,451 DEBUG o.h.e.j.s.SqlStatementLogger [main] 
    drop table if exists "student_progress_report" cascade 
2025-06-07 20:20:37,451 DEBUG o.h.e.j.s.SqlStatementLogger [main] 
    drop table if exists "students" cascade 
2025-06-07 20:20:37,452 DEBUG o.h.e.j.s.SqlStatementLogger [main] 
    drop table if exists "subject" cascade 
2025-06-07 20:20:37,452 DEBUG o.h.e.j.s.SqlStatementLogger [main] 
    drop table if exists "trimestre" cascade 
2025-06-07 20:20:37,453 DEBUG o.h.e.j.s.SqlStatementLogger [main] 
    drop table if exists "type_affectation" cascade 
2025-06-07 20:20:37,453 DEBUG o.h.e.j.s.SqlStatementLogger [main] 
    drop table if exists "utilisateur" cascade 
2025-06-07 20:20:37,466 DEBUG o.h.e.j.s.SqlStatementLogger [main] 
    create table "affectation" (
        "date_debut" date,
        "date_fin" date,
        "annee_scolaire_id" bigint not null,
        "classe_id" bigint not null,
        "created_at" timestamp(6),
        "enseignant_id" bigint not null,
        "id" bigint generated by default as identity,
        "matiere_id" bigint not null,
        "updated_at" timestamp(6),
        "type_code" varchar(20) not null,
        primary key ("id")
    )
2025-06-07 20:20:37,478 DEBUG o.h.e.j.s.SqlStatementLogger [main] 
    create table "annee_scolaire" (
        "date_debut" date not null,
        "date_fin" date not null,
        "created_at" timestamp(6),
        "id" bigint generated by default as identity,
        "updated_at" timestamp(6),
        "statut_code" varchar(20) not null,
        "libelle" varchar(50) not null,
        primary key ("id")
    )
2025-06-07 20:20:37,481 DEBUG o.h.e.j.s.SqlStatementLogger [main] 
    create table "classes" (
        "actif" boolean,
        "capacite" integer,
        "created_at" timestamp(6),
        "id" bigint generated by default as identity,
        "updated_at" timestamp(6),
        "annee_scolaire" varchar(9) not null,
        "niveau" varchar(50) not null,
        "nom" varchar(100) not null,
        "description" varchar(500),
        primary key ("id")
    )
2025-06-07 20:20:37,484 DEBUG o.h.e.j.s.SqlStatementLogger [main] 
    create table "document" (
        "date_ajout" timestamp(6),
        "eleve_id" bigint,
        "id" bigint generated by default as identity,
        "chemin_fichier" varchar(255) not null,
        "type_document" enum ('AUTRE','BULLETIN','RECU') not null,
        primary key ("id")
    )
2025-06-07 20:20:37,487 DEBUG o.h.e.j.s.SqlStatementLogger [main] 
    create table "eleve" (
        "actif" boolean,
        "date_naissance" date,
        "classe_id" bigint,
        "created_at" timestamp(6),
        "date_inscription" timestamp(6),
        "id" bigint generated by default as identity,
        "parent_id" bigint,
        "section_id" bigint,
        "updated_at" timestamp(6),
        "genre" varchar(20),
        "email" varchar(100) not null unique,
        "nom" varchar(100) not null,
        "prenom" varchar(100) not null,
        "adresse" varchar(200),
        primary key ("id")
    )
2025-06-07 20:20:37,492 DEBUG o.h.e.j.s.SqlStatementLogger [main] 
    create table "enseignant" (
        "actif" boolean,
        "created_at" timestamp(6),
        "date_embauche" timestamp(6),
        "id" bigint generated by default as identity,
        "section_id" bigint,
        "updated_at" timestamp(6),
        "telephone" varchar(20),
        "niveau" varchar(50),
        "email" varchar(100) not null unique,
        "nom" varchar(100) not null,
        "prenom" varchar(100) not null,
        "specialite" varchar(100),
        primary key ("id")
    )
2025-06-07 20:20:37,496 DEBUG o.h.e.j.s.SqlStatementLogger [main] 
    create table "grade" (
        "grade" float(53) not null,
        "created_at" timestamp(6),
        "id" bigint generated by default as identity,
        "student_id" bigint not null,
        "subject_id" bigint not null,
        "updated_at" timestamp(6),
        "period" varchar(20) not null,
        "comments" varchar(500),
        primary key ("id")
    )
2025-06-07 20:20:37,498 DEBUG o.h.e.j.s.SqlStatementLogger [main] 
    create table "log_activite" (
        "date_action" timestamp(6),
        "id" bigint generated by default as identity,
        "reference_id" bigint,
        "utilisateur_id" bigint not null,
        "ip_adresse" varchar(45),
        "table_cible" varchar(100),
        "action" varchar(255) not null,
        primary key ("id")
    )
2025-06-07 20:20:37,500 DEBUG o.h.e.j.s.SqlStatementLogger [main] 
    create table "matiere" (
        "coefficient" numeric(5,2) not null,
        "created_at" timestamp(6),
        "id" bigint generated by default as identity,
        "updated_at" timestamp(6),
        "nom" varchar(100) not null,
        primary key ("id")
    )
2025-06-07 20:20:37,501 DEBUG o.h.e.j.s.SqlStatementLogger [main] 
    create table "note" (
        "note" numeric(5,2) not null,
        "created_at" timestamp(6) not null,
        "eleve_id" bigint not null,
        "id" bigint generated by default as identity,
        "matiere_id" bigint not null,
        "sequence_id" bigint not null,
        "trimestre_id" bigint,
        "updated_at" timestamp(6),
        "commentaire" varchar(255),
        primary key ("id")
    )
2025-06-07 20:20:37,503 DEBUG o.h.e.j.s.SqlStatementLogger [main] 
    create table "notifications" (
        "read" boolean,
        "created_at" timestamp(6),
        "id" bigint generated by default as identity,
        "user_id" bigint,
        "message" varchar(255) not null,
        primary key ("id")
    )
2025-06-07 20:20:37,506 DEBUG o.h.e.j.s.SqlStatementLogger [main] 
    create table "paiements" (
        "date_paiement" date,
        "montant" numeric(38,2) not null,
        "eleve_id" bigint not null,
        "id" bigint generated by default as identity,
        "description" varchar(255),
        "type_paiement" varchar(255),
        primary key ("id")
    )
2025-06-07 20:20:37,509 DEBUG o.h.e.j.s.SqlStatementLogger [main] 
    create table "parents" (
        "id" bigint generated by default as identity,
        "adresse" varchar(255),
        "email" varchar(255) unique,
        "nom" varchar(255) not null,
        "prenom" varchar(255) not null,
        "profession" varchar(255),
        "telephone" varchar(255),
        primary key ("id")
    )
2025-06-07 20:20:37,512 DEBUG o.h.e.j.s.SqlStatementLogger [main] 
    create table "profil_utilisateur" (
        "created_at" timestamp(6),
        "id" bigint generated by default as identity,
        "reference_id" bigint not null,
        "updated_at" timestamp(6),
        "utilisateur_id" bigint not null,
        "type_personne" enum ('AGENT','ELEVE','ENSEIGNANT','PARENT') not null,
        primary key ("id")
    )
2025-06-07 20:20:37,515 DEBUG o.h.e.j.s.SqlStatementLogger [main] 
    create table "role" (
        "id" bigint generated by default as identity,
        "libelle" varchar(50) not null unique,
        primary key ("id")
    )
2025-06-07 20:20:37,518 DEBUG o.h.e.j.s.SqlStatementLogger [main] 
    create table "sections" (
        "id" bigint generated by default as identity,
        "description" varchar(255),
        "nom" varchar(255) not null,
        primary key ("id")
    )
2025-06-07 20:20:37,521 DEBUG o.h.e.j.s.SqlStatementLogger [main] 
    create table "sequence" (
        "numero" integer not null,
        "created_at" timestamp(6),
        "id" bigint generated by default as identity,
        "trimestre_id" bigint not null,
        "updated_at" timestamp(6),
        "libelle" varchar(50) not null,
        primary key ("id")
    )
2025-06-07 20:20:37,523 DEBUG o.h.e.j.s.SqlStatementLogger [main] 
    create table "statut_annee" (
        "code" varchar(20) not null,
        "libelle" varchar(100) not null,
        primary key ("code")
    )
2025-06-07 20:20:37,526 DEBUG o.h.e.j.s.SqlStatementLogger [main] 
    create table "student_progress_report" (
        "attendance_rate" float(53),
        "average_grade" float(53),
        "created_at" timestamp(6),
        "id" bigint generated by default as identity,
        "student_id" bigint not null,
        "updated_at" timestamp(6),
        "period" varchar(20) not null,
        "comments" varchar(1000),
        primary key ("id")
    )
2025-06-07 20:20:37,529 DEBUG o.h.e.j.s.SqlStatementLogger [main] 
    create table "students" (
        "actif" boolean,
        "date_naissance" date not null,
        "genre" varchar(1),
        "classe_id" bigint,
        "created_at" timestamp(6),
        "date_inscription" timestamp(6) not null,
        "id" bigint generated by default as identity,
        "section_id" bigint,
        "updated_at" timestamp(6),
        "telephone" varchar(20),
        "section_name" varchar(50),
        "email" varchar(100) not null unique,
        "nom" varchar(100) not null,
        "nom_classe" varchar(100),
        "nom_parent" varchar(100),
        "prenom" varchar(100) not null,
        "adresse" varchar(200),
        primary key ("id")
    )
2025-06-07 20:20:37,535 DEBUG o.h.e.j.s.SqlStatementLogger [main] 
    create table "subject" (
        "actif" boolean,
        "coefficient" integer,
        "created_at" timestamp(6),
        "id" bigint generated by default as identity,
        "updated_at" timestamp(6),
        "code" varchar(20) not null unique,
        "nom" varchar(100) not null,
        "description" varchar(500),
        primary key ("id")
    )
2025-06-07 20:20:37,538 DEBUG o.h.e.j.s.SqlStatementLogger [main] 
    create table "trimestre" (
        "numero" integer not null,
        "annee_scolaire_id" bigint not null,
        "created_at" timestamp(6),
        "id" bigint generated by default as identity,
        "updated_at" timestamp(6),
        "libelle" varchar(50) not null,
        primary key ("id")
    )
2025-06-07 20:20:37,542 DEBUG o.h.e.j.s.SqlStatementLogger [main] 
    create table "type_affectation" (
        "code" varchar(20) not null,
        "libelle" varchar(100) not null,
        primary key ("code")
    )
2025-06-07 20:20:37,545 DEBUG o.h.e.j.s.SqlStatementLogger [main] 
    create table "utilisateur" (
        "actif" boolean,
        "created_at" timestamp(6),
        "id" bigint generated by default as identity,
        "last_login" timestamp(6),
        "role_id" bigint not null,
        "updated_at" timestamp(6),
        "email" varchar(100) not null unique,
        "nom" varchar(100) not null,
        "mot_de_passe" varchar(255) not null,
        "reset_token" varchar(255),
        "type_personne" enum ('ADMIN','AGENT','ELEVE','ENSEIGNANT','PARENT') not null,
        primary key ("id")
    )
2025-06-07 20:20:37,552 DEBUG o.h.e.j.s.SqlStatementLogger [main] 
    alter table if exists "affectation" 
       add constraint "FK9eu96qf7kye9sf1pmecfd0yfm" 
       foreign key ("annee_scolaire_id") 
       references "annee_scolaire"
2025-06-07 20:20:37,608 DEBUG o.h.e.j.s.SqlStatementLogger [main] 
    alter table if exists "affectation" 
       add constraint "FKpe0bo22qt45crdtir2olejjyg" 
       foreign key ("classe_id") 
       references "classes"
2025-06-07 20:20:37,616 DEBUG o.h.e.j.s.SqlStatementLogger [main] 
    alter table if exists "affectation" 
       add constraint "FK3av7c7bm789r6knql1ykv0iuh" 
       foreign key ("enseignant_id") 
       references "enseignant"
2025-06-07 20:20:37,622 DEBUG o.h.e.j.s.SqlStatementLogger [main] 
    alter table if exists "affectation" 
       add constraint "FKbd6pqb4xm1b2f6dsjng6t9vy1" 
       foreign key ("matiere_id") 
       references "matiere"
2025-06-07 20:20:37,629 DEBUG o.h.e.j.s.SqlStatementLogger [main] 
    alter table if exists "document" 
       add constraint "FK4uxipd5g6ulta9p7gt3992osv" 
       foreign key ("eleve_id") 
       references "eleve"
2025-06-07 20:20:37,632 DEBUG o.h.e.j.s.SqlStatementLogger [main] 
    alter table if exists "eleve" 
       add constraint "FKak1ytyiywaoq3w1wjuwpdu81p" 
       foreign key ("classe_id") 
       references "classes"
2025-06-07 20:20:37,636 DEBUG o.h.e.j.s.SqlStatementLogger [main] 
    alter table if exists "eleve" 
       add constraint "FK31spnejrvma8oawmo11nku169" 
       foreign key ("parent_id") 
       references "parents"
2025-06-07 20:20:37,639 DEBUG o.h.e.j.s.SqlStatementLogger [main] 
    alter table if exists "eleve" 
       add constraint "FKfpstf9bai3b6n4qu9wsx077ja" 
       foreign key ("section_id") 
       references "sections"
2025-06-07 20:20:37,643 DEBUG o.h.e.j.s.SqlStatementLogger [main] 
    alter table if exists "enseignant" 
       add constraint "FKh4do9onk9pwd1p5hpdl2jlvsw" 
       foreign key ("section_id") 
       references "sections"
2025-06-07 20:20:37,646 DEBUG o.h.e.j.s.SqlStatementLogger [main] 
    alter table if exists "grade" 
       add constraint "FKipf4njw2w6vostd6y4ti401mm" 
       foreign key ("student_id") 
       references "utilisateur"
2025-06-07 20:20:37,651 DEBUG o.h.e.j.s.SqlStatementLogger [main] 
    alter table if exists "grade" 
       add constraint "FKga475phybm7f4xh2qgjlm4tef" 
       foreign key ("subject_id") 
       references "subject"
2025-06-07 20:20:37,656 DEBUG o.h.e.j.s.SqlStatementLogger [main] 
    alter table if exists "log_activite" 
       add constraint "FKrfsnh1x7lprexosg0odve3edk" 
       foreign key ("utilisateur_id") 
       references "utilisateur"
2025-06-07 20:20:37,660 DEBUG o.h.e.j.s.SqlStatementLogger [main] 
    alter table if exists "note" 
       add constraint "FKckjcf0lcp26yn81tkbiyyvpxs" 
       foreign key ("eleve_id") 
       references "eleve"
2025-06-07 20:20:37,666 DEBUG o.h.e.j.s.SqlStatementLogger [main] 
    alter table if exists "note" 
       add constraint "FKce6fgrwojbdjuyfobkryhsubc" 
       foreign key ("matiere_id") 
       references "matiere"
2025-06-07 20:20:37,669 DEBUG o.h.e.j.s.SqlStatementLogger [main] 
    alter table if exists "note" 
       add constraint "FKnx3h3lbhngn4he4lrc8ylhrxh" 
       foreign key ("sequence_id") 
       references "sequence"
2025-06-07 20:20:37,679 DEBUG o.h.e.j.s.SqlStatementLogger [main] 
    alter table if exists "note" 
       add constraint "FKsq8sa1xg25htraxpx0ylx3lgk" 
       foreign key ("trimestre_id") 
       references "trimestre"
2025-06-07 20:20:37,684 DEBUG o.h.e.j.s.SqlStatementLogger [main] 
    alter table if exists "paiements" 
       add constraint "FKafefes0eqpleg9i7g6mvt6xhh" 
       foreign key ("eleve_id") 
       references "eleve"
2025-06-07 20:20:37,694 DEBUG o.h.e.j.s.SqlStatementLogger [main] 
    alter table if exists "profil_utilisateur" 
       add constraint "FK177de5xq3y87tjxuwctokx341" 
       foreign key ("utilisateur_id") 
       references "utilisateur"
2025-06-07 20:20:37,698 DEBUG o.h.e.j.s.SqlStatementLogger [main] 
    alter table if exists "sequence" 
       add constraint "FKclybiy2bjbpf0ejgg6rq51ynf" 
       foreign key ("trimestre_id") 
       references "trimestre"
2025-06-07 20:20:37,701 DEBUG o.h.e.j.s.SqlStatementLogger [main] 
    alter table if exists "student_progress_report" 
       add constraint "FK1u5j5o832a13lgcq3foy1g3rr" 
       foreign key ("student_id") 
       references "utilisateur"
2025-06-07 20:20:37,703 DEBUG o.h.e.j.s.SqlStatementLogger [main] 
    alter table if exists "students" 
       add constraint "FKtb9nirq953dcf0onxisl98ni1" 
       foreign key ("classe_id") 
       references "classes"
2025-06-07 20:20:37,705 DEBUG o.h.e.j.s.SqlStatementLogger [main] 
    alter table if exists "students" 
       add constraint "FKgkvw6901117nqyb8tyx3gmpk5" 
       foreign key ("section_id") 
       references "sections"
2025-06-07 20:20:37,711 DEBUG o.h.e.j.s.SqlStatementLogger [main] 
    alter table if exists "trimestre" 
       add constraint "FKql50yxg7ydwdp4uom1mltlbkr" 
       foreign key ("annee_scolaire_id") 
       references "annee_scolaire"
2025-06-07 20:20:37,713 DEBUG o.h.e.j.s.SqlStatementLogger [main] 
    alter table if exists "utilisateur" 
       add constraint "FKmjx8u4qqtx1pp4g0tpmuf3yb9" 
       foreign key ("role_id") 
       references "role"
2025-06-07 20:20:37,738 INFO o.s.o.j.AbstractEntityManagerFactoryBean [main] Initialized JPA EntityManagerFactory for persistence unit 'default'
2025-06-07 20:20:38,853 INFO o.s.d.j.r.q.QueryEnhancerFactory [main] Hibernate is in classpath; If applicable, HQL parser will be used.
2025-06-07 20:20:39,706 WARN o.s.c.s.AbstractApplicationContext [main] Exception encountered during context initialization - cancelling refresh attempt: org.springframework.beans.factory.UnsatisfiedDependencyException: Error creating bean with name 'gradeController' defined in file [C:\Users\GLOBAL STORE\Documents\Primary-School\backend\build\classes\java\main\com\school\management\controller\GradeController.class]: Unsatisfied dependency expressed through constructor parameter 0: Error creating bean with name 'gradeService' defined in file [C:\Users\GLOBAL STORE\Documents\Primary-School\backend\build\classes\java\main\com\school\management\service\GradeService.class]: Unsatisfied dependency expressed through constructor parameter 1: Error creating bean with name 'notificationService' defined in file [C:\Users\GLOBAL STORE\Documents\Primary-School\backend\build\classes\java\main\com\school\management\service\NotificationService.class]: Unsatisfied dependency expressed through constructor parameter 0: No qualifying bean of type 'org.springframework.messaging.simp.SimpMessagingTemplate' available: expected at least 1 bean which qualifies as autowire candidate. Dependency annotations: {}
2025-06-07 20:20:39,707 INFO o.s.o.j.AbstractEntityManagerFactoryBean [main] Closing JPA EntityManagerFactory for persistence unit 'default'
2025-06-07 20:20:39,708 DEBUG o.h.e.j.s.SqlStatementLogger [main] 
    drop table if exists "affectation" cascade 
2025-06-07 20:20:39,712 DEBUG o.h.e.j.s.SqlStatementLogger [main] 
    drop table if exists "annee_scolaire" cascade 
2025-06-07 20:20:39,713 DEBUG o.h.e.j.s.SqlStatementLogger [main] 
    drop table if exists "classes" cascade 
2025-06-07 20:20:39,714 DEBUG o.h.e.j.s.SqlStatementLogger [main] 
    drop table if exists "document" cascade 
2025-06-07 20:20:39,715 DEBUG o.h.e.j.s.SqlStatementLogger [main] 
    drop table if exists "eleve" cascade 
2025-06-07 20:20:39,718 DEBUG o.h.e.j.s.SqlStatementLogger [main] 
    drop table if exists "enseignant" cascade 
2025-06-07 20:20:39,718 DEBUG o.h.e.j.s.SqlStatementLogger [main] 
    drop table if exists "grade" cascade 
2025-06-07 20:20:39,719 DEBUG o.h.e.j.s.SqlStatementLogger [main] 
    drop table if exists "log_activite" cascade 
2025-06-07 20:20:39,720 DEBUG o.h.e.j.s.SqlStatementLogger [main] 
    drop table if exists "matiere" cascade 
2025-06-07 20:20:39,721 DEBUG o.h.e.j.s.SqlStatementLogger [main] 
    drop table if exists "note" cascade 
2025-06-07 20:20:39,722 DEBUG o.h.e.j.s.SqlStatementLogger [main] 
    drop table if exists "notifications" cascade 
2025-06-07 20:20:39,724 DEBUG o.h.e.j.s.SqlStatementLogger [main] 
    drop table if exists "paiements" cascade 
2025-06-07 20:20:39,724 DEBUG o.h.e.j.s.SqlStatementLogger [main] 
    drop table if exists "parents" cascade 
2025-06-07 20:20:39,725 DEBUG o.h.e.j.s.SqlStatementLogger [main] 
    drop table if exists "profil_utilisateur" cascade 
2025-06-07 20:20:39,727 DEBUG o.h.e.j.s.SqlStatementLogger [main] 
    drop table if exists "role" cascade 
2025-06-07 20:20:39,728 DEBUG o.h.e.j.s.SqlStatementLogger [main] 
    drop table if exists "sections" cascade 
2025-06-07 20:20:39,729 DEBUG o.h.e.j.s.SqlStatementLogger [main] 
    drop table if exists "sequence" cascade 
2025-06-07 20:20:39,730 DEBUG o.h.e.j.s.SqlStatementLogger [main] 
    drop table if exists "statut_annee" cascade 
2025-06-07 20:20:39,731 DEBUG o.h.e.j.s.SqlStatementLogger [main] 
    drop table if exists "student_progress_report" cascade 
2025-06-07 20:20:39,732 DEBUG o.h.e.j.s.SqlStatementLogger [main] 
    drop table if exists "students" cascade 
2025-06-07 20:20:39,733 DEBUG o.h.e.j.s.SqlStatementLogger [main] 
    drop table if exists "subject" cascade 
2025-06-07 20:20:39,734 DEBUG o.h.e.j.s.SqlStatementLogger [main] 
    drop table if exists "trimestre" cascade 
2025-06-07 20:20:39,734 DEBUG o.h.e.j.s.SqlStatementLogger [main] 
    drop table if exists "type_affectation" cascade 
2025-06-07 20:20:39,735 DEBUG o.h.e.j.s.SqlStatementLogger [main] 
    drop table if exists "utilisateur" cascade 
2025-06-07 20:20:39,737 INFO c.z.h.HikariDataSource [main] HikariPool-1 - Shutdown initiated...
2025-06-07 20:20:39,740 INFO c.z.h.HikariDataSource [main] HikariPool-1 - Shutdown completed.
2025-06-07 20:20:39,742 INFO o.a.j.l.DirectJDKLog [main] Stopping service [Tomcat]
2025-06-07 20:20:39,767 INFO o.s.b.a.l.ConditionEvaluationReportLogger [main] 

Error starting ApplicationContext. To display the condition evaluation report re-run your application with 'debug' enabled.
2025-06-07 20:20:39,836 ERROR o.s.b.d.LoggingFailureAnalysisReporter [main] 

***************************
APPLICATION FAILED TO START
***************************

Description:

Parameter 0 of constructor in com.school.management.service.NotificationService required a bean of type 'org.springframework.messaging.simp.SimpMessagingTemplate' that could not be found.


Action:

Consider defining a bean of type 'org.springframework.messaging.simp.SimpMessagingTemplate' in your configuration.

2025-06-07 20:25:05,421 INFO o.h.v.i.u.Version [background-preinit] HV000001: Hibernate Validator 8.0.1.Final
2025-06-07 20:25:05,546 INFO o.s.b.StartupInfoLogger [main] Starting SchoolManagementApplication using Java 21.0.6 with PID 10016 (C:\Users\GLOBAL STORE\Documents\Primary-School\backend\build\classes\java\main started by GLOBAL STORE in C:\Users\GLOBAL STORE\Documents\Primary-School\backend)
2025-06-07 20:25:05,546 DEBUG o.s.b.StartupInfoLogger [main] Running with Spring Boot v3.3.0, Spring v6.1.8
2025-06-07 20:25:05,547 INFO o.s.b.SpringApplication [main] No active profile set, falling back to 1 default profile: "default"
2025-06-07 20:25:07,514 INFO o.s.d.r.c.RepositoryConfigurationDelegate [main] Multiple Spring Data modules found, entering strict repository configuration mode
2025-06-07 20:25:07,518 INFO o.s.d.r.c.RepositoryConfigurationDelegate [main] Bootstrapping Spring Data JPA repositories in DEFAULT mode.
2025-06-07 20:25:07,928 INFO o.s.d.r.c.RepositoryConfigurationDelegate [main] Finished Spring Data repository scanning in 399 ms. Found 22 JPA repository interfaces.
2025-06-07 20:25:07,948 INFO o.s.d.r.c.RepositoryConfigurationDelegate [main] Multiple Spring Data modules found, entering strict repository configuration mode
2025-06-07 20:25:07,950 INFO o.s.d.r.c.RepositoryConfigurationDelegate [main] Bootstrapping Spring Data Redis repositories in DEFAULT mode.
2025-06-07 20:25:07,973 INFO o.s.d.r.c.RepositoryConfigurationExtensionSupport [main] Spring Data Redis - Could not safely identify store assignment for repository candidate interface com.school.management.repository.AffectationRepository; If you want this repository to be a Redis repository, consider annotating your entities with one of these annotations: org.springframework.data.redis.core.RedisHash (preferred), or consider extending one of the following types with your repository: org.springframework.data.keyvalue.repository.KeyValueRepository
2025-06-07 20:25:07,973 INFO o.s.d.r.c.RepositoryConfigurationExtensionSupport [main] Spring Data Redis - Could not safely identify store assignment for repository candidate interface com.school.management.repository.AnneeScolaireRepository; If you want this repository to be a Redis repository, consider annotating your entities with one of these annotations: org.springframework.data.redis.core.RedisHash (preferred), or consider extending one of the following types with your repository: org.springframework.data.keyvalue.repository.KeyValueRepository
2025-06-07 20:25:07,974 INFO o.s.d.r.c.RepositoryConfigurationExtensionSupport [main] Spring Data Redis - Could not safely identify store assignment for repository candidate interface com.school.management.repository.ClasseRepository; If you want this repository to be a Redis repository, consider annotating your entities with one of these annotations: org.springframework.data.redis.core.RedisHash (preferred), or consider extending one of the following types with your repository: org.springframework.data.keyvalue.repository.KeyValueRepository
2025-06-07 20:25:07,974 INFO o.s.d.r.c.RepositoryConfigurationExtensionSupport [main] Spring Data Redis - Could not safely identify store assignment for repository candidate interface com.school.management.repository.ClassRepository; If you want this repository to be a Redis repository, consider annotating your entities with one of these annotations: org.springframework.data.redis.core.RedisHash (preferred), or consider extending one of the following types with your repository: org.springframework.data.keyvalue.repository.KeyValueRepository
2025-06-07 20:25:07,974 INFO o.s.d.r.c.RepositoryConfigurationExtensionSupport [main] Spring Data Redis - Could not safely identify store assignment for repository candidate interface com.school.management.repository.DocumentRepository; If you want this repository to be a Redis repository, consider annotating your entities with one of these annotations: org.springframework.data.redis.core.RedisHash (preferred), or consider extending one of the following types with your repository: org.springframework.data.keyvalue.repository.KeyValueRepository
2025-06-07 20:25:07,975 INFO o.s.d.r.c.RepositoryConfigurationExtensionSupport [main] Spring Data Redis - Could not safely identify store assignment for repository candidate interface com.school.management.repository.EleveRepository; If you want this repository to be a Redis repository, consider annotating your entities with one of these annotations: org.springframework.data.redis.core.RedisHash (preferred), or consider extending one of the following types with your repository: org.springframework.data.keyvalue.repository.KeyValueRepository
2025-06-07 20:25:07,975 INFO o.s.d.r.c.RepositoryConfigurationExtensionSupport [main] Spring Data Redis - Could not safely identify store assignment for repository candidate interface com.school.management.repository.EnseignantRepository; If you want this repository to be a Redis repository, consider annotating your entities with one of these annotations: org.springframework.data.redis.core.RedisHash (preferred), or consider extending one of the following types with your repository: org.springframework.data.keyvalue.repository.KeyValueRepository
2025-06-07 20:25:07,976 INFO o.s.d.r.c.RepositoryConfigurationExtensionSupport [main] Spring Data Redis - Could not safely identify store assignment for repository candidate interface com.school.management.repository.GradeRepository; If you want this repository to be a Redis repository, consider annotating your entities with one of these annotations: org.springframework.data.redis.core.RedisHash (preferred), or consider extending one of the following types with your repository: org.springframework.data.keyvalue.repository.KeyValueRepository
2025-06-07 20:25:07,976 INFO o.s.d.r.c.RepositoryConfigurationExtensionSupport [main] Spring Data Redis - Could not safely identify store assignment for repository candidate interface com.school.management.repository.LogActiviteRepository; If you want this repository to be a Redis repository, consider annotating your entities with one of these annotations: org.springframework.data.redis.core.RedisHash (preferred), or consider extending one of the following types with your repository: org.springframework.data.keyvalue.repository.KeyValueRepository
2025-06-07 20:25:07,976 INFO o.s.d.r.c.RepositoryConfigurationExtensionSupport [main] Spring Data Redis - Could not safely identify store assignment for repository candidate interface com.school.management.repository.MatiereRepository; If you want this repository to be a Redis repository, consider annotating your entities with one of these annotations: org.springframework.data.redis.core.RedisHash (preferred), or consider extending one of the following types with your repository: org.springframework.data.keyvalue.repository.KeyValueRepository
2025-06-07 20:25:07,977 INFO o.s.d.r.c.RepositoryConfigurationExtensionSupport [main] Spring Data Redis - Could not safely identify store assignment for repository candidate interface com.school.management.repository.NoteRepository; If you want this repository to be a Redis repository, consider annotating your entities with one of these annotations: org.springframework.data.redis.core.RedisHash (preferred), or consider extending one of the following types with your repository: org.springframework.data.keyvalue.repository.KeyValueRepository
2025-06-07 20:25:07,977 INFO o.s.d.r.c.RepositoryConfigurationExtensionSupport [main] Spring Data Redis - Could not safely identify store assignment for repository candidate interface com.school.management.repository.NotificationRepository; If you want this repository to be a Redis repository, consider annotating your entities with one of these annotations: org.springframework.data.redis.core.RedisHash (preferred), or consider extending one of the following types with your repository: org.springframework.data.keyvalue.repository.KeyValueRepository
2025-06-07 20:25:07,977 INFO o.s.d.r.c.RepositoryConfigurationExtensionSupport [main] Spring Data Redis - Could not safely identify store assignment for repository candidate interface com.school.management.repository.PaiementRepository; If you want this repository to be a Redis repository, consider annotating your entities with one of these annotations: org.springframework.data.redis.core.RedisHash (preferred), or consider extending one of the following types with your repository: org.springframework.data.keyvalue.repository.KeyValueRepository
2025-06-07 20:25:07,977 INFO o.s.d.r.c.RepositoryConfigurationExtensionSupport [main] Spring Data Redis - Could not safely identify store assignment for repository candidate interface com.school.management.repository.ProfilUtilisateurRepository; If you want this repository to be a Redis repository, consider annotating your entities with one of these annotations: org.springframework.data.redis.core.RedisHash (preferred), or consider extending one of the following types with your repository: org.springframework.data.keyvalue.repository.KeyValueRepository
2025-06-07 20:25:07,978 INFO o.s.d.r.c.RepositoryConfigurationExtensionSupport [main] Spring Data Redis - Could not safely identify store assignment for repository candidate interface com.school.management.repository.RoleRepository; If you want this repository to be a Redis repository, consider annotating your entities with one of these annotations: org.springframework.data.redis.core.RedisHash (preferred), or consider extending one of the following types with your repository: org.springframework.data.keyvalue.repository.KeyValueRepository
2025-06-07 20:25:07,978 INFO o.s.d.r.c.RepositoryConfigurationExtensionSupport [main] Spring Data Redis - Could not safely identify store assignment for repository candidate interface com.school.management.repository.SectionRepository; If you want this repository to be a Redis repository, consider annotating your entities with one of these annotations: org.springframework.data.redis.core.RedisHash (preferred), or consider extending one of the following types with your repository: org.springframework.data.keyvalue.repository.KeyValueRepository
2025-06-07 20:25:07,979 INFO o.s.d.r.c.RepositoryConfigurationExtensionSupport [main] Spring Data Redis - Could not safely identify store assignment for repository candidate interface com.school.management.repository.SequenceRepository; If you want this repository to be a Redis repository, consider annotating your entities with one of these annotations: org.springframework.data.redis.core.RedisHash (preferred), or consider extending one of the following types with your repository: org.springframework.data.keyvalue.repository.KeyValueRepository
2025-06-07 20:25:07,979 INFO o.s.d.r.c.RepositoryConfigurationExtensionSupport [main] Spring Data Redis - Could not safely identify store assignment for repository candidate interface com.school.management.repository.StatutAnneeRepository; If you want this repository to be a Redis repository, consider annotating your entities with one of these annotations: org.springframework.data.redis.core.RedisHash (preferred), or consider extending one of the following types with your repository: org.springframework.data.keyvalue.repository.KeyValueRepository
2025-06-07 20:25:07,979 INFO o.s.d.r.c.RepositoryConfigurationExtensionSupport [main] Spring Data Redis - Could not safely identify store assignment for repository candidate interface com.school.management.repository.StudentRepository; If you want this repository to be a Redis repository, consider annotating your entities with one of these annotations: org.springframework.data.redis.core.RedisHash (preferred), or consider extending one of the following types with your repository: org.springframework.data.keyvalue.repository.KeyValueRepository
2025-06-07 20:25:07,980 INFO o.s.d.r.c.RepositoryConfigurationExtensionSupport [main] Spring Data Redis - Could not safely identify store assignment for repository candidate interface com.school.management.repository.TrimestreRepository; If you want this repository to be a Redis repository, consider annotating your entities with one of these annotations: org.springframework.data.redis.core.RedisHash (preferred), or consider extending one of the following types with your repository: org.springframework.data.keyvalue.repository.KeyValueRepository
2025-06-07 20:25:07,980 INFO o.s.d.r.c.RepositoryConfigurationExtensionSupport [main] Spring Data Redis - Could not safely identify store assignment for repository candidate interface com.school.management.repository.TypeAffectationRepository; If you want this repository to be a Redis repository, consider annotating your entities with one of these annotations: org.springframework.data.redis.core.RedisHash (preferred), or consider extending one of the following types with your repository: org.springframework.data.keyvalue.repository.KeyValueRepository
2025-06-07 20:25:07,981 INFO o.s.d.r.c.RepositoryConfigurationExtensionSupport [main] Spring Data Redis - Could not safely identify store assignment for repository candidate interface com.school.management.repository.UtilisateurRepository; If you want this repository to be a Redis repository, consider annotating your entities with one of these annotations: org.springframework.data.redis.core.RedisHash (preferred), or consider extending one of the following types with your repository: org.springframework.data.keyvalue.repository.KeyValueRepository
2025-06-07 20:25:07,981 INFO o.s.d.r.c.RepositoryConfigurationDelegate [main] Finished Spring Data repository scanning in 18 ms. Found 0 Redis repository interfaces.
2025-06-07 20:25:09,478 INFO o.s.b.w.e.t.TomcatWebServer [main] Tomcat initialized with port 8080 (http)
2025-06-07 20:25:09,501 INFO o.a.j.l.DirectJDKLog [main] Initializing ProtocolHandler ["http-nio-8080"]
2025-06-07 20:25:09,505 INFO o.a.j.l.DirectJDKLog [main] Starting service [Tomcat]
2025-06-07 20:25:09,506 INFO o.a.j.l.DirectJDKLog [main] Starting Servlet engine: [Apache Tomcat/10.1.24]
2025-06-07 20:25:09,596 INFO o.a.j.l.DirectJDKLog [main] Initializing Spring embedded WebApplicationContext
2025-06-07 20:25:09,597 INFO o.s.b.w.s.c.ServletWebServerApplicationContext [main] Root WebApplicationContext: initialization completed in 3954 ms
2025-06-07 20:25:09,854 INFO c.z.h.HikariDataSource [main] HikariPool-1 - Starting...
2025-06-07 20:25:10,159 INFO c.z.h.p.HikariPool [main] HikariPool-1 - Added connection conn0: url=jdbc:h2:mem:testdb user=SA
2025-06-07 20:25:10,162 INFO c.z.h.HikariDataSource [main] HikariPool-1 - Start completed.
2025-06-07 20:25:10,178 INFO o.s.b.a.h.H2ConsoleAutoConfiguration [main] H2 console available at '/h2-console'. Database available at 'jdbc:h2:mem:testdb'
2025-06-07 20:25:10,511 INFO o.h.j.i.u.LogHelper [main] HHH000204: Processing PersistenceUnitInfo [name: default]
2025-06-07 20:25:10,619 INFO o.h.Version [main] HHH000412: Hibernate ORM core version 6.5.2.Final
2025-06-07 20:25:10,679 INFO o.h.c.i.RegionFactoryInitiator [main] HHH000026: Second-level cache disabled
2025-06-07 20:25:11,229 INFO o.s.o.j.p.SpringPersistenceUnitInfo [main] No LoadTimeWeaver setup: ignoring JPA class transformer
2025-06-07 20:25:11,307 WARN o.h.e.j.d.i.DialectFactoryImpl [main] HHH90000025: H2Dialect does not need to be specified explicitly using 'hibernate.dialect' (remove the property setting and it will be selected by default)
2025-06-07 20:25:13,521 INFO o.h.e.t.j.p.i.JtaPlatformInitiator [main] HHH000489: No JTA platform available (set 'hibernate.transaction.jta.platform' to enable JTA platform integration)
2025-06-07 20:25:13,552 DEBUG o.h.e.j.s.SqlStatementLogger [main] 
    drop table if exists "affectation" cascade 
2025-06-07 20:25:13,558 DEBUG o.h.e.j.s.SqlStatementLogger [main] 
    drop table if exists "annee_scolaire" cascade 
2025-06-07 20:25:13,558 DEBUG o.h.e.j.s.SqlStatementLogger [main] 
    drop table if exists "classes" cascade 
2025-06-07 20:25:13,559 DEBUG o.h.e.j.s.SqlStatementLogger [main] 
    drop table if exists "document" cascade 
2025-06-07 20:25:13,559 DEBUG o.h.e.j.s.SqlStatementLogger [main] 
    drop table if exists "eleve" cascade 
2025-06-07 20:25:13,560 DEBUG o.h.e.j.s.SqlStatementLogger [main] 
    drop table if exists "enseignant" cascade 
2025-06-07 20:25:13,560 DEBUG o.h.e.j.s.SqlStatementLogger [main] 
    drop table if exists "grade" cascade 
2025-06-07 20:25:13,560 DEBUG o.h.e.j.s.SqlStatementLogger [main] 
    drop table if exists "log_activite" cascade 
2025-06-07 20:25:13,561 DEBUG o.h.e.j.s.SqlStatementLogger [main] 
    drop table if exists "matiere" cascade 
2025-06-07 20:25:13,561 DEBUG o.h.e.j.s.SqlStatementLogger [main] 
    drop table if exists "note" cascade 
2025-06-07 20:25:13,561 DEBUG o.h.e.j.s.SqlStatementLogger [main] 
    drop table if exists "notifications" cascade 
2025-06-07 20:25:13,562 DEBUG o.h.e.j.s.SqlStatementLogger [main] 
    drop table if exists "paiements" cascade 
2025-06-07 20:25:13,562 DEBUG o.h.e.j.s.SqlStatementLogger [main] 
    drop table if exists "parents" cascade 
2025-06-07 20:25:13,563 DEBUG o.h.e.j.s.SqlStatementLogger [main] 
    drop table if exists "profil_utilisateur" cascade 
2025-06-07 20:25:13,563 DEBUG o.h.e.j.s.SqlStatementLogger [main] 
    drop table if exists "role" cascade 
2025-06-07 20:25:13,563 DEBUG o.h.e.j.s.SqlStatementLogger [main] 
    drop table if exists "sections" cascade 
2025-06-07 20:25:13,564 DEBUG o.h.e.j.s.SqlStatementLogger [main] 
    drop table if exists "sequence" cascade 
2025-06-07 20:25:13,564 DEBUG o.h.e.j.s.SqlStatementLogger [main] 
    drop table if exists "statut_annee" cascade 
2025-06-07 20:25:13,565 DEBUG o.h.e.j.s.SqlStatementLogger [main] 
    drop table if exists "student_progress_report" cascade 
2025-06-07 20:25:13,565 DEBUG o.h.e.j.s.SqlStatementLogger [main] 
    drop table if exists "students" cascade 
2025-06-07 20:25:13,566 DEBUG o.h.e.j.s.SqlStatementLogger [main] 
    drop table if exists "subject" cascade 
2025-06-07 20:25:13,566 DEBUG o.h.e.j.s.SqlStatementLogger [main] 
    drop table if exists "trimestre" cascade 
2025-06-07 20:25:13,567 DEBUG o.h.e.j.s.SqlStatementLogger [main] 
    drop table if exists "type_affectation" cascade 
2025-06-07 20:25:13,567 DEBUG o.h.e.j.s.SqlStatementLogger [main] 
    drop table if exists "utilisateur" cascade 
2025-06-07 20:25:13,575 DEBUG o.h.e.j.s.SqlStatementLogger [main] 
    create table "affectation" (
        "date_debut" date,
        "date_fin" date,
        "annee_scolaire_id" bigint not null,
        "classe_id" bigint not null,
        "created_at" timestamp(6),
        "enseignant_id" bigint not null,
        "id" bigint generated by default as identity,
        "matiere_id" bigint not null,
        "updated_at" timestamp(6),
        "type_code" varchar(20) not null,
        primary key ("id")
    )
2025-06-07 20:25:13,587 DEBUG o.h.e.j.s.SqlStatementLogger [main] 
    create table "annee_scolaire" (
        "date_debut" date not null,
        "date_fin" date not null,
        "created_at" timestamp(6),
        "id" bigint generated by default as identity,
        "updated_at" timestamp(6),
        "statut_code" varchar(20) not null,
        "libelle" varchar(50) not null,
        primary key ("id")
    )
2025-06-07 20:25:13,588 DEBUG o.h.e.j.s.SqlStatementLogger [main] 
    create table "classes" (
        "actif" boolean,
        "capacite" integer,
        "created_at" timestamp(6),
        "id" bigint generated by default as identity,
        "updated_at" timestamp(6),
        "annee_scolaire" varchar(9) not null,
        "niveau" varchar(50) not null,
        "nom" varchar(100) not null,
        "description" varchar(500),
        primary key ("id")
    )
2025-06-07 20:25:13,591 DEBUG o.h.e.j.s.SqlStatementLogger [main] 
    create table "document" (
        "date_ajout" timestamp(6),
        "eleve_id" bigint,
        "id" bigint generated by default as identity,
        "chemin_fichier" varchar(255) not null,
        "type_document" enum ('AUTRE','BULLETIN','RECU') not null,
        primary key ("id")
    )
2025-06-07 20:25:13,594 DEBUG o.h.e.j.s.SqlStatementLogger [main] 
    create table "eleve" (
        "actif" boolean,
        "date_naissance" date,
        "classe_id" bigint,
        "created_at" timestamp(6),
        "date_inscription" timestamp(6),
        "id" bigint generated by default as identity,
        "parent_id" bigint,
        "section_id" bigint,
        "updated_at" timestamp(6),
        "genre" varchar(20),
        "email" varchar(100) not null unique,
        "nom" varchar(100) not null,
        "prenom" varchar(100) not null,
        "adresse" varchar(200),
        primary key ("id")
    )
2025-06-07 20:25:13,598 DEBUG o.h.e.j.s.SqlStatementLogger [main] 
    create table "enseignant" (
        "actif" boolean,
        "created_at" timestamp(6),
        "date_embauche" timestamp(6),
        "id" bigint generated by default as identity,
        "section_id" bigint,
        "updated_at" timestamp(6),
        "telephone" varchar(20),
        "niveau" varchar(50),
        "email" varchar(100) not null unique,
        "nom" varchar(100) not null,
        "prenom" varchar(100) not null,
        "specialite" varchar(100),
        primary key ("id")
    )
2025-06-07 20:25:13,600 DEBUG o.h.e.j.s.SqlStatementLogger [main] 
    create table "grade" (
        "grade" float(53) not null,
        "created_at" timestamp(6),
        "id" bigint generated by default as identity,
        "student_id" bigint not null,
        "subject_id" bigint not null,
        "updated_at" timestamp(6),
        "period" varchar(20) not null,
        "comments" varchar(500),
        primary key ("id")
    )
2025-06-07 20:25:13,603 DEBUG o.h.e.j.s.SqlStatementLogger [main] 
    create table "log_activite" (
        "date_action" timestamp(6),
        "id" bigint generated by default as identity,
        "reference_id" bigint,
        "utilisateur_id" bigint not null,
        "ip_adresse" varchar(45),
        "table_cible" varchar(100),
        "action" varchar(255) not null,
        primary key ("id")
    )
2025-06-07 20:25:13,605 DEBUG o.h.e.j.s.SqlStatementLogger [main] 
    create table "matiere" (
        "coefficient" numeric(5,2) not null,
        "created_at" timestamp(6),
        "id" bigint generated by default as identity,
        "updated_at" timestamp(6),
        "nom" varchar(100) not null,
        primary key ("id")
    )
2025-06-07 20:25:13,617 DEBUG o.h.e.j.s.SqlStatementLogger [main] 
    create table "note" (
        "note" numeric(5,2) not null,
        "created_at" timestamp(6) not null,
        "eleve_id" bigint not null,
        "id" bigint generated by default as identity,
        "matiere_id" bigint not null,
        "sequence_id" bigint not null,
        "trimestre_id" bigint,
        "updated_at" timestamp(6),
        "commentaire" varchar(255),
        primary key ("id")
    )
2025-06-07 20:25:13,620 DEBUG o.h.e.j.s.SqlStatementLogger [main] 
    create table "notifications" (
        "read" boolean,
        "created_at" timestamp(6),
        "id" bigint generated by default as identity,
        "user_id" bigint,
        "message" varchar(255) not null,
        primary key ("id")
    )
2025-06-07 20:25:13,633 DEBUG o.h.e.j.s.SqlStatementLogger [main] 
    create table "paiements" (
        "date_paiement" date,
        "montant" numeric(38,2) not null,
        "eleve_id" bigint not null,
        "id" bigint generated by default as identity,
        "description" varchar(255),
        "type_paiement" varchar(255),
        primary key ("id")
    )
2025-06-07 20:25:13,636 DEBUG o.h.e.j.s.SqlStatementLogger [main] 
    create table "parents" (
        "id" bigint generated by default as identity,
        "adresse" varchar(255),
        "email" varchar(255) unique,
        "nom" varchar(255) not null,
        "prenom" varchar(255) not null,
        "profession" varchar(255),
        "telephone" varchar(255),
        primary key ("id")
    )
2025-06-07 20:25:13,640 DEBUG o.h.e.j.s.SqlStatementLogger [main] 
    create table "profil_utilisateur" (
        "created_at" timestamp(6),
        "id" bigint generated by default as identity,
        "reference_id" bigint not null,
        "updated_at" timestamp(6),
        "utilisateur_id" bigint not null,
        "type_personne" enum ('AGENT','ELEVE','ENSEIGNANT','PARENT') not null,
        primary key ("id")
    )
2025-06-07 20:25:13,647 DEBUG o.h.e.j.s.SqlStatementLogger [main] 
    create table "role" (
        "id" bigint generated by default as identity,
        "libelle" varchar(50) not null unique,
        primary key ("id")
    )
2025-06-07 20:25:13,650 DEBUG o.h.e.j.s.SqlStatementLogger [main] 
    create table "sections" (
        "id" bigint generated by default as identity,
        "description" varchar(255),
        "nom" varchar(255) not null,
        primary key ("id")
    )
2025-06-07 20:25:13,652 DEBUG o.h.e.j.s.SqlStatementLogger [main] 
    create table "sequence" (
        "numero" integer not null,
        "created_at" timestamp(6),
        "id" bigint generated by default as identity,
        "trimestre_id" bigint not null,
        "updated_at" timestamp(6),
        "libelle" varchar(50) not null,
        primary key ("id")
    )
2025-06-07 20:25:13,657 DEBUG o.h.e.j.s.SqlStatementLogger [main] 
    create table "statut_annee" (
        "code" varchar(20) not null,
        "libelle" varchar(100) not null,
        primary key ("code")
    )
2025-06-07 20:25:13,659 DEBUG o.h.e.j.s.SqlStatementLogger [main] 
    create table "student_progress_report" (
        "attendance_rate" float(53),
        "average_grade" float(53),
        "created_at" timestamp(6),
        "id" bigint generated by default as identity,
        "student_id" bigint not null,
        "updated_at" timestamp(6),
        "period" varchar(20) not null,
        "comments" varchar(1000),
        primary key ("id")
    )
2025-06-07 20:25:13,661 DEBUG o.h.e.j.s.SqlStatementLogger [main] 
    create table "students" (
        "actif" boolean,
        "date_naissance" date not null,
        "genre" varchar(1),
        "classe_id" bigint,
        "created_at" timestamp(6),
        "date_inscription" timestamp(6) not null,
        "id" bigint generated by default as identity,
        "section_id" bigint,
        "updated_at" timestamp(6),
        "telephone" varchar(20),
        "section_name" varchar(50),
        "email" varchar(100) not null unique,
        "nom" varchar(100) not null,
        "nom_classe" varchar(100),
        "nom_parent" varchar(100),
        "prenom" varchar(100) not null,
        "adresse" varchar(200),
        primary key ("id")
    )
2025-06-07 20:25:13,665 DEBUG o.h.e.j.s.SqlStatementLogger [main] 
    create table "subject" (
        "actif" boolean,
        "coefficient" integer,
        "created_at" timestamp(6),
        "id" bigint generated by default as identity,
        "updated_at" timestamp(6),
        "code" varchar(20) not null unique,
        "nom" varchar(100) not null,
        "description" varchar(500),
        primary key ("id")
    )
2025-06-07 20:25:13,667 DEBUG o.h.e.j.s.SqlStatementLogger [main] 
    create table "trimestre" (
        "numero" integer not null,
        "annee_scolaire_id" bigint not null,
        "created_at" timestamp(6),
        "id" bigint generated by default as identity,
        "updated_at" timestamp(6),
        "libelle" varchar(50) not null,
        primary key ("id")
    )
2025-06-07 20:25:13,673 DEBUG o.h.e.j.s.SqlStatementLogger [main] 
    create table "type_affectation" (
        "code" varchar(20) not null,
        "libelle" varchar(100) not null,
        primary key ("code")
    )
2025-06-07 20:25:13,675 DEBUG o.h.e.j.s.SqlStatementLogger [main] 
    create table "utilisateur" (
        "actif" boolean,
        "created_at" timestamp(6),
        "id" bigint generated by default as identity,
        "last_login" timestamp(6),
        "role_id" bigint not null,
        "updated_at" timestamp(6),
        "email" varchar(100) not null unique,
        "nom" varchar(100) not null,
        "mot_de_passe" varchar(255) not null,
        "reset_token" varchar(255),
        "type_personne" enum ('ADMIN','AGENT','ELEVE','ENSEIGNANT','PARENT') not null,
        primary key ("id")
    )
2025-06-07 20:25:13,680 DEBUG o.h.e.j.s.SqlStatementLogger [main] 
    alter table if exists "affectation" 
       add constraint "FK9eu96qf7kye9sf1pmecfd0yfm" 
       foreign key ("annee_scolaire_id") 
       references "annee_scolaire"
2025-06-07 20:25:13,711 DEBUG o.h.e.j.s.SqlStatementLogger [main] 
    alter table if exists "affectation" 
       add constraint "FKpe0bo22qt45crdtir2olejjyg" 
       foreign key ("classe_id") 
       references "classes"
2025-06-07 20:25:13,713 DEBUG o.h.e.j.s.SqlStatementLogger [main] 
    alter table if exists "affectation" 
       add constraint "FK3av7c7bm789r6knql1ykv0iuh" 
       foreign key ("enseignant_id") 
       references "enseignant"
2025-06-07 20:25:13,719 DEBUG o.h.e.j.s.SqlStatementLogger [main] 
    alter table if exists "affectation" 
       add constraint "FKbd6pqb4xm1b2f6dsjng6t9vy1" 
       foreign key ("matiere_id") 
       references "matiere"
2025-06-07 20:25:13,721 DEBUG o.h.e.j.s.SqlStatementLogger [main] 
    alter table if exists "document" 
       add constraint "FK4uxipd5g6ulta9p7gt3992osv" 
       foreign key ("eleve_id") 
       references "eleve"
2025-06-07 20:25:13,723 DEBUG o.h.e.j.s.SqlStatementLogger [main] 
    alter table if exists "eleve" 
       add constraint "FKak1ytyiywaoq3w1wjuwpdu81p" 
       foreign key ("classe_id") 
       references "classes"
2025-06-07 20:25:13,725 DEBUG o.h.e.j.s.SqlStatementLogger [main] 
    alter table if exists "eleve" 
       add constraint "FK31spnejrvma8oawmo11nku169" 
       foreign key ("parent_id") 
       references "parents"
2025-06-07 20:25:13,727 DEBUG o.h.e.j.s.SqlStatementLogger [main] 
    alter table if exists "eleve" 
       add constraint "FKfpstf9bai3b6n4qu9wsx077ja" 
       foreign key ("section_id") 
       references "sections"
2025-06-07 20:25:13,729 DEBUG o.h.e.j.s.SqlStatementLogger [main] 
    alter table if exists "enseignant" 
       add constraint "FKh4do9onk9pwd1p5hpdl2jlvsw" 
       foreign key ("section_id") 
       references "sections"
2025-06-07 20:25:13,733 DEBUG o.h.e.j.s.SqlStatementLogger [main] 
    alter table if exists "grade" 
       add constraint "FKipf4njw2w6vostd6y4ti401mm" 
       foreign key ("student_id") 
       references "utilisateur"
2025-06-07 20:25:13,735 DEBUG o.h.e.j.s.SqlStatementLogger [main] 
    alter table if exists "grade" 
       add constraint "FKga475phybm7f4xh2qgjlm4tef" 
       foreign key ("subject_id") 
       references "subject"
2025-06-07 20:25:13,737 DEBUG o.h.e.j.s.SqlStatementLogger [main] 
    alter table if exists "log_activite" 
       add constraint "FKrfsnh1x7lprexosg0odve3edk" 
       foreign key ("utilisateur_id") 
       references "utilisateur"
2025-06-07 20:25:13,738 DEBUG o.h.e.j.s.SqlStatementLogger [main] 
    alter table if exists "note" 
       add constraint "FKckjcf0lcp26yn81tkbiyyvpxs" 
       foreign key ("eleve_id") 
       references "eleve"
2025-06-07 20:25:13,740 DEBUG o.h.e.j.s.SqlStatementLogger [main] 
    alter table if exists "note" 
       add constraint "FKce6fgrwojbdjuyfobkryhsubc" 
       foreign key ("matiere_id") 
       references "matiere"
2025-06-07 20:25:13,741 DEBUG o.h.e.j.s.SqlStatementLogger [main] 
    alter table if exists "note" 
       add constraint "FKnx3h3lbhngn4he4lrc8ylhrxh" 
       foreign key ("sequence_id") 
       references "sequence"
2025-06-07 20:25:13,743 DEBUG o.h.e.j.s.SqlStatementLogger [main] 
    alter table if exists "note" 
       add constraint "FKsq8sa1xg25htraxpx0ylx3lgk" 
       foreign key ("trimestre_id") 
       references "trimestre"
2025-06-07 20:25:13,745 DEBUG o.h.e.j.s.SqlStatementLogger [main] 
    alter table if exists "paiements" 
       add constraint "FKafefes0eqpleg9i7g6mvt6xhh" 
       foreign key ("eleve_id") 
       references "eleve"
2025-06-07 20:25:13,750 DEBUG o.h.e.j.s.SqlStatementLogger [main] 
    alter table if exists "profil_utilisateur" 
       add constraint "FK177de5xq3y87tjxuwctokx341" 
       foreign key ("utilisateur_id") 
       references "utilisateur"
2025-06-07 20:25:13,753 DEBUG o.h.e.j.s.SqlStatementLogger [main] 
    alter table if exists "sequence" 
       add constraint "FKclybiy2bjbpf0ejgg6rq51ynf" 
       foreign key ("trimestre_id") 
       references "trimestre"
2025-06-07 20:25:13,754 DEBUG o.h.e.j.s.SqlStatementLogger [main] 
    alter table if exists "student_progress_report" 
       add constraint "FK1u5j5o832a13lgcq3foy1g3rr" 
       foreign key ("student_id") 
       references "utilisateur"
2025-06-07 20:25:13,755 DEBUG o.h.e.j.s.SqlStatementLogger [main] 
    alter table if exists "students" 
       add constraint "FKtb9nirq953dcf0onxisl98ni1" 
       foreign key ("classe_id") 
       references "classes"
2025-06-07 20:25:13,758 DEBUG o.h.e.j.s.SqlStatementLogger [main] 
    alter table if exists "students" 
       add constraint "FKgkvw6901117nqyb8tyx3gmpk5" 
       foreign key ("section_id") 
       references "sections"
2025-06-07 20:25:13,763 DEBUG o.h.e.j.s.SqlStatementLogger [main] 
    alter table if exists "trimestre" 
       add constraint "FKql50yxg7ydwdp4uom1mltlbkr" 
       foreign key ("annee_scolaire_id") 
       references "annee_scolaire"
2025-06-07 20:25:13,767 DEBUG o.h.e.j.s.SqlStatementLogger [main] 
    alter table if exists "utilisateur" 
       add constraint "FKmjx8u4qqtx1pp4g0tpmuf3yb9" 
       foreign key ("role_id") 
       references "role"
2025-06-07 20:25:13,775 INFO o.s.o.j.AbstractEntityManagerFactoryBean [main] Initialized JPA EntityManagerFactory for persistence unit 'default'
2025-06-07 20:25:14,604 INFO o.s.d.j.r.q.QueryEnhancerFactory [main] Hibernate is in classpath; If applicable, HQL parser will be used.
2025-06-07 20:25:15,274 WARN o.s.c.s.AbstractApplicationContext [main] Exception encountered during context initialization - cancelling refresh attempt: org.springframework.beans.factory.UnsatisfiedDependencyException: Error creating bean with name 'gradeController' defined in file [C:\Users\GLOBAL STORE\Documents\Primary-School\backend\build\classes\java\main\com\school\management\controller\GradeController.class]: Unsatisfied dependency expressed through constructor parameter 0: Error creating bean with name 'gradeService' defined in file [C:\Users\GLOBAL STORE\Documents\Primary-School\backend\build\classes\java\main\com\school\management\service\GradeService.class]: Unsatisfied dependency expressed through constructor parameter 1: Error creating bean with name 'notificationService' defined in file [C:\Users\GLOBAL STORE\Documents\Primary-School\backend\build\classes\java\main\com\school\management\service\NotificationService.class]: Unsatisfied dependency expressed through constructor parameter 0: No qualifying bean of type 'org.springframework.messaging.simp.SimpMessagingTemplate' available: expected at least 1 bean which qualifies as autowire candidate. Dependency annotations: {}
2025-06-07 20:25:15,275 INFO o.s.o.j.AbstractEntityManagerFactoryBean [main] Closing JPA EntityManagerFactory for persistence unit 'default'
2025-06-07 20:25:15,276 DEBUG o.h.e.j.s.SqlStatementLogger [main] 
    drop table if exists "affectation" cascade 
2025-06-07 20:25:15,279 DEBUG o.h.e.j.s.SqlStatementLogger [main] 
    drop table if exists "annee_scolaire" cascade 
2025-06-07 20:25:15,280 DEBUG o.h.e.j.s.SqlStatementLogger [main] 
    drop table if exists "classes" cascade 
2025-06-07 20:25:15,281 DEBUG o.h.e.j.s.SqlStatementLogger [main] 
    drop table if exists "document" cascade 
2025-06-07 20:25:15,283 DEBUG o.h.e.j.s.SqlStatementLogger [main] 
    drop table if exists "eleve" cascade 
2025-06-07 20:25:15,285 DEBUG o.h.e.j.s.SqlStatementLogger [main] 
    drop table if exists "enseignant" cascade 
2025-06-07 20:25:15,286 DEBUG o.h.e.j.s.SqlStatementLogger [main] 
    drop table if exists "grade" cascade 
2025-06-07 20:25:15,286 DEBUG o.h.e.j.s.SqlStatementLogger [main] 
    drop table if exists "log_activite" cascade 
2025-06-07 20:25:15,287 DEBUG o.h.e.j.s.SqlStatementLogger [main] 
    drop table if exists "matiere" cascade 
2025-06-07 20:25:15,288 DEBUG o.h.e.j.s.SqlStatementLogger [main] 
    drop table if exists "note" cascade 
2025-06-07 20:25:15,288 DEBUG o.h.e.j.s.SqlStatementLogger [main] 
    drop table if exists "notifications" cascade 
2025-06-07 20:25:15,289 DEBUG o.h.e.j.s.SqlStatementLogger [main] 
    drop table if exists "paiements" cascade 
2025-06-07 20:25:15,290 DEBUG o.h.e.j.s.SqlStatementLogger [main] 
    drop table if exists "parents" cascade 
2025-06-07 20:25:15,290 DEBUG o.h.e.j.s.SqlStatementLogger [main] 
    drop table if exists "profil_utilisateur" cascade 
2025-06-07 20:25:15,291 DEBUG o.h.e.j.s.SqlStatementLogger [main] 
    drop table if exists "role" cascade 
2025-06-07 20:25:15,292 DEBUG o.h.e.j.s.SqlStatementLogger [main] 
    drop table if exists "sections" cascade 
2025-06-07 20:25:15,293 DEBUG o.h.e.j.s.SqlStatementLogger [main] 
    drop table if exists "sequence" cascade 
2025-06-07 20:25:15,295 DEBUG o.h.e.j.s.SqlStatementLogger [main] 
    drop table if exists "statut_annee" cascade 
2025-06-07 20:25:15,296 DEBUG o.h.e.j.s.SqlStatementLogger [main] 
    drop table if exists "student_progress_report" cascade 
2025-06-07 20:25:15,298 DEBUG o.h.e.j.s.SqlStatementLogger [main] 
    drop table if exists "students" cascade 
2025-06-07 20:25:15,299 DEBUG o.h.e.j.s.SqlStatementLogger [main] 
    drop table if exists "subject" cascade 
2025-06-07 20:25:15,299 DEBUG o.h.e.j.s.SqlStatementLogger [main] 
    drop table if exists "trimestre" cascade 
2025-06-07 20:25:15,300 DEBUG o.h.e.j.s.SqlStatementLogger [main] 
    drop table if exists "type_affectation" cascade 
2025-06-07 20:25:15,301 DEBUG o.h.e.j.s.SqlStatementLogger [main] 
    drop table if exists "utilisateur" cascade 
2025-06-07 20:25:15,304 INFO c.z.h.HikariDataSource [main] HikariPool-1 - Shutdown initiated...
2025-06-07 20:25:15,306 INFO c.z.h.HikariDataSource [main] HikariPool-1 - Shutdown completed.
2025-06-07 20:25:15,307 INFO o.a.j.l.DirectJDKLog [main] Stopping service [Tomcat]
2025-06-07 20:25:15,335 INFO o.s.b.a.l.ConditionEvaluationReportLogger [main] 

Error starting ApplicationContext. To display the condition evaluation report re-run your application with 'debug' enabled.
2025-06-07 20:25:15,380 ERROR o.s.b.d.LoggingFailureAnalysisReporter [main] 

***************************
APPLICATION FAILED TO START
***************************

Description:

Parameter 0 of constructor in com.school.management.service.NotificationService required a bean of type 'org.springframework.messaging.simp.SimpMessagingTemplate' that could not be found.


Action:

Consider defining a bean of type 'org.springframework.messaging.simp.SimpMessagingTemplate' in your configuration.

2025-06-07 20:31:33,154 INFO o.h.v.i.u.Version [background-preinit] HV000001: Hibernate Validator 8.0.1.Final
2025-06-07 20:31:33,251 INFO o.s.b.StartupInfoLogger [main] Starting SchoolManagementApplication using Java 21.0.6 with PID 16696 (C:\Users\GLOBAL STORE\Documents\Primary-School\backend\build\classes\java\main started by GLOBAL STORE in C:\Users\GLOBAL STORE\Documents\Primary-School\backend)
2025-06-07 20:31:33,298 DEBUG o.s.b.StartupInfoLogger [main] Running with Spring Boot v3.3.0, Spring v6.1.8
2025-06-07 20:31:33,299 INFO o.s.b.SpringApplication [main] No active profile set, falling back to 1 default profile: "default"
2025-06-07 20:31:35,367 INFO o.s.d.r.c.RepositoryConfigurationDelegate [main] Multiple Spring Data modules found, entering strict repository configuration mode
2025-06-07 20:31:35,371 INFO o.s.d.r.c.RepositoryConfigurationDelegate [main] Bootstrapping Spring Data JPA repositories in DEFAULT mode.
2025-06-07 20:31:35,756 INFO o.s.d.r.c.RepositoryConfigurationDelegate [main] Finished Spring Data repository scanning in 371 ms. Found 22 JPA repository interfaces.
2025-06-07 20:31:35,776 INFO o.s.d.r.c.RepositoryConfigurationDelegate [main] Multiple Spring Data modules found, entering strict repository configuration mode
2025-06-07 20:31:35,778 INFO o.s.d.r.c.RepositoryConfigurationDelegate [main] Bootstrapping Spring Data Redis repositories in DEFAULT mode.
2025-06-07 20:31:35,801 INFO o.s.d.r.c.RepositoryConfigurationExtensionSupport [main] Spring Data Redis - Could not safely identify store assignment for repository candidate interface com.school.management.repository.AffectationRepository; If you want this repository to be a Redis repository, consider annotating your entities with one of these annotations: org.springframework.data.redis.core.RedisHash (preferred), or consider extending one of the following types with your repository: org.springframework.data.keyvalue.repository.KeyValueRepository
2025-06-07 20:31:35,802 INFO o.s.d.r.c.RepositoryConfigurationExtensionSupport [main] Spring Data Redis - Could not safely identify store assignment for repository candidate interface com.school.management.repository.AnneeScolaireRepository; If you want this repository to be a Redis repository, consider annotating your entities with one of these annotations: org.springframework.data.redis.core.RedisHash (preferred), or consider extending one of the following types with your repository: org.springframework.data.keyvalue.repository.KeyValueRepository
2025-06-07 20:31:35,802 INFO o.s.d.r.c.RepositoryConfigurationExtensionSupport [main] Spring Data Redis - Could not safely identify store assignment for repository candidate interface com.school.management.repository.ClasseRepository; If you want this repository to be a Redis repository, consider annotating your entities with one of these annotations: org.springframework.data.redis.core.RedisHash (preferred), or consider extending one of the following types with your repository: org.springframework.data.keyvalue.repository.KeyValueRepository
2025-06-07 20:31:35,803 INFO o.s.d.r.c.RepositoryConfigurationExtensionSupport [main] Spring Data Redis - Could not safely identify store assignment for repository candidate interface com.school.management.repository.ClassRepository; If you want this repository to be a Redis repository, consider annotating your entities with one of these annotations: org.springframework.data.redis.core.RedisHash (preferred), or consider extending one of the following types with your repository: org.springframework.data.keyvalue.repository.KeyValueRepository
2025-06-07 20:31:35,803 INFO o.s.d.r.c.RepositoryConfigurationExtensionSupport [main] Spring Data Redis - Could not safely identify store assignment for repository candidate interface com.school.management.repository.DocumentRepository; If you want this repository to be a Redis repository, consider annotating your entities with one of these annotations: org.springframework.data.redis.core.RedisHash (preferred), or consider extending one of the following types with your repository: org.springframework.data.keyvalue.repository.KeyValueRepository
2025-06-07 20:31:35,803 INFO o.s.d.r.c.RepositoryConfigurationExtensionSupport [main] Spring Data Redis - Could not safely identify store assignment for repository candidate interface com.school.management.repository.EleveRepository; If you want this repository to be a Redis repository, consider annotating your entities with one of these annotations: org.springframework.data.redis.core.RedisHash (preferred), or consider extending one of the following types with your repository: org.springframework.data.keyvalue.repository.KeyValueRepository
2025-06-07 20:31:35,804 INFO o.s.d.r.c.RepositoryConfigurationExtensionSupport [main] Spring Data Redis - Could not safely identify store assignment for repository candidate interface com.school.management.repository.EnseignantRepository; If you want this repository to be a Redis repository, consider annotating your entities with one of these annotations: org.springframework.data.redis.core.RedisHash (preferred), or consider extending one of the following types with your repository: org.springframework.data.keyvalue.repository.KeyValueRepository
2025-06-07 20:31:35,804 INFO o.s.d.r.c.RepositoryConfigurationExtensionSupport [main] Spring Data Redis - Could not safely identify store assignment for repository candidate interface com.school.management.repository.GradeRepository; If you want this repository to be a Redis repository, consider annotating your entities with one of these annotations: org.springframework.data.redis.core.RedisHash (preferred), or consider extending one of the following types with your repository: org.springframework.data.keyvalue.repository.KeyValueRepository
2025-06-07 20:31:35,805 INFO o.s.d.r.c.RepositoryConfigurationExtensionSupport [main] Spring Data Redis - Could not safely identify store assignment for repository candidate interface com.school.management.repository.LogActiviteRepository; If you want this repository to be a Redis repository, consider annotating your entities with one of these annotations: org.springframework.data.redis.core.RedisHash (preferred), or consider extending one of the following types with your repository: org.springframework.data.keyvalue.repository.KeyValueRepository
2025-06-07 20:31:35,805 INFO o.s.d.r.c.RepositoryConfigurationExtensionSupport [main] Spring Data Redis - Could not safely identify store assignment for repository candidate interface com.school.management.repository.MatiereRepository; If you want this repository to be a Redis repository, consider annotating your entities with one of these annotations: org.springframework.data.redis.core.RedisHash (preferred), or consider extending one of the following types with your repository: org.springframework.data.keyvalue.repository.KeyValueRepository
2025-06-07 20:31:35,806 INFO o.s.d.r.c.RepositoryConfigurationExtensionSupport [main] Spring Data Redis - Could not safely identify store assignment for repository candidate interface com.school.management.repository.NoteRepository; If you want this repository to be a Redis repository, consider annotating your entities with one of these annotations: org.springframework.data.redis.core.RedisHash (preferred), or consider extending one of the following types with your repository: org.springframework.data.keyvalue.repository.KeyValueRepository
2025-06-07 20:31:35,806 INFO o.s.d.r.c.RepositoryConfigurationExtensionSupport [main] Spring Data Redis - Could not safely identify store assignment for repository candidate interface com.school.management.repository.NotificationRepository; If you want this repository to be a Redis repository, consider annotating your entities with one of these annotations: org.springframework.data.redis.core.RedisHash (preferred), or consider extending one of the following types with your repository: org.springframework.data.keyvalue.repository.KeyValueRepository
2025-06-07 20:31:35,806 INFO o.s.d.r.c.RepositoryConfigurationExtensionSupport [main] Spring Data Redis - Could not safely identify store assignment for repository candidate interface com.school.management.repository.PaiementRepository; If you want this repository to be a Redis repository, consider annotating your entities with one of these annotations: org.springframework.data.redis.core.RedisHash (preferred), or consider extending one of the following types with your repository: org.springframework.data.keyvalue.repository.KeyValueRepository
2025-06-07 20:31:35,807 INFO o.s.d.r.c.RepositoryConfigurationExtensionSupport [main] Spring Data Redis - Could not safely identify store assignment for repository candidate interface com.school.management.repository.ProfilUtilisateurRepository; If you want this repository to be a Redis repository, consider annotating your entities with one of these annotations: org.springframework.data.redis.core.RedisHash (preferred), or consider extending one of the following types with your repository: org.springframework.data.keyvalue.repository.KeyValueRepository
2025-06-07 20:31:35,807 INFO o.s.d.r.c.RepositoryConfigurationExtensionSupport [main] Spring Data Redis - Could not safely identify store assignment for repository candidate interface com.school.management.repository.RoleRepository; If you want this repository to be a Redis repository, consider annotating your entities with one of these annotations: org.springframework.data.redis.core.RedisHash (preferred), or consider extending one of the following types with your repository: org.springframework.data.keyvalue.repository.KeyValueRepository
2025-06-07 20:31:35,807 INFO o.s.d.r.c.RepositoryConfigurationExtensionSupport [main] Spring Data Redis - Could not safely identify store assignment for repository candidate interface com.school.management.repository.SectionRepository; If you want this repository to be a Redis repository, consider annotating your entities with one of these annotations: org.springframework.data.redis.core.RedisHash (preferred), or consider extending one of the following types with your repository: org.springframework.data.keyvalue.repository.KeyValueRepository
2025-06-07 20:31:35,808 INFO o.s.d.r.c.RepositoryConfigurationExtensionSupport [main] Spring Data Redis - Could not safely identify store assignment for repository candidate interface com.school.management.repository.SequenceRepository; If you want this repository to be a Redis repository, consider annotating your entities with one of these annotations: org.springframework.data.redis.core.RedisHash (preferred), or consider extending one of the following types with your repository: org.springframework.data.keyvalue.repository.KeyValueRepository
2025-06-07 20:31:35,808 INFO o.s.d.r.c.RepositoryConfigurationExtensionSupport [main] Spring Data Redis - Could not safely identify store assignment for repository candidate interface com.school.management.repository.StatutAnneeRepository; If you want this repository to be a Redis repository, consider annotating your entities with one of these annotations: org.springframework.data.redis.core.RedisHash (preferred), or consider extending one of the following types with your repository: org.springframework.data.keyvalue.repository.KeyValueRepository
2025-06-07 20:31:35,808 INFO o.s.d.r.c.RepositoryConfigurationExtensionSupport [main] Spring Data Redis - Could not safely identify store assignment for repository candidate interface com.school.management.repository.StudentRepository; If you want this repository to be a Redis repository, consider annotating your entities with one of these annotations: org.springframework.data.redis.core.RedisHash (preferred), or consider extending one of the following types with your repository: org.springframework.data.keyvalue.repository.KeyValueRepository
2025-06-07 20:31:35,809 INFO o.s.d.r.c.RepositoryConfigurationExtensionSupport [main] Spring Data Redis - Could not safely identify store assignment for repository candidate interface com.school.management.repository.TrimestreRepository; If you want this repository to be a Redis repository, consider annotating your entities with one of these annotations: org.springframework.data.redis.core.RedisHash (preferred), or consider extending one of the following types with your repository: org.springframework.data.keyvalue.repository.KeyValueRepository
2025-06-07 20:31:35,809 INFO o.s.d.r.c.RepositoryConfigurationExtensionSupport [main] Spring Data Redis - Could not safely identify store assignment for repository candidate interface com.school.management.repository.TypeAffectationRepository; If you want this repository to be a Redis repository, consider annotating your entities with one of these annotations: org.springframework.data.redis.core.RedisHash (preferred), or consider extending one of the following types with your repository: org.springframework.data.keyvalue.repository.KeyValueRepository
2025-06-07 20:31:35,809 INFO o.s.d.r.c.RepositoryConfigurationExtensionSupport [main] Spring Data Redis - Could not safely identify store assignment for repository candidate interface com.school.management.repository.UtilisateurRepository; If you want this repository to be a Redis repository, consider annotating your entities with one of these annotations: org.springframework.data.redis.core.RedisHash (preferred), or consider extending one of the following types with your repository: org.springframework.data.keyvalue.repository.KeyValueRepository
2025-06-07 20:31:35,810 INFO o.s.d.r.c.RepositoryConfigurationDelegate [main] Finished Spring Data repository scanning in 19 ms. Found 0 Redis repository interfaces.
2025-06-07 20:31:39,041 INFO o.s.b.w.e.t.TomcatWebServer [main] Tomcat initialized with port 8080 (http)
2025-06-07 20:31:39,059 INFO o.a.j.l.DirectJDKLog [main] Initializing ProtocolHandler ["http-nio-8080"]
2025-06-07 20:31:39,063 INFO o.a.j.l.DirectJDKLog [main] Starting service [Tomcat]
2025-06-07 20:31:39,063 INFO o.a.j.l.DirectJDKLog [main] Starting Servlet engine: [Apache Tomcat/10.1.24]
2025-06-07 20:31:39,504 INFO o.a.j.l.DirectJDKLog [main] Initializing Spring embedded WebApplicationContext
2025-06-07 20:31:39,505 INFO o.s.b.w.s.c.ServletWebServerApplicationContext [main] Root WebApplicationContext: initialization completed in 6128 ms
2025-06-07 20:31:39,752 INFO c.z.h.HikariDataSource [main] HikariPool-1 - Starting...
2025-06-07 20:31:40,063 INFO c.z.h.p.HikariPool [main] HikariPool-1 - Added connection conn0: url=jdbc:h2:mem:testdb user=SA
2025-06-07 20:31:40,066 INFO c.z.h.HikariDataSource [main] HikariPool-1 - Start completed.
2025-06-07 20:31:40,082 INFO o.s.b.a.h.H2ConsoleAutoConfiguration [main] H2 console available at '/h2-console'. Database available at 'jdbc:h2:mem:testdb'
2025-06-07 20:31:40,481 INFO o.h.j.i.u.LogHelper [main] HHH000204: Processing PersistenceUnitInfo [name: default]
2025-06-07 20:31:40,589 INFO o.h.Version [main] HHH000412: Hibernate ORM core version 6.5.2.Final
2025-06-07 20:31:40,651 INFO o.h.c.i.RegionFactoryInitiator [main] HHH000026: Second-level cache disabled
2025-06-07 20:31:41,213 INFO o.s.o.j.p.SpringPersistenceUnitInfo [main] No LoadTimeWeaver setup: ignoring JPA class transformer
2025-06-07 20:31:41,294 WARN o.h.e.j.d.i.DialectFactoryImpl [main] HHH90000025: H2Dialect does not need to be specified explicitly using 'hibernate.dialect' (remove the property setting and it will be selected by default)
2025-06-07 20:31:43,732 INFO o.h.e.t.j.p.i.JtaPlatformInitiator [main] HHH000489: No JTA platform available (set 'hibernate.transaction.jta.platform' to enable JTA platform integration)
2025-06-07 20:31:43,763 DEBUG o.h.e.j.s.SqlStatementLogger [main] 
    drop table if exists "affectation" cascade 
2025-06-07 20:31:43,769 DEBUG o.h.e.j.s.SqlStatementLogger [main] 
    drop table if exists "annee_scolaire" cascade 
2025-06-07 20:31:43,770 DEBUG o.h.e.j.s.SqlStatementLogger [main] 
    drop table if exists "classes" cascade 
2025-06-07 20:31:43,770 DEBUG o.h.e.j.s.SqlStatementLogger [main] 
    drop table if exists "document" cascade 
2025-06-07 20:31:43,771 DEBUG o.h.e.j.s.SqlStatementLogger [main] 
    drop table if exists "eleve" cascade 
2025-06-07 20:31:43,771 DEBUG o.h.e.j.s.SqlStatementLogger [main] 
    drop table if exists "enseignant" cascade 
2025-06-07 20:31:43,771 DEBUG o.h.e.j.s.SqlStatementLogger [main] 
    drop table if exists "grade" cascade 
2025-06-07 20:31:43,772 DEBUG o.h.e.j.s.SqlStatementLogger [main] 
    drop table if exists "log_activite" cascade 
2025-06-07 20:31:43,773 DEBUG o.h.e.j.s.SqlStatementLogger [main] 
    drop table if exists "matiere" cascade 
2025-06-07 20:31:43,773 DEBUG o.h.e.j.s.SqlStatementLogger [main] 
    drop table if exists "note" cascade 
2025-06-07 20:31:43,774 DEBUG o.h.e.j.s.SqlStatementLogger [main] 
    drop table if exists "notifications" cascade 
2025-06-07 20:31:43,774 DEBUG o.h.e.j.s.SqlStatementLogger [main] 
    drop table if exists "paiements" cascade 
2025-06-07 20:31:43,774 DEBUG o.h.e.j.s.SqlStatementLogger [main] 
    drop table if exists "parents" cascade 
2025-06-07 20:31:43,775 DEBUG o.h.e.j.s.SqlStatementLogger [main] 
    drop table if exists "profil_utilisateur" cascade 
2025-06-07 20:31:43,775 DEBUG o.h.e.j.s.SqlStatementLogger [main] 
    drop table if exists "role" cascade 
2025-06-07 20:31:43,775 DEBUG o.h.e.j.s.SqlStatementLogger [main] 
    drop table if exists "sections" cascade 
2025-06-07 20:31:43,776 DEBUG o.h.e.j.s.SqlStatementLogger [main] 
    drop table if exists "sequence" cascade 
2025-06-07 20:31:43,777 DEBUG o.h.e.j.s.SqlStatementLogger [main] 
    drop table if exists "statut_annee" cascade 
2025-06-07 20:31:43,777 DEBUG o.h.e.j.s.SqlStatementLogger [main] 
    drop table if exists "student_progress_report" cascade 
2025-06-07 20:31:43,778 DEBUG o.h.e.j.s.SqlStatementLogger [main] 
    drop table if exists "students" cascade 
2025-06-07 20:31:43,778 DEBUG o.h.e.j.s.SqlStatementLogger [main] 
    drop table if exists "subject" cascade 
2025-06-07 20:31:43,779 DEBUG o.h.e.j.s.SqlStatementLogger [main] 
    drop table if exists "trimestre" cascade 
2025-06-07 20:31:43,780 DEBUG o.h.e.j.s.SqlStatementLogger [main] 
    drop table if exists "type_affectation" cascade 
2025-06-07 20:31:43,781 DEBUG o.h.e.j.s.SqlStatementLogger [main] 
    drop table if exists "utilisateur" cascade 
2025-06-07 20:31:43,789 DEBUG o.h.e.j.s.SqlStatementLogger [main] 
    create table "affectation" (
        "date_debut" date,
        "date_fin" date,
        "annee_scolaire_id" bigint not null,
        "classe_id" bigint not null,
        "created_at" timestamp(6),
        "enseignant_id" bigint not null,
        "id" bigint generated by default as identity,
        "matiere_id" bigint not null,
        "updated_at" timestamp(6),
        "type_code" varchar(20) not null,
        primary key ("id")
    )
2025-06-07 20:31:43,803 DEBUG o.h.e.j.s.SqlStatementLogger [main] 
    create table "annee_scolaire" (
        "date_debut" date not null,
        "date_fin" date not null,
        "created_at" timestamp(6),
        "id" bigint generated by default as identity,
        "updated_at" timestamp(6),
        "statut_code" varchar(20) not null,
        "libelle" varchar(50) not null,
        primary key ("id")
    )
2025-06-07 20:31:43,805 DEBUG o.h.e.j.s.SqlStatementLogger [main] 
    create table "classes" (
        "actif" boolean,
        "capacite" integer,
        "created_at" timestamp(6),
        "id" bigint generated by default as identity,
        "updated_at" timestamp(6),
        "annee_scolaire" varchar(9) not null,
        "niveau" varchar(50) not null,
        "nom" varchar(100) not null,
        "description" varchar(500),
        primary key ("id")
    )
2025-06-07 20:31:43,807 DEBUG o.h.e.j.s.SqlStatementLogger [main] 
    create table "document" (
        "date_ajout" timestamp(6),
        "eleve_id" bigint,
        "id" bigint generated by default as identity,
        "chemin_fichier" varchar(255) not null,
        "type_document" enum ('AUTRE','BULLETIN','RECU') not null,
        primary key ("id")
    )
2025-06-07 20:31:43,810 DEBUG o.h.e.j.s.SqlStatementLogger [main] 
    create table "eleve" (
        "actif" boolean,
        "date_naissance" date,
        "classe_id" bigint,
        "created_at" timestamp(6),
        "date_inscription" timestamp(6),
        "id" bigint generated by default as identity,
        "parent_id" bigint,
        "section_id" bigint,
        "updated_at" timestamp(6),
        "genre" varchar(20),
        "email" varchar(100) not null unique,
        "nom" varchar(100) not null,
        "prenom" varchar(100) not null,
        "adresse" varchar(200),
        primary key ("id")
    )
2025-06-07 20:31:43,814 DEBUG o.h.e.j.s.SqlStatementLogger [main] 
    create table "enseignant" (
        "actif" boolean,
        "created_at" timestamp(6),
        "date_embauche" timestamp(6),
        "id" bigint generated by default as identity,
        "section_id" bigint,
        "updated_at" timestamp(6),
        "telephone" varchar(20),
        "niveau" varchar(50),
        "email" varchar(100) not null unique,
        "nom" varchar(100) not null,
        "prenom" varchar(100) not null,
        "specialite" varchar(100),
        primary key ("id")
    )
2025-06-07 20:31:43,816 DEBUG o.h.e.j.s.SqlStatementLogger [main] 
    create table "grade" (
        "grade" float(53) not null,
        "created_at" timestamp(6),
        "id" bigint generated by default as identity,
        "student_id" bigint not null,
        "subject_id" bigint not null,
        "updated_at" timestamp(6),
        "period" varchar(20) not null,
        "comments" varchar(500),
        primary key ("id")
    )
2025-06-07 20:31:43,819 DEBUG o.h.e.j.s.SqlStatementLogger [main] 
    create table "log_activite" (
        "date_action" timestamp(6),
        "id" bigint generated by default as identity,
        "reference_id" bigint,
        "utilisateur_id" bigint not null,
        "ip_adresse" varchar(45),
        "table_cible" varchar(100),
        "action" varchar(255) not null,
        primary key ("id")
    )
2025-06-07 20:31:43,822 DEBUG o.h.e.j.s.SqlStatementLogger [main] 
    create table "matiere" (
        "coefficient" numeric(5,2) not null,
        "created_at" timestamp(6),
        "id" bigint generated by default as identity,
        "updated_at" timestamp(6),
        "nom" varchar(100) not null,
        primary key ("id")
    )
2025-06-07 20:31:43,824 DEBUG o.h.e.j.s.SqlStatementLogger [main] 
    create table "note" (
        "note" numeric(5,2) not null,
        "created_at" timestamp(6) not null,
        "eleve_id" bigint not null,
        "id" bigint generated by default as identity,
        "matiere_id" bigint not null,
        "sequence_id" bigint not null,
        "trimestre_id" bigint,
        "updated_at" timestamp(6),
        "commentaire" varchar(255),
        primary key ("id")
    )
2025-06-07 20:31:43,825 DEBUG o.h.e.j.s.SqlStatementLogger [main] 
    create table "notifications" (
        "read" boolean,
        "created_at" timestamp(6),
        "id" bigint generated by default as identity,
        "user_id" bigint,
        "message" varchar(255) not null,
        primary key ("id")
    )
2025-06-07 20:31:43,829 DEBUG o.h.e.j.s.SqlStatementLogger [main] 
    create table "paiements" (
        "date_paiement" date,
        "montant" numeric(38,2) not null,
        "eleve_id" bigint not null,
        "id" bigint generated by default as identity,
        "description" varchar(255),
        "type_paiement" varchar(255),
        primary key ("id")
    )
2025-06-07 20:31:43,830 DEBUG o.h.e.j.s.SqlStatementLogger [main] 
    create table "parents" (
        "id" bigint generated by default as identity,
        "adresse" varchar(255),
        "email" varchar(255) unique,
        "nom" varchar(255) not null,
        "prenom" varchar(255) not null,
        "profession" varchar(255),
        "telephone" varchar(255),
        primary key ("id")
    )
2025-06-07 20:31:43,833 DEBUG o.h.e.j.s.SqlStatementLogger [main] 
    create table "profil_utilisateur" (
        "created_at" timestamp(6),
        "id" bigint generated by default as identity,
        "reference_id" bigint not null,
        "updated_at" timestamp(6),
        "utilisateur_id" bigint not null,
        "type_personne" enum ('AGENT','ELEVE','ENSEIGNANT','PARENT') not null,
        primary key ("id")
    )
2025-06-07 20:31:43,835 DEBUG o.h.e.j.s.SqlStatementLogger [main] 
    create table "role" (
        "id" bigint generated by default as identity,
        "libelle" varchar(50) not null unique,
        primary key ("id")
    )
2025-06-07 20:31:43,838 DEBUG o.h.e.j.s.SqlStatementLogger [main] 
    create table "sections" (
        "id" bigint generated by default as identity,
        "description" varchar(255),
        "nom" varchar(255) not null,
        primary key ("id")
    )
2025-06-07 20:31:43,840 DEBUG o.h.e.j.s.SqlStatementLogger [main] 
    create table "sequence" (
        "numero" integer not null,
        "created_at" timestamp(6),
        "id" bigint generated by default as identity,
        "trimestre_id" bigint not null,
        "updated_at" timestamp(6),
        "libelle" varchar(50) not null,
        primary key ("id")
    )
2025-06-07 20:31:43,842 DEBUG o.h.e.j.s.SqlStatementLogger [main] 
    create table "statut_annee" (
        "code" varchar(20) not null,
        "libelle" varchar(100) not null,
        primary key ("code")
    )
2025-06-07 20:31:43,843 DEBUG o.h.e.j.s.SqlStatementLogger [main] 
    create table "student_progress_report" (
        "attendance_rate" float(53),
        "average_grade" float(53),
        "created_at" timestamp(6),
        "id" bigint generated by default as identity,
        "student_id" bigint not null,
        "updated_at" timestamp(6),
        "period" varchar(20) not null,
        "comments" varchar(1000),
        primary key ("id")
    )
2025-06-07 20:31:43,846 DEBUG o.h.e.j.s.SqlStatementLogger [main] 
    create table "students" (
        "actif" boolean,
        "date_naissance" date not null,
        "genre" varchar(1),
        "classe_id" bigint,
        "created_at" timestamp(6),
        "date_inscription" timestamp(6) not null,
        "id" bigint generated by default as identity,
        "section_id" bigint,
        "updated_at" timestamp(6),
        "telephone" varchar(20),
        "section_name" varchar(50),
        "email" varchar(100) not null unique,
        "nom" varchar(100) not null,
        "nom_classe" varchar(100),
        "nom_parent" varchar(100),
        "prenom" varchar(100) not null,
        "adresse" varchar(200),
        primary key ("id")
    )
2025-06-07 20:31:43,848 DEBUG o.h.e.j.s.SqlStatementLogger [main] 
    create table "subject" (
        "actif" boolean,
        "coefficient" integer,
        "created_at" timestamp(6),
        "id" bigint generated by default as identity,
        "updated_at" timestamp(6),
        "code" varchar(20) not null unique,
        "nom" varchar(100) not null,
        "description" varchar(500),
        primary key ("id")
    )
2025-06-07 20:31:43,850 DEBUG o.h.e.j.s.SqlStatementLogger [main] 
    create table "trimestre" (
        "numero" integer not null,
        "annee_scolaire_id" bigint not null,
        "created_at" timestamp(6),
        "id" bigint generated by default as identity,
        "updated_at" timestamp(6),
        "libelle" varchar(50) not null,
        primary key ("id")
    )
2025-06-07 20:31:43,852 DEBUG o.h.e.j.s.SqlStatementLogger [main] 
    create table "type_affectation" (
        "code" varchar(20) not null,
        "libelle" varchar(100) not null,
        primary key ("code")
    )
2025-06-07 20:31:43,855 DEBUG o.h.e.j.s.SqlStatementLogger [main] 
    create table "utilisateur" (
        "actif" boolean,
        "created_at" timestamp(6),
        "id" bigint generated by default as identity,
        "last_login" timestamp(6),
        "role_id" bigint not null,
        "updated_at" timestamp(6),
        "email" varchar(100) not null unique,
        "nom" varchar(100) not null,
        "mot_de_passe" varchar(255) not null,
        "reset_token" varchar(255),
        "type_personne" enum ('ADMIN','AGENT','ELEVE','ENSEIGNANT','PARENT') not null,
        primary key ("id")
    )
2025-06-07 20:31:43,859 DEBUG o.h.e.j.s.SqlStatementLogger [main] 
    alter table if exists "affectation" 
       add constraint "FK9eu96qf7kye9sf1pmecfd0yfm" 
       foreign key ("annee_scolaire_id") 
       references "annee_scolaire"
2025-06-07 20:31:43,889 DEBUG o.h.e.j.s.SqlStatementLogger [main] 
    alter table if exists "affectation" 
       add constraint "FKpe0bo22qt45crdtir2olejjyg" 
       foreign key ("classe_id") 
       references "classes"
2025-06-07 20:31:43,893 DEBUG o.h.e.j.s.SqlStatementLogger [main] 
    alter table if exists "affectation" 
       add constraint "FK3av7c7bm789r6knql1ykv0iuh" 
       foreign key ("enseignant_id") 
       references "enseignant"
2025-06-07 20:31:43,897 DEBUG o.h.e.j.s.SqlStatementLogger [main] 
    alter table if exists "affectation" 
       add constraint "FKbd6pqb4xm1b2f6dsjng6t9vy1" 
       foreign key ("matiere_id") 
       references "matiere"
2025-06-07 20:31:43,904 DEBUG o.h.e.j.s.SqlStatementLogger [main] 
    alter table if exists "document" 
       add constraint "FK4uxipd5g6ulta9p7gt3992osv" 
       foreign key ("eleve_id") 
       references "eleve"
2025-06-07 20:31:43,907 DEBUG o.h.e.j.s.SqlStatementLogger [main] 
    alter table if exists "eleve" 
       add constraint "FKak1ytyiywaoq3w1wjuwpdu81p" 
       foreign key ("classe_id") 
       references "classes"
2025-06-07 20:31:43,909 DEBUG o.h.e.j.s.SqlStatementLogger [main] 
    alter table if exists "eleve" 
       add constraint "FK31spnejrvma8oawmo11nku169" 
       foreign key ("parent_id") 
       references "parents"
2025-06-07 20:31:43,914 DEBUG o.h.e.j.s.SqlStatementLogger [main] 
    alter table if exists "eleve" 
       add constraint "FKfpstf9bai3b6n4qu9wsx077ja" 
       foreign key ("section_id") 
       references "sections"
2025-06-07 20:31:43,919 DEBUG o.h.e.j.s.SqlStatementLogger [main] 
    alter table if exists "enseignant" 
       add constraint "FKh4do9onk9pwd1p5hpdl2jlvsw" 
       foreign key ("section_id") 
       references "sections"
2025-06-07 20:31:43,921 DEBUG o.h.e.j.s.SqlStatementLogger [main] 
    alter table if exists "grade" 
       add constraint "FKipf4njw2w6vostd6y4ti401mm" 
       foreign key ("student_id") 
       references "utilisateur"
2025-06-07 20:31:43,923 DEBUG o.h.e.j.s.SqlStatementLogger [main] 
    alter table if exists "grade" 
       add constraint "FKga475phybm7f4xh2qgjlm4tef" 
       foreign key ("subject_id") 
       references "subject"
2025-06-07 20:31:43,926 DEBUG o.h.e.j.s.SqlStatementLogger [main] 
    alter table if exists "log_activite" 
       add constraint "FKrfsnh1x7lprexosg0odve3edk" 
       foreign key ("utilisateur_id") 
       references "utilisateur"
2025-06-07 20:31:43,929 DEBUG o.h.e.j.s.SqlStatementLogger [main] 
    alter table if exists "note" 
       add constraint "FKckjcf0lcp26yn81tkbiyyvpxs" 
       foreign key ("eleve_id") 
       references "eleve"
2025-06-07 20:31:43,934 DEBUG o.h.e.j.s.SqlStatementLogger [main] 
    alter table if exists "note" 
       add constraint "FKce6fgrwojbdjuyfobkryhsubc" 
       foreign key ("matiere_id") 
       references "matiere"
2025-06-07 20:31:43,938 DEBUG o.h.e.j.s.SqlStatementLogger [main] 
    alter table if exists "note" 
       add constraint "FKnx3h3lbhngn4he4lrc8ylhrxh" 
       foreign key ("sequence_id") 
       references "sequence"
2025-06-07 20:31:43,941 DEBUG o.h.e.j.s.SqlStatementLogger [main] 
    alter table if exists "note" 
       add constraint "FKsq8sa1xg25htraxpx0ylx3lgk" 
       foreign key ("trimestre_id") 
       references "trimestre"
2025-06-07 20:31:43,944 DEBUG o.h.e.j.s.SqlStatementLogger [main] 
    alter table if exists "paiements" 
       add constraint "FKafefes0eqpleg9i7g6mvt6xhh" 
       foreign key ("eleve_id") 
       references "eleve"
2025-06-07 20:31:43,949 DEBUG o.h.e.j.s.SqlStatementLogger [main] 
    alter table if exists "profil_utilisateur" 
       add constraint "FK177de5xq3y87tjxuwctokx341" 
       foreign key ("utilisateur_id") 
       references "utilisateur"
2025-06-07 20:31:43,953 DEBUG o.h.e.j.s.SqlStatementLogger [main] 
    alter table if exists "sequence" 
       add constraint "FKclybiy2bjbpf0ejgg6rq51ynf" 
       foreign key ("trimestre_id") 
       references "trimestre"
2025-06-07 20:31:43,965 DEBUG o.h.e.j.s.SqlStatementLogger [main] 
    alter table if exists "student_progress_report" 
       add constraint "FK1u5j5o832a13lgcq3foy1g3rr" 
       foreign key ("student_id") 
       references "utilisateur"
2025-06-07 20:31:43,968 DEBUG o.h.e.j.s.SqlStatementLogger [main] 
    alter table if exists "students" 
       add constraint "FKtb9nirq953dcf0onxisl98ni1" 
       foreign key ("classe_id") 
       references "classes"
2025-06-07 20:31:43,973 DEBUG o.h.e.j.s.SqlStatementLogger [main] 
    alter table if exists "students" 
       add constraint "FKgkvw6901117nqyb8tyx3gmpk5" 
       foreign key ("section_id") 
       references "sections"
2025-06-07 20:31:43,977 DEBUG o.h.e.j.s.SqlStatementLogger [main] 
    alter table if exists "trimestre" 
       add constraint "FKql50yxg7ydwdp4uom1mltlbkr" 
       foreign key ("annee_scolaire_id") 
       references "annee_scolaire"
2025-06-07 20:31:43,981 DEBUG o.h.e.j.s.SqlStatementLogger [main] 
    alter table if exists "utilisateur" 
       add constraint "FKmjx8u4qqtx1pp4g0tpmuf3yb9" 
       foreign key ("role_id") 
       references "role"
2025-06-07 20:31:43,992 INFO o.s.o.j.AbstractEntityManagerFactoryBean [main] Initialized JPA EntityManagerFactory for persistence unit 'default'
2025-06-07 20:31:44,924 INFO o.s.d.j.r.q.QueryEnhancerFactory [main] Hibernate is in classpath; If applicable, HQL parser will be used.
2025-06-07 20:31:45,656 WARN o.s.c.s.AbstractApplicationContext [main] Exception encountered during context initialization - cancelling refresh attempt: org.springframework.beans.factory.UnsatisfiedDependencyException: Error creating bean with name 'gradeController' defined in file [C:\Users\GLOBAL STORE\Documents\Primary-School\backend\build\classes\java\main\com\school\management\controller\GradeController.class]: Unsatisfied dependency expressed through constructor parameter 0: Error creating bean with name 'gradeService' defined in file [C:\Users\GLOBAL STORE\Documents\Primary-School\backend\build\classes\java\main\com\school\management\service\GradeService.class]: Unsatisfied dependency expressed through constructor parameter 1: Error creating bean with name 'notificationService' defined in file [C:\Users\GLOBAL STORE\Documents\Primary-School\backend\build\classes\java\main\com\school\management\service\NotificationService.class]: Unsatisfied dependency expressed through constructor parameter 0: No qualifying bean of type 'org.springframework.messaging.simp.SimpMessagingTemplate' available: expected at least 1 bean which qualifies as autowire candidate. Dependency annotations: {}
2025-06-07 20:31:45,657 INFO o.s.o.j.AbstractEntityManagerFactoryBean [main] Closing JPA EntityManagerFactory for persistence unit 'default'
2025-06-07 20:31:45,658 DEBUG o.h.e.j.s.SqlStatementLogger [main] 
    drop table if exists "affectation" cascade 
2025-06-07 20:31:45,660 DEBUG o.h.e.j.s.SqlStatementLogger [main] 
    drop table if exists "annee_scolaire" cascade 
2025-06-07 20:31:45,662 DEBUG o.h.e.j.s.SqlStatementLogger [main] 
    drop table if exists "classes" cascade 
2025-06-07 20:31:45,663 DEBUG o.h.e.j.s.SqlStatementLogger [main] 
    drop table if exists "document" cascade 
2025-06-07 20:31:45,665 DEBUG o.h.e.j.s.SqlStatementLogger [main] 
    drop table if exists "eleve" cascade 
2025-06-07 20:31:45,666 DEBUG o.h.e.j.s.SqlStatementLogger [main] 
    drop table if exists "enseignant" cascade 
2025-06-07 20:31:45,667 DEBUG o.h.e.j.s.SqlStatementLogger [main] 
    drop table if exists "grade" cascade 
2025-06-07 20:31:45,668 DEBUG o.h.e.j.s.SqlStatementLogger [main] 
    drop table if exists "log_activite" cascade 
2025-06-07 20:31:45,669 DEBUG o.h.e.j.s.SqlStatementLogger [main] 
    drop table if exists "matiere" cascade 
2025-06-07 20:31:45,669 DEBUG o.h.e.j.s.SqlStatementLogger [main] 
    drop table if exists "note" cascade 
2025-06-07 20:31:45,670 DEBUG o.h.e.j.s.SqlStatementLogger [main] 
    drop table if exists "notifications" cascade 
2025-06-07 20:31:45,670 DEBUG o.h.e.j.s.SqlStatementLogger [main] 
    drop table if exists "paiements" cascade 
2025-06-07 20:31:45,671 DEBUG o.h.e.j.s.SqlStatementLogger [main] 
    drop table if exists "parents" cascade 
2025-06-07 20:31:45,671 DEBUG o.h.e.j.s.SqlStatementLogger [main] 
    drop table if exists "profil_utilisateur" cascade 
2025-06-07 20:31:45,672 DEBUG o.h.e.j.s.SqlStatementLogger [main] 
    drop table if exists "role" cascade 
2025-06-07 20:31:45,672 DEBUG o.h.e.j.s.SqlStatementLogger [main] 
    drop table if exists "sections" cascade 
2025-06-07 20:31:45,673 DEBUG o.h.e.j.s.SqlStatementLogger [main] 
    drop table if exists "sequence" cascade 
2025-06-07 20:31:45,674 DEBUG o.h.e.j.s.SqlStatementLogger [main] 
    drop table if exists "statut_annee" cascade 
2025-06-07 20:31:45,675 DEBUG o.h.e.j.s.SqlStatementLogger [main] 
    drop table if exists "student_progress_report" cascade 
2025-06-07 20:31:45,675 DEBUG o.h.e.j.s.SqlStatementLogger [main] 
    drop table if exists "students" cascade 
2025-06-07 20:31:45,676 DEBUG o.h.e.j.s.SqlStatementLogger [main] 
    drop table if exists "subject" cascade 
2025-06-07 20:31:45,677 DEBUG o.h.e.j.s.SqlStatementLogger [main] 
    drop table if exists "trimestre" cascade 
2025-06-07 20:31:45,679 DEBUG o.h.e.j.s.SqlStatementLogger [main] 
    drop table if exists "type_affectation" cascade 
2025-06-07 20:31:45,680 DEBUG o.h.e.j.s.SqlStatementLogger [main] 
    drop table if exists "utilisateur" cascade 
2025-06-07 20:31:45,682 INFO c.z.h.HikariDataSource [main] HikariPool-1 - Shutdown initiated...
2025-06-07 20:31:45,684 INFO c.z.h.HikariDataSource [main] HikariPool-1 - Shutdown completed.
2025-06-07 20:31:45,686 INFO o.a.j.l.DirectJDKLog [main] Stopping service [Tomcat]
2025-06-07 20:31:45,709 INFO o.s.b.a.l.ConditionEvaluationReportLogger [main] 

Error starting ApplicationContext. To display the condition evaluation report re-run your application with 'debug' enabled.
2025-06-07 20:31:45,759 ERROR o.s.b.d.LoggingFailureAnalysisReporter [main] 

***************************
APPLICATION FAILED TO START
***************************

Description:

Parameter 0 of constructor in com.school.management.service.NotificationService required a bean of type 'org.springframework.messaging.simp.SimpMessagingTemplate' that could not be found.


Action:

Consider defining a bean of type 'org.springframework.messaging.simp.SimpMessagingTemplate' in your configuration.

2025-06-07 20:41:53,720 INFO o.h.v.i.u.Version [background-preinit] HV000001: Hibernate Validator 8.0.1.Final
2025-06-07 20:41:53,897 INFO o.s.b.StartupInfoLogger [main] Starting SchoolManagementApplication using Java 21.0.6 with PID 24880 (C:\Users\GLOBAL STORE\Documents\Primary-School\backend\build\classes\java\main started by GLOBAL STORE in C:\Users\GLOBAL STORE\Documents\Primary-School\backend)
2025-06-07 20:41:53,898 DEBUG o.s.b.StartupInfoLogger [main] Running with Spring Boot v3.3.0, Spring v6.1.8
2025-06-07 20:41:53,899 INFO o.s.b.SpringApplication [main] No active profile set, falling back to 1 default profile: "default"
2025-06-07 20:41:56,617 INFO o.s.d.r.c.RepositoryConfigurationDelegate [main] Multiple Spring Data modules found, entering strict repository configuration mode
2025-06-07 20:41:56,623 INFO o.s.d.r.c.RepositoryConfigurationDelegate [main] Bootstrapping Spring Data JPA repositories in DEFAULT mode.
2025-06-07 20:41:57,137 INFO o.s.d.r.c.RepositoryConfigurationDelegate [main] Finished Spring Data repository scanning in 496 ms. Found 22 JPA repository interfaces.
2025-06-07 20:41:57,166 INFO o.s.d.r.c.RepositoryConfigurationDelegate [main] Multiple Spring Data modules found, entering strict repository configuration mode
2025-06-07 20:41:57,169 INFO o.s.d.r.c.RepositoryConfigurationDelegate [main] Bootstrapping Spring Data Redis repositories in DEFAULT mode.
2025-06-07 20:41:57,206 INFO o.s.d.r.c.RepositoryConfigurationExtensionSupport [main] Spring Data Redis - Could not safely identify store assignment for repository candidate interface com.school.management.repository.AffectationRepository; If you want this repository to be a Redis repository, consider annotating your entities with one of these annotations: org.springframework.data.redis.core.RedisHash (preferred), or consider extending one of the following types with your repository: org.springframework.data.keyvalue.repository.KeyValueRepository
2025-06-07 20:41:57,207 INFO o.s.d.r.c.RepositoryConfigurationExtensionSupport [main] Spring Data Redis - Could not safely identify store assignment for repository candidate interface com.school.management.repository.AnneeScolaireRepository; If you want this repository to be a Redis repository, consider annotating your entities with one of these annotations: org.springframework.data.redis.core.RedisHash (preferred), or consider extending one of the following types with your repository: org.springframework.data.keyvalue.repository.KeyValueRepository
2025-06-07 20:41:57,207 INFO o.s.d.r.c.RepositoryConfigurationExtensionSupport [main] Spring Data Redis - Could not safely identify store assignment for repository candidate interface com.school.management.repository.ClasseRepository; If you want this repository to be a Redis repository, consider annotating your entities with one of these annotations: org.springframework.data.redis.core.RedisHash (preferred), or consider extending one of the following types with your repository: org.springframework.data.keyvalue.repository.KeyValueRepository
2025-06-07 20:41:57,207 INFO o.s.d.r.c.RepositoryConfigurationExtensionSupport [main] Spring Data Redis - Could not safely identify store assignment for repository candidate interface com.school.management.repository.ClassRepository; If you want this repository to be a Redis repository, consider annotating your entities with one of these annotations: org.springframework.data.redis.core.RedisHash (preferred), or consider extending one of the following types with your repository: org.springframework.data.keyvalue.repository.KeyValueRepository
2025-06-07 20:41:57,208 INFO o.s.d.r.c.RepositoryConfigurationExtensionSupport [main] Spring Data Redis - Could not safely identify store assignment for repository candidate interface com.school.management.repository.DocumentRepository; If you want this repository to be a Redis repository, consider annotating your entities with one of these annotations: org.springframework.data.redis.core.RedisHash (preferred), or consider extending one of the following types with your repository: org.springframework.data.keyvalue.repository.KeyValueRepository
2025-06-07 20:41:57,208 INFO o.s.d.r.c.RepositoryConfigurationExtensionSupport [main] Spring Data Redis - Could not safely identify store assignment for repository candidate interface com.school.management.repository.EleveRepository; If you want this repository to be a Redis repository, consider annotating your entities with one of these annotations: org.springframework.data.redis.core.RedisHash (preferred), or consider extending one of the following types with your repository: org.springframework.data.keyvalue.repository.KeyValueRepository
2025-06-07 20:41:57,209 INFO o.s.d.r.c.RepositoryConfigurationExtensionSupport [main] Spring Data Redis - Could not safely identify store assignment for repository candidate interface com.school.management.repository.EnseignantRepository; If you want this repository to be a Redis repository, consider annotating your entities with one of these annotations: org.springframework.data.redis.core.RedisHash (preferred), or consider extending one of the following types with your repository: org.springframework.data.keyvalue.repository.KeyValueRepository
2025-06-07 20:41:57,209 INFO o.s.d.r.c.RepositoryConfigurationExtensionSupport [main] Spring Data Redis - Could not safely identify store assignment for repository candidate interface com.school.management.repository.GradeRepository; If you want this repository to be a Redis repository, consider annotating your entities with one of these annotations: org.springframework.data.redis.core.RedisHash (preferred), or consider extending one of the following types with your repository: org.springframework.data.keyvalue.repository.KeyValueRepository
2025-06-07 20:41:57,210 INFO o.s.d.r.c.RepositoryConfigurationExtensionSupport [main] Spring Data Redis - Could not safely identify store assignment for repository candidate interface com.school.management.repository.LogActiviteRepository; If you want this repository to be a Redis repository, consider annotating your entities with one of these annotations: org.springframework.data.redis.core.RedisHash (preferred), or consider extending one of the following types with your repository: org.springframework.data.keyvalue.repository.KeyValueRepository
2025-06-07 20:41:57,210 INFO o.s.d.r.c.RepositoryConfigurationExtensionSupport [main] Spring Data Redis - Could not safely identify store assignment for repository candidate interface com.school.management.repository.MatiereRepository; If you want this repository to be a Redis repository, consider annotating your entities with one of these annotations: org.springframework.data.redis.core.RedisHash (preferred), or consider extending one of the following types with your repository: org.springframework.data.keyvalue.repository.KeyValueRepository
2025-06-07 20:41:57,211 INFO o.s.d.r.c.RepositoryConfigurationExtensionSupport [main] Spring Data Redis - Could not safely identify store assignment for repository candidate interface com.school.management.repository.NoteRepository; If you want this repository to be a Redis repository, consider annotating your entities with one of these annotations: org.springframework.data.redis.core.RedisHash (preferred), or consider extending one of the following types with your repository: org.springframework.data.keyvalue.repository.KeyValueRepository
2025-06-07 20:41:57,211 INFO o.s.d.r.c.RepositoryConfigurationExtensionSupport [main] Spring Data Redis - Could not safely identify store assignment for repository candidate interface com.school.management.repository.NotificationRepository; If you want this repository to be a Redis repository, consider annotating your entities with one of these annotations: org.springframework.data.redis.core.RedisHash (preferred), or consider extending one of the following types with your repository: org.springframework.data.keyvalue.repository.KeyValueRepository
2025-06-07 20:41:57,211 INFO o.s.d.r.c.RepositoryConfigurationExtensionSupport [main] Spring Data Redis - Could not safely identify store assignment for repository candidate interface com.school.management.repository.PaiementRepository; If you want this repository to be a Redis repository, consider annotating your entities with one of these annotations: org.springframework.data.redis.core.RedisHash (preferred), or consider extending one of the following types with your repository: org.springframework.data.keyvalue.repository.KeyValueRepository
2025-06-07 20:41:57,212 INFO o.s.d.r.c.RepositoryConfigurationExtensionSupport [main] Spring Data Redis - Could not safely identify store assignment for repository candidate interface com.school.management.repository.ProfilUtilisateurRepository; If you want this repository to be a Redis repository, consider annotating your entities with one of these annotations: org.springframework.data.redis.core.RedisHash (preferred), or consider extending one of the following types with your repository: org.springframework.data.keyvalue.repository.KeyValueRepository
2025-06-07 20:41:57,212 INFO o.s.d.r.c.RepositoryConfigurationExtensionSupport [main] Spring Data Redis - Could not safely identify store assignment for repository candidate interface com.school.management.repository.RoleRepository; If you want this repository to be a Redis repository, consider annotating your entities with one of these annotations: org.springframework.data.redis.core.RedisHash (preferred), or consider extending one of the following types with your repository: org.springframework.data.keyvalue.repository.KeyValueRepository
2025-06-07 20:41:57,213 INFO o.s.d.r.c.RepositoryConfigurationExtensionSupport [main] Spring Data Redis - Could not safely identify store assignment for repository candidate interface com.school.management.repository.SectionRepository; If you want this repository to be a Redis repository, consider annotating your entities with one of these annotations: org.springframework.data.redis.core.RedisHash (preferred), or consider extending one of the following types with your repository: org.springframework.data.keyvalue.repository.KeyValueRepository
2025-06-07 20:41:57,213 INFO o.s.d.r.c.RepositoryConfigurationExtensionSupport [main] Spring Data Redis - Could not safely identify store assignment for repository candidate interface com.school.management.repository.SequenceRepository; If you want this repository to be a Redis repository, consider annotating your entities with one of these annotations: org.springframework.data.redis.core.RedisHash (preferred), or consider extending one of the following types with your repository: org.springframework.data.keyvalue.repository.KeyValueRepository
2025-06-07 20:41:57,213 INFO o.s.d.r.c.RepositoryConfigurationExtensionSupport [main] Spring Data Redis - Could not safely identify store assignment for repository candidate interface com.school.management.repository.StatutAnneeRepository; If you want this repository to be a Redis repository, consider annotating your entities with one of these annotations: org.springframework.data.redis.core.RedisHash (preferred), or consider extending one of the following types with your repository: org.springframework.data.keyvalue.repository.KeyValueRepository
2025-06-07 20:41:57,213 INFO o.s.d.r.c.RepositoryConfigurationExtensionSupport [main] Spring Data Redis - Could not safely identify store assignment for repository candidate interface com.school.management.repository.StudentRepository; If you want this repository to be a Redis repository, consider annotating your entities with one of these annotations: org.springframework.data.redis.core.RedisHash (preferred), or consider extending one of the following types with your repository: org.springframework.data.keyvalue.repository.KeyValueRepository
2025-06-07 20:41:57,214 INFO o.s.d.r.c.RepositoryConfigurationExtensionSupport [main] Spring Data Redis - Could not safely identify store assignment for repository candidate interface com.school.management.repository.TrimestreRepository; If you want this repository to be a Redis repository, consider annotating your entities with one of these annotations: org.springframework.data.redis.core.RedisHash (preferred), or consider extending one of the following types with your repository: org.springframework.data.keyvalue.repository.KeyValueRepository
2025-06-07 20:41:57,214 INFO o.s.d.r.c.RepositoryConfigurationExtensionSupport [main] Spring Data Redis - Could not safely identify store assignment for repository candidate interface com.school.management.repository.TypeAffectationRepository; If you want this repository to be a Redis repository, consider annotating your entities with one of these annotations: org.springframework.data.redis.core.RedisHash (preferred), or consider extending one of the following types with your repository: org.springframework.data.keyvalue.repository.KeyValueRepository
2025-06-07 20:41:57,215 INFO o.s.d.r.c.RepositoryConfigurationExtensionSupport [main] Spring Data Redis - Could not safely identify store assignment for repository candidate interface com.school.management.repository.UtilisateurRepository; If you want this repository to be a Redis repository, consider annotating your entities with one of these annotations: org.springframework.data.redis.core.RedisHash (preferred), or consider extending one of the following types with your repository: org.springframework.data.keyvalue.repository.KeyValueRepository
2025-06-07 20:41:57,215 INFO o.s.d.r.c.RepositoryConfigurationDelegate [main] Finished Spring Data repository scanning in 21 ms. Found 0 Redis repository interfaces.
2025-06-07 20:41:59,115 INFO o.s.b.w.e.t.TomcatWebServer [main] Tomcat initialized with port 8080 (http)
2025-06-07 20:41:59,140 INFO o.a.j.l.DirectJDKLog [main] Initializing ProtocolHandler ["http-nio-8080"]
2025-06-07 20:41:59,144 INFO o.a.j.l.DirectJDKLog [main] Starting service [Tomcat]
2025-06-07 20:41:59,145 INFO o.a.j.l.DirectJDKLog [main] Starting Servlet engine: [Apache Tomcat/10.1.24]
2025-06-07 20:41:59,252 INFO o.a.j.l.DirectJDKLog [main] Initializing Spring embedded WebApplicationContext
2025-06-07 20:41:59,254 INFO o.s.b.w.s.c.ServletWebServerApplicationContext [main] Root WebApplicationContext: initialization completed in 5231 ms
2025-06-07 20:41:59,604 INFO c.z.h.HikariDataSource [main] HikariPool-1 - Starting...
2025-06-07 20:42:00,030 INFO c.z.h.p.HikariPool [main] HikariPool-1 - Added connection conn0: url=jdbc:h2:mem:testdb user=SA
2025-06-07 20:42:00,033 INFO c.z.h.HikariDataSource [main] HikariPool-1 - Start completed.
2025-06-07 20:42:00,048 INFO o.s.b.a.h.H2ConsoleAutoConfiguration [main] H2 console available at '/h2-console'. Database available at 'jdbc:h2:mem:testdb'
2025-06-07 20:42:00,470 INFO o.h.j.i.u.LogHelper [main] HHH000204: Processing PersistenceUnitInfo [name: default]
2025-06-07 20:42:00,655 INFO o.h.Version [main] HHH000412: Hibernate ORM core version 6.5.2.Final
2025-06-07 20:42:00,743 INFO o.h.c.i.RegionFactoryInitiator [main] HHH000026: Second-level cache disabled
2025-06-07 20:42:01,484 INFO o.s.o.j.p.SpringPersistenceUnitInfo [main] No LoadTimeWeaver setup: ignoring JPA class transformer
2025-06-07 20:42:01,618 WARN o.h.e.j.d.i.DialectFactoryImpl [main] HHH90000025: H2Dialect does not need to be specified explicitly using 'hibernate.dialect' (remove the property setting and it will be selected by default)
2025-06-07 20:42:04,260 INFO o.h.e.t.j.p.i.JtaPlatformInitiator [main] HHH000489: No JTA platform available (set 'hibernate.transaction.jta.platform' to enable JTA platform integration)
2025-06-07 20:42:04,300 DEBUG o.h.e.j.s.SqlStatementLogger [main] 
    drop table if exists "affectation" cascade 
2025-06-07 20:42:04,306 DEBUG o.h.e.j.s.SqlStatementLogger [main] 
    drop table if exists "annee_scolaire" cascade 
2025-06-07 20:42:04,307 DEBUG o.h.e.j.s.SqlStatementLogger [main] 
    drop table if exists "classes" cascade 
2025-06-07 20:42:04,308 DEBUG o.h.e.j.s.SqlStatementLogger [main] 
    drop table if exists "document" cascade 
2025-06-07 20:42:04,308 DEBUG o.h.e.j.s.SqlStatementLogger [main] 
    drop table if exists "eleve" cascade 
2025-06-07 20:42:04,309 DEBUG o.h.e.j.s.SqlStatementLogger [main] 
    drop table if exists "enseignant" cascade 
2025-06-07 20:42:04,309 DEBUG o.h.e.j.s.SqlStatementLogger [main] 
    drop table if exists "grade" cascade 
2025-06-07 20:42:04,309 DEBUG o.h.e.j.s.SqlStatementLogger [main] 
    drop table if exists "log_activite" cascade 
2025-06-07 20:42:04,310 DEBUG o.h.e.j.s.SqlStatementLogger [main] 
    drop table if exists "matiere" cascade 
2025-06-07 20:42:04,311 DEBUG o.h.e.j.s.SqlStatementLogger [main] 
    drop table if exists "note" cascade 
2025-06-07 20:42:04,311 DEBUG o.h.e.j.s.SqlStatementLogger [main] 
    drop table if exists "notifications" cascade 
2025-06-07 20:42:04,312 DEBUG o.h.e.j.s.SqlStatementLogger [main] 
    drop table if exists "paiements" cascade 
2025-06-07 20:42:04,312 DEBUG o.h.e.j.s.SqlStatementLogger [main] 
    drop table if exists "parents" cascade 
2025-06-07 20:42:04,313 DEBUG o.h.e.j.s.SqlStatementLogger [main] 
    drop table if exists "profil_utilisateur" cascade 
2025-06-07 20:42:04,313 DEBUG o.h.e.j.s.SqlStatementLogger [main] 
    drop table if exists "role" cascade 
2025-06-07 20:42:04,313 DEBUG o.h.e.j.s.SqlStatementLogger [main] 
    drop table if exists "sections" cascade 
2025-06-07 20:42:04,314 DEBUG o.h.e.j.s.SqlStatementLogger [main] 
    drop table if exists "sequence" cascade 
2025-06-07 20:42:04,314 DEBUG o.h.e.j.s.SqlStatementLogger [main] 
    drop table if exists "statut_annee" cascade 
2025-06-07 20:42:04,315 DEBUG o.h.e.j.s.SqlStatementLogger [main] 
    drop table if exists "student_progress_report" cascade 
2025-06-07 20:42:04,316 DEBUG o.h.e.j.s.SqlStatementLogger [main] 
    drop table if exists "students" cascade 
2025-06-07 20:42:04,317 DEBUG o.h.e.j.s.SqlStatementLogger [main] 
    drop table if exists "subject" cascade 
2025-06-07 20:42:04,317 DEBUG o.h.e.j.s.SqlStatementLogger [main] 
    drop table if exists "trimestre" cascade 
2025-06-07 20:42:04,318 DEBUG o.h.e.j.s.SqlStatementLogger [main] 
    drop table if exists "type_affectation" cascade 
2025-06-07 20:42:04,318 DEBUG o.h.e.j.s.SqlStatementLogger [main] 
    drop table if exists "utilisateur" cascade 
2025-06-07 20:42:04,333 DEBUG o.h.e.j.s.SqlStatementLogger [main] 
    create table "affectation" (
        "date_debut" date,
        "date_fin" date,
        "annee_scolaire_id" bigint not null,
        "classe_id" bigint not null,
        "created_at" timestamp(6),
        "enseignant_id" bigint not null,
        "id" bigint generated by default as identity,
        "matiere_id" bigint not null,
        "updated_at" timestamp(6),
        "type_code" varchar(20) not null,
        primary key ("id")
    )
2025-06-07 20:42:04,353 DEBUG o.h.e.j.s.SqlStatementLogger [main] 
    create table "annee_scolaire" (
        "date_debut" date not null,
        "date_fin" date not null,
        "created_at" timestamp(6),
        "id" bigint generated by default as identity,
        "updated_at" timestamp(6),
        "statut_code" varchar(20) not null,
        "libelle" varchar(50) not null,
        primary key ("id")
    )
2025-06-07 20:42:04,357 DEBUG o.h.e.j.s.SqlStatementLogger [main] 
    create table "classes" (
        "actif" boolean,
        "capacite" integer,
        "created_at" timestamp(6),
        "id" bigint generated by default as identity,
        "updated_at" timestamp(6),
        "annee_scolaire" varchar(9) not null,
        "niveau" varchar(50) not null,
        "nom" varchar(100) not null,
        "description" varchar(500),
        primary key ("id")
    )
2025-06-07 20:42:04,361 DEBUG o.h.e.j.s.SqlStatementLogger [main] 
    create table "document" (
        "date_ajout" timestamp(6),
        "eleve_id" bigint,
        "id" bigint generated by default as identity,
        "chemin_fichier" varchar(255) not null,
        "type_document" enum ('AUTRE','BULLETIN','RECU') not null,
        primary key ("id")
    )
2025-06-07 20:42:04,366 DEBUG o.h.e.j.s.SqlStatementLogger [main] 
    create table "eleve" (
        "actif" boolean,
        "date_naissance" date,
        "classe_id" bigint,
        "created_at" timestamp(6),
        "date_inscription" timestamp(6),
        "id" bigint generated by default as identity,
        "parent_id" bigint,
        "section_id" bigint,
        "updated_at" timestamp(6),
        "genre" varchar(20),
        "email" varchar(100) not null unique,
        "nom" varchar(100) not null,
        "prenom" varchar(100) not null,
        "adresse" varchar(200),
        primary key ("id")
    )
2025-06-07 20:42:04,374 DEBUG o.h.e.j.s.SqlStatementLogger [main] 
    create table "enseignant" (
        "actif" boolean,
        "created_at" timestamp(6),
        "date_embauche" timestamp(6),
        "id" bigint generated by default as identity,
        "section_id" bigint,
        "updated_at" timestamp(6),
        "telephone" varchar(20),
        "niveau" varchar(50),
        "email" varchar(100) not null unique,
        "nom" varchar(100) not null,
        "prenom" varchar(100) not null,
        "specialite" varchar(100),
        primary key ("id")
    )
2025-06-07 20:42:04,379 DEBUG o.h.e.j.s.SqlStatementLogger [main] 
    create table "grade" (
        "grade" float(53) not null,
        "created_at" timestamp(6),
        "id" bigint generated by default as identity,
        "student_id" bigint not null,
        "subject_id" bigint not null,
        "updated_at" timestamp(6),
        "period" varchar(20) not null,
        "comments" varchar(500),
        primary key ("id")
    )
2025-06-07 20:42:04,386 DEBUG o.h.e.j.s.SqlStatementLogger [main] 
    create table "log_activite" (
        "date_action" timestamp(6),
        "id" bigint generated by default as identity,
        "reference_id" bigint,
        "utilisateur_id" bigint not null,
        "ip_adresse" varchar(45),
        "table_cible" varchar(100),
        "action" varchar(255) not null,
        primary key ("id")
    )
2025-06-07 20:42:04,390 DEBUG o.h.e.j.s.SqlStatementLogger [main] 
    create table "matiere" (
        "coefficient" numeric(5,2) not null,
        "created_at" timestamp(6),
        "id" bigint generated by default as identity,
        "updated_at" timestamp(6),
        "nom" varchar(100) not null,
        primary key ("id")
    )
2025-06-07 20:42:04,392 DEBUG o.h.e.j.s.SqlStatementLogger [main] 
    create table "note" (
        "note" numeric(5,2) not null,
        "created_at" timestamp(6) not null,
        "eleve_id" bigint not null,
        "id" bigint generated by default as identity,
        "matiere_id" bigint not null,
        "sequence_id" bigint not null,
        "trimestre_id" bigint,
        "updated_at" timestamp(6),
        "commentaire" varchar(255),
        primary key ("id")
    )
2025-06-07 20:42:04,395 DEBUG o.h.e.j.s.SqlStatementLogger [main] 
    create table "notifications" (
        "read" boolean,
        "created_at" timestamp(6),
        "id" bigint generated by default as identity,
        "user_id" bigint,
        "message" varchar(255) not null,
        primary key ("id")
    )
2025-06-07 20:42:04,400 DEBUG o.h.e.j.s.SqlStatementLogger [main] 
    create table "paiements" (
        "date_paiement" date,
        "montant" numeric(38,2) not null,
        "eleve_id" bigint not null,
        "id" bigint generated by default as identity,
        "description" varchar(255),
        "type_paiement" varchar(255),
        primary key ("id")
    )
2025-06-07 20:42:04,404 DEBUG o.h.e.j.s.SqlStatementLogger [main] 
    create table "parents" (
        "id" bigint generated by default as identity,
        "adresse" varchar(255),
        "email" varchar(255) unique,
        "nom" varchar(255) not null,
        "prenom" varchar(255) not null,
        "profession" varchar(255),
        "telephone" varchar(255),
        primary key ("id")
    )
2025-06-07 20:42:04,409 DEBUG o.h.e.j.s.SqlStatementLogger [main] 
    create table "profil_utilisateur" (
        "created_at" timestamp(6),
        "id" bigint generated by default as identity,
        "reference_id" bigint not null,
        "updated_at" timestamp(6),
        "utilisateur_id" bigint not null,
        "type_personne" enum ('AGENT','ELEVE','ENSEIGNANT','PARENT') not null,
        primary key ("id")
    )
2025-06-07 20:42:04,412 DEBUG o.h.e.j.s.SqlStatementLogger [main] 
    create table "role" (
        "id" bigint generated by default as identity,
        "libelle" varchar(50) not null unique,
        primary key ("id")
    )
2025-06-07 20:42:04,415 DEBUG o.h.e.j.s.SqlStatementLogger [main] 
    create table "sections" (
        "id" bigint generated by default as identity,
        "description" varchar(255),
        "nom" varchar(255) not null,
        primary key ("id")
    )
2025-06-07 20:42:04,418 DEBUG o.h.e.j.s.SqlStatementLogger [main] 
    create table "sequence" (
        "numero" integer not null,
        "created_at" timestamp(6),
        "id" bigint generated by default as identity,
        "trimestre_id" bigint not null,
        "updated_at" timestamp(6),
        "libelle" varchar(50) not null,
        primary key ("id")
    )
2025-06-07 20:42:04,425 DEBUG o.h.e.j.s.SqlStatementLogger [main] 
    create table "statut_annee" (
        "code" varchar(20) not null,
        "libelle" varchar(100) not null,
        primary key ("code")
    )
2025-06-07 20:42:04,427 DEBUG o.h.e.j.s.SqlStatementLogger [main] 
    create table "student_progress_report" (
        "attendance_rate" float(53),
        "average_grade" float(53),
        "created_at" timestamp(6),
        "id" bigint generated by default as identity,
        "student_id" bigint not null,
        "updated_at" timestamp(6),
        "period" varchar(20) not null,
        "comments" varchar(1000),
        primary key ("id")
    )
2025-06-07 20:42:04,434 DEBUG o.h.e.j.s.SqlStatementLogger [main] 
    create table "students" (
        "actif" boolean,
        "date_naissance" date not null,
        "genre" varchar(1),
        "classe_id" bigint,
        "created_at" timestamp(6),
        "date_inscription" timestamp(6) not null,
        "id" bigint generated by default as identity,
        "section_id" bigint,
        "updated_at" timestamp(6),
        "telephone" varchar(20),
        "section_name" varchar(50),
        "email" varchar(100) not null unique,
        "nom" varchar(100) not null,
        "nom_classe" varchar(100),
        "nom_parent" varchar(100),
        "prenom" varchar(100) not null,
        "adresse" varchar(200),
        primary key ("id")
    )
2025-06-07 20:42:04,443 DEBUG o.h.e.j.s.SqlStatementLogger [main] 
    create table "subject" (
        "actif" boolean,
        "coefficient" integer,
        "created_at" timestamp(6),
        "id" bigint generated by default as identity,
        "updated_at" timestamp(6),
        "code" varchar(20) not null unique,
        "nom" varchar(100) not null,
        "description" varchar(500),
        primary key ("id")
    )
2025-06-07 20:42:04,449 DEBUG o.h.e.j.s.SqlStatementLogger [main] 
    create table "trimestre" (
        "numero" integer not null,
        "annee_scolaire_id" bigint not null,
        "created_at" timestamp(6),
        "id" bigint generated by default as identity,
        "updated_at" timestamp(6),
        "libelle" varchar(50) not null,
        primary key ("id")
    )
2025-06-07 20:42:04,451 DEBUG o.h.e.j.s.SqlStatementLogger [main] 
    create table "type_affectation" (
        "code" varchar(20) not null,
        "libelle" varchar(100) not null,
        primary key ("code")
    )
2025-06-07 20:42:04,456 DEBUG o.h.e.j.s.SqlStatementLogger [main] 
    create table "utilisateur" (
        "actif" boolean,
        "created_at" timestamp(6),
        "id" bigint generated by default as identity,
        "last_login" timestamp(6),
        "role_id" bigint not null,
        "updated_at" timestamp(6),
        "email" varchar(100) not null unique,
        "nom" varchar(100) not null,
        "mot_de_passe" varchar(255) not null,
        "reset_token" varchar(255),
        "type_personne" enum ('ADMIN','AGENT','ELEVE','ENSEIGNANT','PARENT') not null,
        primary key ("id")
    )
2025-06-07 20:42:04,464 DEBUG o.h.e.j.s.SqlStatementLogger [main] 
    alter table if exists "affectation" 
       add constraint "FK9eu96qf7kye9sf1pmecfd0yfm" 
       foreign key ("annee_scolaire_id") 
       references "annee_scolaire"
2025-06-07 20:42:04,520 DEBUG o.h.e.j.s.SqlStatementLogger [main] 
    alter table if exists "affectation" 
       add constraint "FKpe0bo22qt45crdtir2olejjyg" 
       foreign key ("classe_id") 
       references "classes"
2025-06-07 20:42:04,527 DEBUG o.h.e.j.s.SqlStatementLogger [main] 
    alter table if exists "affectation" 
       add constraint "FK3av7c7bm789r6knql1ykv0iuh" 
       foreign key ("enseignant_id") 
       references "enseignant"
2025-06-07 20:42:04,530 DEBUG o.h.e.j.s.SqlStatementLogger [main] 
    alter table if exists "affectation" 
       add constraint "FKbd6pqb4xm1b2f6dsjng6t9vy1" 
       foreign key ("matiere_id") 
       references "matiere"
2025-06-07 20:42:04,534 DEBUG o.h.e.j.s.SqlStatementLogger [main] 
    alter table if exists "document" 
       add constraint "FK4uxipd5g6ulta9p7gt3992osv" 
       foreign key ("eleve_id") 
       references "eleve"
2025-06-07 20:42:04,538 DEBUG o.h.e.j.s.SqlStatementLogger [main] 
    alter table if exists "eleve" 
       add constraint "FKak1ytyiywaoq3w1wjuwpdu81p" 
       foreign key ("classe_id") 
       references "classes"
2025-06-07 20:42:04,543 DEBUG o.h.e.j.s.SqlStatementLogger [main] 
    alter table if exists "eleve" 
       add constraint "FK31spnejrvma8oawmo11nku169" 
       foreign key ("parent_id") 
       references "parents"
2025-06-07 20:42:04,546 DEBUG o.h.e.j.s.SqlStatementLogger [main] 
    alter table if exists "eleve" 
       add constraint "FKfpstf9bai3b6n4qu9wsx077ja" 
       foreign key ("section_id") 
       references "sections"
2025-06-07 20:42:04,552 DEBUG o.h.e.j.s.SqlStatementLogger [main] 
    alter table if exists "enseignant" 
       add constraint "FKh4do9onk9pwd1p5hpdl2jlvsw" 
       foreign key ("section_id") 
       references "sections"
2025-06-07 20:42:04,557 DEBUG o.h.e.j.s.SqlStatementLogger [main] 
    alter table if exists "grade" 
       add constraint "FKipf4njw2w6vostd6y4ti401mm" 
       foreign key ("student_id") 
       references "utilisateur"
2025-06-07 20:42:04,560 DEBUG o.h.e.j.s.SqlStatementLogger [main] 
    alter table if exists "grade" 
       add constraint "FKga475phybm7f4xh2qgjlm4tef" 
       foreign key ("subject_id") 
       references "subject"
2025-06-07 20:42:04,565 DEBUG o.h.e.j.s.SqlStatementLogger [main] 
    alter table if exists "log_activite" 
       add constraint "FKrfsnh1x7lprexosg0odve3edk" 
       foreign key ("utilisateur_id") 
       references "utilisateur"
2025-06-07 20:42:04,568 DEBUG o.h.e.j.s.SqlStatementLogger [main] 
    alter table if exists "note" 
       add constraint "FKckjcf0lcp26yn81tkbiyyvpxs" 
       foreign key ("eleve_id") 
       references "eleve"
2025-06-07 20:42:04,573 DEBUG o.h.e.j.s.SqlStatementLogger [main] 
    alter table if exists "note" 
       add constraint "FKce6fgrwojbdjuyfobkryhsubc" 
       foreign key ("matiere_id") 
       references "matiere"
2025-06-07 20:42:04,578 DEBUG o.h.e.j.s.SqlStatementLogger [main] 
    alter table if exists "note" 
       add constraint "FKnx3h3lbhngn4he4lrc8ylhrxh" 
       foreign key ("sequence_id") 
       references "sequence"
2025-06-07 20:42:04,581 DEBUG o.h.e.j.s.SqlStatementLogger [main] 
    alter table if exists "note" 
       add constraint "FKsq8sa1xg25htraxpx0ylx3lgk" 
       foreign key ("trimestre_id") 
       references "trimestre"
2025-06-07 20:42:04,592 DEBUG o.h.e.j.s.SqlStatementLogger [main] 
    alter table if exists "paiements" 
       add constraint "FKafefes0eqpleg9i7g6mvt6xhh" 
       foreign key ("eleve_id") 
       references "eleve"
2025-06-07 20:42:04,598 DEBUG o.h.e.j.s.SqlStatementLogger [main] 
    alter table if exists "profil_utilisateur" 
       add constraint "FK177de5xq3y87tjxuwctokx341" 
       foreign key ("utilisateur_id") 
       references "utilisateur"
2025-06-07 20:42:04,601 DEBUG o.h.e.j.s.SqlStatementLogger [main] 
    alter table if exists "sequence" 
       add constraint "FKclybiy2bjbpf0ejgg6rq51ynf" 
       foreign key ("trimestre_id") 
       references "trimestre"
2025-06-07 20:42:04,609 DEBUG o.h.e.j.s.SqlStatementLogger [main] 
    alter table if exists "student_progress_report" 
       add constraint "FK1u5j5o832a13lgcq3foy1g3rr" 
       foreign key ("student_id") 
       references "utilisateur"
2025-06-07 20:42:04,615 DEBUG o.h.e.j.s.SqlStatementLogger [main] 
    alter table if exists "students" 
       add constraint "FKtb9nirq953dcf0onxisl98ni1" 
       foreign key ("classe_id") 
       references "classes"
2025-06-07 20:42:04,618 DEBUG o.h.e.j.s.SqlStatementLogger [main] 
    alter table if exists "students" 
       add constraint "FKgkvw6901117nqyb8tyx3gmpk5" 
       foreign key ("section_id") 
       references "sections"
2025-06-07 20:42:04,622 DEBUG o.h.e.j.s.SqlStatementLogger [main] 
    alter table if exists "trimestre" 
       add constraint "FKql50yxg7ydwdp4uom1mltlbkr" 
       foreign key ("annee_scolaire_id") 
       references "annee_scolaire"
2025-06-07 20:42:04,628 DEBUG o.h.e.j.s.SqlStatementLogger [main] 
    alter table if exists "utilisateur" 
       add constraint "FKmjx8u4qqtx1pp4g0tpmuf3yb9" 
       foreign key ("role_id") 
       references "role"
2025-06-07 20:42:04,640 INFO o.s.o.j.AbstractEntityManagerFactoryBean [main] Initialized JPA EntityManagerFactory for persistence unit 'default'
2025-06-07 20:42:05,690 INFO o.s.d.j.r.q.QueryEnhancerFactory [main] Hibernate is in classpath; If applicable, HQL parser will be used.
2025-06-07 20:42:06,440 WARN o.s.c.s.AbstractApplicationContext [main] Exception encountered during context initialization - cancelling refresh attempt: org.springframework.beans.factory.UnsatisfiedDependencyException: Error creating bean with name 'gradeController' defined in file [C:\Users\GLOBAL STORE\Documents\Primary-School\backend\build\classes\java\main\com\school\management\controller\GradeController.class]: Unsatisfied dependency expressed through constructor parameter 0: Error creating bean with name 'gradeService' defined in file [C:\Users\GLOBAL STORE\Documents\Primary-School\backend\build\classes\java\main\com\school\management\service\GradeService.class]: Unsatisfied dependency expressed through constructor parameter 1: Error creating bean with name 'notificationService' defined in file [C:\Users\GLOBAL STORE\Documents\Primary-School\backend\build\classes\java\main\com\school\management\service\NotificationService.class]: Unsatisfied dependency expressed through constructor parameter 0: No qualifying bean of type 'org.springframework.messaging.simp.SimpMessagingTemplate' available: expected at least 1 bean which qualifies as autowire candidate. Dependency annotations: {}
2025-06-07 20:42:06,441 INFO o.s.o.j.AbstractEntityManagerFactoryBean [main] Closing JPA EntityManagerFactory for persistence unit 'default'
2025-06-07 20:42:06,442 DEBUG o.h.e.j.s.SqlStatementLogger [main] 
    drop table if exists "affectation" cascade 
2025-06-07 20:42:06,444 DEBUG o.h.e.j.s.SqlStatementLogger [main] 
    drop table if exists "annee_scolaire" cascade 
2025-06-07 20:42:06,445 DEBUG o.h.e.j.s.SqlStatementLogger [main] 
    drop table if exists "classes" cascade 
2025-06-07 20:42:06,446 DEBUG o.h.e.j.s.SqlStatementLogger [main] 
    drop table if exists "document" cascade 
2025-06-07 20:42:06,447 DEBUG o.h.e.j.s.SqlStatementLogger [main] 
    drop table if exists "eleve" cascade 
2025-06-07 20:42:06,449 DEBUG o.h.e.j.s.SqlStatementLogger [main] 
    drop table if exists "enseignant" cascade 
2025-06-07 20:42:06,450 DEBUG o.h.e.j.s.SqlStatementLogger [main] 
    drop table if exists "grade" cascade 
2025-06-07 20:42:06,451 DEBUG o.h.e.j.s.SqlStatementLogger [main] 
    drop table if exists "log_activite" cascade 
2025-06-07 20:42:06,452 DEBUG o.h.e.j.s.SqlStatementLogger [main] 
    drop table if exists "matiere" cascade 
2025-06-07 20:42:06,453 DEBUG o.h.e.j.s.SqlStatementLogger [main] 
    drop table if exists "note" cascade 
2025-06-07 20:42:06,454 DEBUG o.h.e.j.s.SqlStatementLogger [main] 
    drop table if exists "notifications" cascade 
2025-06-07 20:42:06,455 DEBUG o.h.e.j.s.SqlStatementLogger [main] 
    drop table if exists "paiements" cascade 
2025-06-07 20:42:06,455 DEBUG o.h.e.j.s.SqlStatementLogger [main] 
    drop table if exists "parents" cascade 
2025-06-07 20:42:06,456 DEBUG o.h.e.j.s.SqlStatementLogger [main] 
    drop table if exists "profil_utilisateur" cascade 
2025-06-07 20:42:06,457 DEBUG o.h.e.j.s.SqlStatementLogger [main] 
    drop table if exists "role" cascade 
2025-06-07 20:42:06,458 DEBUG o.h.e.j.s.SqlStatementLogger [main] 
    drop table if exists "sections" cascade 
2025-06-07 20:42:06,459 DEBUG o.h.e.j.s.SqlStatementLogger [main] 
    drop table if exists "sequence" cascade 
2025-06-07 20:42:06,460 DEBUG o.h.e.j.s.SqlStatementLogger [main] 
    drop table if exists "statut_annee" cascade 
2025-06-07 20:42:06,460 DEBUG o.h.e.j.s.SqlStatementLogger [main] 
    drop table if exists "student_progress_report" cascade 
2025-06-07 20:42:06,461 DEBUG o.h.e.j.s.SqlStatementLogger [main] 
    drop table if exists "students" cascade 
2025-06-07 20:42:06,462 DEBUG o.h.e.j.s.SqlStatementLogger [main] 
    drop table if exists "subject" cascade 
2025-06-07 20:42:06,463 DEBUG o.h.e.j.s.SqlStatementLogger [main] 
    drop table if exists "trimestre" cascade 
2025-06-07 20:42:06,463 DEBUG o.h.e.j.s.SqlStatementLogger [main] 
    drop table if exists "type_affectation" cascade 
2025-06-07 20:42:06,463 DEBUG o.h.e.j.s.SqlStatementLogger [main] 
    drop table if exists "utilisateur" cascade 
2025-06-07 20:42:06,466 INFO c.z.h.HikariDataSource [main] HikariPool-1 - Shutdown initiated...
2025-06-07 20:42:06,469 INFO c.z.h.HikariDataSource [main] HikariPool-1 - Shutdown completed.
2025-06-07 20:42:06,471 INFO o.a.j.l.DirectJDKLog [main] Stopping service [Tomcat]
2025-06-07 20:42:06,495 INFO o.s.b.a.l.ConditionEvaluationReportLogger [main] 

Error starting ApplicationContext. To display the condition evaluation report re-run your application with 'debug' enabled.
2025-06-07 20:42:06,567 ERROR o.s.b.d.LoggingFailureAnalysisReporter [main] 

***************************
APPLICATION FAILED TO START
***************************

Description:

Parameter 0 of constructor in com.school.management.service.NotificationService required a bean of type 'org.springframework.messaging.simp.SimpMessagingTemplate' that could not be found.


Action:

Consider defining a bean of type 'org.springframework.messaging.simp.SimpMessagingTemplate' in your configuration.

2025-06-07 21:02:52,255 INFO o.h.v.i.u.Version [background-preinit] HV000001: Hibernate Validator 8.0.1.Final
2025-06-07 21:02:52,413 INFO o.s.b.StartupInfoLogger [main] Starting SchoolManagementApplication using Java 21.0.6 with PID 20824 (C:\Users\GLOBAL STORE\Documents\Primary-School\backend\build\classes\java\main started by GLOBAL STORE in C:\Users\GLOBAL STORE\Documents\Primary-School\backend)
2025-06-07 21:02:52,414 DEBUG o.s.b.StartupInfoLogger [main] Running with Spring Boot v3.3.0, Spring v6.1.8
2025-06-07 21:02:52,415 INFO o.s.b.SpringApplication [main] No active profile set, falling back to 1 default profile: "default"
2025-06-07 21:02:55,128 INFO o.s.d.r.c.RepositoryConfigurationDelegate [main] Multiple Spring Data modules found, entering strict repository configuration mode
2025-06-07 21:02:55,132 INFO o.s.d.r.c.RepositoryConfigurationDelegate [main] Bootstrapping Spring Data JPA repositories in DEFAULT mode.
2025-06-07 21:02:55,637 INFO o.s.d.r.c.RepositoryConfigurationDelegate [main] Finished Spring Data repository scanning in 489 ms. Found 22 JPA repository interfaces.
2025-06-07 21:02:55,668 INFO o.s.d.r.c.RepositoryConfigurationDelegate [main] Multiple Spring Data modules found, entering strict repository configuration mode
2025-06-07 21:02:55,671 INFO o.s.d.r.c.RepositoryConfigurationDelegate [main] Bootstrapping Spring Data Redis repositories in DEFAULT mode.
2025-06-07 21:02:55,708 INFO o.s.d.r.c.RepositoryConfigurationExtensionSupport [main] Spring Data Redis - Could not safely identify store assignment for repository candidate interface com.school.management.repository.AffectationRepository; If you want this repository to be a Redis repository, consider annotating your entities with one of these annotations: org.springframework.data.redis.core.RedisHash (preferred), or consider extending one of the following types with your repository: org.springframework.data.keyvalue.repository.KeyValueRepository
2025-06-07 21:02:55,709 INFO o.s.d.r.c.RepositoryConfigurationExtensionSupport [main] Spring Data Redis - Could not safely identify store assignment for repository candidate interface com.school.management.repository.AnneeScolaireRepository; If you want this repository to be a Redis repository, consider annotating your entities with one of these annotations: org.springframework.data.redis.core.RedisHash (preferred), or consider extending one of the following types with your repository: org.springframework.data.keyvalue.repository.KeyValueRepository
2025-06-07 21:02:55,709 INFO o.s.d.r.c.RepositoryConfigurationExtensionSupport [main] Spring Data Redis - Could not safely identify store assignment for repository candidate interface com.school.management.repository.ClasseRepository; If you want this repository to be a Redis repository, consider annotating your entities with one of these annotations: org.springframework.data.redis.core.RedisHash (preferred), or consider extending one of the following types with your repository: org.springframework.data.keyvalue.repository.KeyValueRepository
2025-06-07 21:02:55,710 INFO o.s.d.r.c.RepositoryConfigurationExtensionSupport [main] Spring Data Redis - Could not safely identify store assignment for repository candidate interface com.school.management.repository.ClassRepository; If you want this repository to be a Redis repository, consider annotating your entities with one of these annotations: org.springframework.data.redis.core.RedisHash (preferred), or consider extending one of the following types with your repository: org.springframework.data.keyvalue.repository.KeyValueRepository
2025-06-07 21:02:55,710 INFO o.s.d.r.c.RepositoryConfigurationExtensionSupport [main] Spring Data Redis - Could not safely identify store assignment for repository candidate interface com.school.management.repository.DocumentRepository; If you want this repository to be a Redis repository, consider annotating your entities with one of these annotations: org.springframework.data.redis.core.RedisHash (preferred), or consider extending one of the following types with your repository: org.springframework.data.keyvalue.repository.KeyValueRepository
2025-06-07 21:02:55,710 INFO o.s.d.r.c.RepositoryConfigurationExtensionSupport [main] Spring Data Redis - Could not safely identify store assignment for repository candidate interface com.school.management.repository.EleveRepository; If you want this repository to be a Redis repository, consider annotating your entities with one of these annotations: org.springframework.data.redis.core.RedisHash (preferred), or consider extending one of the following types with your repository: org.springframework.data.keyvalue.repository.KeyValueRepository
2025-06-07 21:02:55,711 INFO o.s.d.r.c.RepositoryConfigurationExtensionSupport [main] Spring Data Redis - Could not safely identify store assignment for repository candidate interface com.school.management.repository.EnseignantRepository; If you want this repository to be a Redis repository, consider annotating your entities with one of these annotations: org.springframework.data.redis.core.RedisHash (preferred), or consider extending one of the following types with your repository: org.springframework.data.keyvalue.repository.KeyValueRepository
2025-06-07 21:02:55,712 INFO o.s.d.r.c.RepositoryConfigurationExtensionSupport [main] Spring Data Redis - Could not safely identify store assignment for repository candidate interface com.school.management.repository.GradeRepository; If you want this repository to be a Redis repository, consider annotating your entities with one of these annotations: org.springframework.data.redis.core.RedisHash (preferred), or consider extending one of the following types with your repository: org.springframework.data.keyvalue.repository.KeyValueRepository
2025-06-07 21:02:55,713 INFO o.s.d.r.c.RepositoryConfigurationExtensionSupport [main] Spring Data Redis - Could not safely identify store assignment for repository candidate interface com.school.management.repository.LogActiviteRepository; If you want this repository to be a Redis repository, consider annotating your entities with one of these annotations: org.springframework.data.redis.core.RedisHash (preferred), or consider extending one of the following types with your repository: org.springframework.data.keyvalue.repository.KeyValueRepository
2025-06-07 21:02:55,714 INFO o.s.d.r.c.RepositoryConfigurationExtensionSupport [main] Spring Data Redis - Could not safely identify store assignment for repository candidate interface com.school.management.repository.MatiereRepository; If you want this repository to be a Redis repository, consider annotating your entities with one of these annotations: org.springframework.data.redis.core.RedisHash (preferred), or consider extending one of the following types with your repository: org.springframework.data.keyvalue.repository.KeyValueRepository
2025-06-07 21:02:55,714 INFO o.s.d.r.c.RepositoryConfigurationExtensionSupport [main] Spring Data Redis - Could not safely identify store assignment for repository candidate interface com.school.management.repository.NoteRepository; If you want this repository to be a Redis repository, consider annotating your entities with one of these annotations: org.springframework.data.redis.core.RedisHash (preferred), or consider extending one of the following types with your repository: org.springframework.data.keyvalue.repository.KeyValueRepository
2025-06-07 21:02:55,714 INFO o.s.d.r.c.RepositoryConfigurationExtensionSupport [main] Spring Data Redis - Could not safely identify store assignment for repository candidate interface com.school.management.repository.NotificationRepository; If you want this repository to be a Redis repository, consider annotating your entities with one of these annotations: org.springframework.data.redis.core.RedisHash (preferred), or consider extending one of the following types with your repository: org.springframework.data.keyvalue.repository.KeyValueRepository
2025-06-07 21:02:55,715 INFO o.s.d.r.c.RepositoryConfigurationExtensionSupport [main] Spring Data Redis - Could not safely identify store assignment for repository candidate interface com.school.management.repository.PaiementRepository; If you want this repository to be a Redis repository, consider annotating your entities with one of these annotations: org.springframework.data.redis.core.RedisHash (preferred), or consider extending one of the following types with your repository: org.springframework.data.keyvalue.repository.KeyValueRepository
2025-06-07 21:02:55,715 INFO o.s.d.r.c.RepositoryConfigurationExtensionSupport [main] Spring Data Redis - Could not safely identify store assignment for repository candidate interface com.school.management.repository.ProfilUtilisateurRepository; If you want this repository to be a Redis repository, consider annotating your entities with one of these annotations: org.springframework.data.redis.core.RedisHash (preferred), or consider extending one of the following types with your repository: org.springframework.data.keyvalue.repository.KeyValueRepository
2025-06-07 21:02:55,715 INFO o.s.d.r.c.RepositoryConfigurationExtensionSupport [main] Spring Data Redis - Could not safely identify store assignment for repository candidate interface com.school.management.repository.RoleRepository; If you want this repository to be a Redis repository, consider annotating your entities with one of these annotations: org.springframework.data.redis.core.RedisHash (preferred), or consider extending one of the following types with your repository: org.springframework.data.keyvalue.repository.KeyValueRepository
2025-06-07 21:02:55,716 INFO o.s.d.r.c.RepositoryConfigurationExtensionSupport [main] Spring Data Redis - Could not safely identify store assignment for repository candidate interface com.school.management.repository.SectionRepository; If you want this repository to be a Redis repository, consider annotating your entities with one of these annotations: org.springframework.data.redis.core.RedisHash (preferred), or consider extending one of the following types with your repository: org.springframework.data.keyvalue.repository.KeyValueRepository
2025-06-07 21:02:55,716 INFO o.s.d.r.c.RepositoryConfigurationExtensionSupport [main] Spring Data Redis - Could not safely identify store assignment for repository candidate interface com.school.management.repository.SequenceRepository; If you want this repository to be a Redis repository, consider annotating your entities with one of these annotations: org.springframework.data.redis.core.RedisHash (preferred), or consider extending one of the following types with your repository: org.springframework.data.keyvalue.repository.KeyValueRepository
2025-06-07 21:02:55,716 INFO o.s.d.r.c.RepositoryConfigurationExtensionSupport [main] Spring Data Redis - Could not safely identify store assignment for repository candidate interface com.school.management.repository.StatutAnneeRepository; If you want this repository to be a Redis repository, consider annotating your entities with one of these annotations: org.springframework.data.redis.core.RedisHash (preferred), or consider extending one of the following types with your repository: org.springframework.data.keyvalue.repository.KeyValueRepository
2025-06-07 21:02:55,717 INFO o.s.d.r.c.RepositoryConfigurationExtensionSupport [main] Spring Data Redis - Could not safely identify store assignment for repository candidate interface com.school.management.repository.StudentRepository; If you want this repository to be a Redis repository, consider annotating your entities with one of these annotations: org.springframework.data.redis.core.RedisHash (preferred), or consider extending one of the following types with your repository: org.springframework.data.keyvalue.repository.KeyValueRepository
2025-06-07 21:02:55,717 INFO o.s.d.r.c.RepositoryConfigurationExtensionSupport [main] Spring Data Redis - Could not safely identify store assignment for repository candidate interface com.school.management.repository.TrimestreRepository; If you want this repository to be a Redis repository, consider annotating your entities with one of these annotations: org.springframework.data.redis.core.RedisHash (preferred), or consider extending one of the following types with your repository: org.springframework.data.keyvalue.repository.KeyValueRepository
2025-06-07 21:02:55,717 INFO o.s.d.r.c.RepositoryConfigurationExtensionSupport [main] Spring Data Redis - Could not safely identify store assignment for repository candidate interface com.school.management.repository.TypeAffectationRepository; If you want this repository to be a Redis repository, consider annotating your entities with one of these annotations: org.springframework.data.redis.core.RedisHash (preferred), or consider extending one of the following types with your repository: org.springframework.data.keyvalue.repository.KeyValueRepository
2025-06-07 21:02:55,717 INFO o.s.d.r.c.RepositoryConfigurationExtensionSupport [main] Spring Data Redis - Could not safely identify store assignment for repository candidate interface com.school.management.repository.UtilisateurRepository; If you want this repository to be a Redis repository, consider annotating your entities with one of these annotations: org.springframework.data.redis.core.RedisHash (preferred), or consider extending one of the following types with your repository: org.springframework.data.keyvalue.repository.KeyValueRepository
2025-06-07 21:02:55,718 INFO o.s.d.r.c.RepositoryConfigurationDelegate [main] Finished Spring Data repository scanning in 23 ms. Found 0 Redis repository interfaces.
2025-06-07 21:02:57,571 INFO o.s.b.w.e.t.TomcatWebServer [main] Tomcat initialized with port 8080 (http)
2025-06-07 21:02:57,595 INFO o.a.j.l.DirectJDKLog [main] Initializing ProtocolHandler ["http-nio-8080"]
2025-06-07 21:02:57,599 INFO o.a.j.l.DirectJDKLog [main] Starting service [Tomcat]
2025-06-07 21:02:57,599 INFO o.a.j.l.DirectJDKLog [main] Starting Servlet engine: [Apache Tomcat/10.1.24]
2025-06-07 21:02:57,698 INFO o.a.j.l.DirectJDKLog [main] Initializing Spring embedded WebApplicationContext
2025-06-07 21:02:57,699 INFO o.s.b.w.s.c.ServletWebServerApplicationContext [main] Root WebApplicationContext: initialization completed in 5177 ms
2025-06-07 21:02:58,096 INFO c.z.h.HikariDataSource [main] HikariPool-1 - Starting...
2025-06-07 21:02:58,624 INFO c.z.h.p.HikariPool [main] HikariPool-1 - Added connection conn0: url=jdbc:h2:mem:testdb user=SA
2025-06-07 21:02:58,628 INFO c.z.h.HikariDataSource [main] HikariPool-1 - Start completed.
2025-06-07 21:02:58,646 INFO o.s.b.a.h.H2ConsoleAutoConfiguration [main] H2 console available at '/h2-console'. Database available at 'jdbc:h2:mem:testdb'
2025-06-07 21:02:59,204 INFO o.h.j.i.u.LogHelper [main] HHH000204: Processing PersistenceUnitInfo [name: default]
2025-06-07 21:02:59,387 INFO o.h.Version [main] HHH000412: Hibernate ORM core version 6.5.2.Final
2025-06-07 21:02:59,474 INFO o.h.c.i.RegionFactoryInitiator [main] HHH000026: Second-level cache disabled
2025-06-07 21:03:00,268 INFO o.s.o.j.p.SpringPersistenceUnitInfo [main] No LoadTimeWeaver setup: ignoring JPA class transformer
2025-06-07 21:03:00,395 WARN o.h.e.j.d.i.DialectFactoryImpl [main] HHH90000025: H2Dialect does not need to be specified explicitly using 'hibernate.dialect' (remove the property setting and it will be selected by default)
2025-06-07 21:03:03,016 INFO o.h.e.t.j.p.i.JtaPlatformInitiator [main] HHH000489: No JTA platform available (set 'hibernate.transaction.jta.platform' to enable JTA platform integration)
2025-06-07 21:03:03,054 DEBUG o.h.e.j.s.SqlStatementLogger [main] 
    drop table if exists "affectation" cascade 
2025-06-07 21:03:03,061 DEBUG o.h.e.j.s.SqlStatementLogger [main] 
    drop table if exists "annee_scolaire" cascade 
2025-06-07 21:03:03,062 DEBUG o.h.e.j.s.SqlStatementLogger [main] 
    drop table if exists "classes" cascade 
2025-06-07 21:03:03,062 DEBUG o.h.e.j.s.SqlStatementLogger [main] 
    drop table if exists "document" cascade 
2025-06-07 21:03:03,063 DEBUG o.h.e.j.s.SqlStatementLogger [main] 
    drop table if exists "eleve" cascade 
2025-06-07 21:03:03,063 DEBUG o.h.e.j.s.SqlStatementLogger [main] 
    drop table if exists "enseignant" cascade 
2025-06-07 21:03:03,064 DEBUG o.h.e.j.s.SqlStatementLogger [main] 
    drop table if exists "grade" cascade 
2025-06-07 21:03:03,064 DEBUG o.h.e.j.s.SqlStatementLogger [main] 
    drop table if exists "log_activite" cascade 
2025-06-07 21:03:03,064 DEBUG o.h.e.j.s.SqlStatementLogger [main] 
    drop table if exists "matiere" cascade 
2025-06-07 21:03:03,065 DEBUG o.h.e.j.s.SqlStatementLogger [main] 
    drop table if exists "note" cascade 
2025-06-07 21:03:03,065 DEBUG o.h.e.j.s.SqlStatementLogger [main] 
    drop table if exists "notifications" cascade 
2025-06-07 21:03:03,066 DEBUG o.h.e.j.s.SqlStatementLogger [main] 
    drop table if exists "paiements" cascade 
2025-06-07 21:03:03,066 DEBUG o.h.e.j.s.SqlStatementLogger [main] 
    drop table if exists "parents" cascade 
2025-06-07 21:03:03,066 DEBUG o.h.e.j.s.SqlStatementLogger [main] 
    drop table if exists "profil_utilisateur" cascade 
2025-06-07 21:03:03,067 DEBUG o.h.e.j.s.SqlStatementLogger [main] 
    drop table if exists "role" cascade 
2025-06-07 21:03:03,067 DEBUG o.h.e.j.s.SqlStatementLogger [main] 
    drop table if exists "sections" cascade 
2025-06-07 21:03:03,068 DEBUG o.h.e.j.s.SqlStatementLogger [main] 
    drop table if exists "sequence" cascade 
2025-06-07 21:03:03,068 DEBUG o.h.e.j.s.SqlStatementLogger [main] 
    drop table if exists "statut_annee" cascade 
2025-06-07 21:03:03,069 DEBUG o.h.e.j.s.SqlStatementLogger [main] 
    drop table if exists "student_progress_report" cascade 
2025-06-07 21:03:03,069 DEBUG o.h.e.j.s.SqlStatementLogger [main] 
    drop table if exists "students" cascade 
2025-06-07 21:03:03,070 DEBUG o.h.e.j.s.SqlStatementLogger [main] 
    drop table if exists "subject" cascade 
2025-06-07 21:03:03,070 DEBUG o.h.e.j.s.SqlStatementLogger [main] 
    drop table if exists "trimestre" cascade 
2025-06-07 21:03:03,071 DEBUG o.h.e.j.s.SqlStatementLogger [main] 
    drop table if exists "type_affectation" cascade 
2025-06-07 21:03:03,071 DEBUG o.h.e.j.s.SqlStatementLogger [main] 
    drop table if exists "utilisateur" cascade 
2025-06-07 21:03:03,086 DEBUG o.h.e.j.s.SqlStatementLogger [main] 
    create table "affectation" (
        "date_debut" date,
        "date_fin" date,
        "annee_scolaire_id" bigint not null,
        "classe_id" bigint not null,
        "created_at" timestamp(6),
        "enseignant_id" bigint not null,
        "id" bigint generated by default as identity,
        "matiere_id" bigint not null,
        "updated_at" timestamp(6),
        "type_code" varchar(20) not null,
        primary key ("id")
    )
2025-06-07 21:03:03,099 DEBUG o.h.e.j.s.SqlStatementLogger [main] 
    create table "annee_scolaire" (
        "date_debut" date not null,
        "date_fin" date not null,
        "created_at" timestamp(6),
        "id" bigint generated by default as identity,
        "updated_at" timestamp(6),
        "statut_code" varchar(20) not null,
        "libelle" varchar(50) not null,
        primary key ("id")
    )
2025-06-07 21:03:03,101 DEBUG o.h.e.j.s.SqlStatementLogger [main] 
    create table "classes" (
        "actif" boolean,
        "capacite" integer,
        "created_at" timestamp(6),
        "id" bigint generated by default as identity,
        "updated_at" timestamp(6),
        "annee_scolaire" varchar(9) not null,
        "niveau" varchar(50) not null,
        "nom" varchar(100) not null,
        "description" varchar(500),
        primary key ("id")
    )
2025-06-07 21:03:03,103 DEBUG o.h.e.j.s.SqlStatementLogger [main] 
    create table "document" (
        "date_ajout" timestamp(6),
        "eleve_id" bigint,
        "id" bigint generated by default as identity,
        "chemin_fichier" varchar(255) not null,
        "type_document" enum ('AUTRE','BULLETIN','RECU') not null,
        primary key ("id")
    )
2025-06-07 21:03:03,106 DEBUG o.h.e.j.s.SqlStatementLogger [main] 
    create table "eleve" (
        "actif" boolean,
        "date_naissance" date,
        "classe_id" bigint,
        "created_at" timestamp(6),
        "date_inscription" timestamp(6),
        "id" bigint generated by default as identity,
        "parent_id" bigint,
        "section_id" bigint,
        "updated_at" timestamp(6),
        "genre" varchar(20),
        "email" varchar(100) not null unique,
        "nom" varchar(100) not null,
        "prenom" varchar(100) not null,
        "adresse" varchar(200),
        primary key ("id")
    )
2025-06-07 21:03:03,110 DEBUG o.h.e.j.s.SqlStatementLogger [main] 
    create table "enseignant" (
        "actif" boolean,
        "created_at" timestamp(6),
        "date_embauche" timestamp(6),
        "id" bigint generated by default as identity,
        "section_id" bigint,
        "updated_at" timestamp(6),
        "telephone" varchar(20),
        "niveau" varchar(50),
        "email" varchar(100) not null unique,
        "nom" varchar(100) not null,
        "prenom" varchar(100) not null,
        "specialite" varchar(100),
        primary key ("id")
    )
2025-06-07 21:03:03,112 DEBUG o.h.e.j.s.SqlStatementLogger [main] 
    create table "grade" (
        "grade" float(53) not null,
        "created_at" timestamp(6),
        "id" bigint generated by default as identity,
        "student_id" bigint not null,
        "subject_id" bigint not null,
        "updated_at" timestamp(6),
        "period" varchar(20) not null,
        "comments" varchar(500),
        primary key ("id")
    )
2025-06-07 21:03:03,114 DEBUG o.h.e.j.s.SqlStatementLogger [main] 
    create table "log_activite" (
        "date_action" timestamp(6),
        "id" bigint generated by default as identity,
        "reference_id" bigint,
        "utilisateur_id" bigint not null,
        "ip_adresse" varchar(45),
        "table_cible" varchar(100),
        "action" varchar(255) not null,
        primary key ("id")
    )
2025-06-07 21:03:03,116 DEBUG o.h.e.j.s.SqlStatementLogger [main] 
    create table "matiere" (
        "coefficient" numeric(5,2) not null,
        "created_at" timestamp(6),
        "id" bigint generated by default as identity,
        "updated_at" timestamp(6),
        "nom" varchar(100) not null,
        primary key ("id")
    )
2025-06-07 21:03:03,117 DEBUG o.h.e.j.s.SqlStatementLogger [main] 
    create table "note" (
        "note" numeric(5,2) not null,
        "created_at" timestamp(6) not null,
        "eleve_id" bigint not null,
        "id" bigint generated by default as identity,
        "matiere_id" bigint not null,
        "sequence_id" bigint not null,
        "trimestre_id" bigint,
        "updated_at" timestamp(6),
        "commentaire" varchar(255),
        primary key ("id")
    )
2025-06-07 21:03:03,119 DEBUG o.h.e.j.s.SqlStatementLogger [main] 
    create table "notifications" (
        "read" boolean,
        "created_at" timestamp(6),
        "id" bigint generated by default as identity,
        "user_id" bigint,
        "message" varchar(255) not null,
        primary key ("id")
    )
2025-06-07 21:03:03,122 DEBUG o.h.e.j.s.SqlStatementLogger [main] 
    create table "paiements" (
        "date_paiement" date,
        "montant" numeric(38,2) not null,
        "eleve_id" bigint not null,
        "id" bigint generated by default as identity,
        "description" varchar(255),
        "type_paiement" varchar(255),
        primary key ("id")
    )
2025-06-07 21:03:03,124 DEBUG o.h.e.j.s.SqlStatementLogger [main] 
    create table "parents" (
        "id" bigint generated by default as identity,
        "adresse" varchar(255),
        "email" varchar(255) unique,
        "nom" varchar(255) not null,
        "prenom" varchar(255) not null,
        "profession" varchar(255),
        "telephone" varchar(255),
        primary key ("id")
    )
2025-06-07 21:03:03,129 DEBUG o.h.e.j.s.SqlStatementLogger [main] 
    create table "profil_utilisateur" (
        "created_at" timestamp(6),
        "id" bigint generated by default as identity,
        "reference_id" bigint not null,
        "updated_at" timestamp(6),
        "utilisateur_id" bigint not null,
        "type_personne" enum ('AGENT','ELEVE','ENSEIGNANT','PARENT') not null,
        primary key ("id")
    )
2025-06-07 21:03:03,132 DEBUG o.h.e.j.s.SqlStatementLogger [main] 
    create table "role" (
        "id" bigint generated by default as identity,
        "libelle" varchar(50) not null unique,
        primary key ("id")
    )
2025-06-07 21:03:03,135 DEBUG o.h.e.j.s.SqlStatementLogger [main] 
    create table "sections" (
        "id" bigint generated by default as identity,
        "description" varchar(255),
        "nom" varchar(255) not null,
        primary key ("id")
    )
2025-06-07 21:03:03,138 DEBUG o.h.e.j.s.SqlStatementLogger [main] 
    create table "sequence" (
        "numero" integer not null,
        "created_at" timestamp(6),
        "id" bigint generated by default as identity,
        "trimestre_id" bigint not null,
        "updated_at" timestamp(6),
        "libelle" varchar(50) not null,
        primary key ("id")
    )
2025-06-07 21:03:03,141 DEBUG o.h.e.j.s.SqlStatementLogger [main] 
    create table "statut_annee" (
        "code" varchar(20) not null,
        "libelle" varchar(100) not null,
        primary key ("code")
    )
2025-06-07 21:03:03,144 DEBUG o.h.e.j.s.SqlStatementLogger [main] 
    create table "student_progress_report" (
        "attendance_rate" float(53),
        "average_grade" float(53),
        "created_at" timestamp(6),
        "id" bigint generated by default as identity,
        "student_id" bigint not null,
        "updated_at" timestamp(6),
        "period" varchar(20) not null,
        "comments" varchar(1000),
        primary key ("id")
    )
2025-06-07 21:03:03,148 DEBUG o.h.e.j.s.SqlStatementLogger [main] 
    create table "students" (
        "actif" boolean,
        "date_naissance" date not null,
        "genre" varchar(1),
        "classe_id" bigint,
        "created_at" timestamp(6),
        "date_inscription" timestamp(6) not null,
        "id" bigint generated by default as identity,
        "section_id" bigint,
        "updated_at" timestamp(6),
        "telephone" varchar(20),
        "section_name" varchar(50),
        "email" varchar(100) not null unique,
        "nom" varchar(100) not null,
        "nom_classe" varchar(100),
        "nom_parent" varchar(100),
        "prenom" varchar(100) not null,
        "adresse" varchar(200),
        primary key ("id")
    )
2025-06-07 21:03:03,151 DEBUG o.h.e.j.s.SqlStatementLogger [main] 
    create table "subject" (
        "actif" boolean,
        "coefficient" integer,
        "created_at" timestamp(6),
        "id" bigint generated by default as identity,
        "updated_at" timestamp(6),
        "code" varchar(20) not null unique,
        "nom" varchar(100) not null,
        "description" varchar(500),
        primary key ("id")
    )
2025-06-07 21:03:03,154 DEBUG o.h.e.j.s.SqlStatementLogger [main] 
    create table "trimestre" (
        "numero" integer not null,
        "annee_scolaire_id" bigint not null,
        "created_at" timestamp(6),
        "id" bigint generated by default as identity,
        "updated_at" timestamp(6),
        "libelle" varchar(50) not null,
        primary key ("id")
    )
2025-06-07 21:03:03,159 DEBUG o.h.e.j.s.SqlStatementLogger [main] 
    create table "type_affectation" (
        "code" varchar(20) not null,
        "libelle" varchar(100) not null,
        primary key ("code")
    )
2025-06-07 21:03:03,163 DEBUG o.h.e.j.s.SqlStatementLogger [main] 
    create table "utilisateur" (
        "actif" boolean,
        "created_at" timestamp(6),
        "id" bigint generated by default as identity,
        "last_login" timestamp(6),
        "role_id" bigint not null,
        "updated_at" timestamp(6),
        "email" varchar(100) not null unique,
        "nom" varchar(100) not null,
        "mot_de_passe" varchar(255) not null,
        "reset_token" varchar(255),
        "type_personne" enum ('ADMIN','AGENT','ELEVE','ENSEIGNANT','PARENT') not null,
        primary key ("id")
    )
2025-06-07 21:03:03,169 DEBUG o.h.e.j.s.SqlStatementLogger [main] 
    alter table if exists "affectation" 
       add constraint "FK9eu96qf7kye9sf1pmecfd0yfm" 
       foreign key ("annee_scolaire_id") 
       references "annee_scolaire"
2025-06-07 21:03:03,204 DEBUG o.h.e.j.s.SqlStatementLogger [main] 
    alter table if exists "affectation" 
       add constraint "FKpe0bo22qt45crdtir2olejjyg" 
       foreign key ("classe_id") 
       references "classes"
2025-06-07 21:03:03,207 DEBUG o.h.e.j.s.SqlStatementLogger [main] 
    alter table if exists "affectation" 
       add constraint "FK3av7c7bm789r6knql1ykv0iuh" 
       foreign key ("enseignant_id") 
       references "enseignant"
2025-06-07 21:03:03,211 DEBUG o.h.e.j.s.SqlStatementLogger [main] 
    alter table if exists "affectation" 
       add constraint "FKbd6pqb4xm1b2f6dsjng6t9vy1" 
       foreign key ("matiere_id") 
       references "matiere"
2025-06-07 21:03:03,217 DEBUG o.h.e.j.s.SqlStatementLogger [main] 
    alter table if exists "document" 
       add constraint "FK4uxipd5g6ulta9p7gt3992osv" 
       foreign key ("eleve_id") 
       references "eleve"
2025-06-07 21:03:03,220 DEBUG o.h.e.j.s.SqlStatementLogger [main] 
    alter table if exists "eleve" 
       add constraint "FKak1ytyiywaoq3w1wjuwpdu81p" 
       foreign key ("classe_id") 
       references "classes"
2025-06-07 21:03:03,224 DEBUG o.h.e.j.s.SqlStatementLogger [main] 
    alter table if exists "eleve" 
       add constraint "FK31spnejrvma8oawmo11nku169" 
       foreign key ("parent_id") 
       references "parents"
2025-06-07 21:03:03,227 DEBUG o.h.e.j.s.SqlStatementLogger [main] 
    alter table if exists "eleve" 
       add constraint "FKfpstf9bai3b6n4qu9wsx077ja" 
       foreign key ("section_id") 
       references "sections"
2025-06-07 21:03:03,231 DEBUG o.h.e.j.s.SqlStatementLogger [main] 
    alter table if exists "enseignant" 
       add constraint "FKh4do9onk9pwd1p5hpdl2jlvsw" 
       foreign key ("section_id") 
       references "sections"
2025-06-07 21:03:03,235 DEBUG o.h.e.j.s.SqlStatementLogger [main] 
    alter table if exists "grade" 
       add constraint "FKipf4njw2w6vostd6y4ti401mm" 
       foreign key ("student_id") 
       references "utilisateur"
2025-06-07 21:03:03,238 DEBUG o.h.e.j.s.SqlStatementLogger [main] 
    alter table if exists "grade" 
       add constraint "FKga475phybm7f4xh2qgjlm4tef" 
       foreign key ("subject_id") 
       references "subject"
2025-06-07 21:03:03,240 DEBUG o.h.e.j.s.SqlStatementLogger [main] 
    alter table if exists "log_activite" 
       add constraint "FKrfsnh1x7lprexosg0odve3edk" 
       foreign key ("utilisateur_id") 
       references "utilisateur"
2025-06-07 21:03:03,243 DEBUG o.h.e.j.s.SqlStatementLogger [main] 
    alter table if exists "note" 
       add constraint "FKckjcf0lcp26yn81tkbiyyvpxs" 
       foreign key ("eleve_id") 
       references "eleve"
2025-06-07 21:03:03,246 DEBUG o.h.e.j.s.SqlStatementLogger [main] 
    alter table if exists "note" 
       add constraint "FKce6fgrwojbdjuyfobkryhsubc" 
       foreign key ("matiere_id") 
       references "matiere"
2025-06-07 21:03:03,252 DEBUG o.h.e.j.s.SqlStatementLogger [main] 
    alter table if exists "note" 
       add constraint "FKnx3h3lbhngn4he4lrc8ylhrxh" 
       foreign key ("sequence_id") 
       references "sequence"
2025-06-07 21:03:03,255 DEBUG o.h.e.j.s.SqlStatementLogger [main] 
    alter table if exists "note" 
       add constraint "FKsq8sa1xg25htraxpx0ylx3lgk" 
       foreign key ("trimestre_id") 
       references "trimestre"
2025-06-07 21:03:03,263 DEBUG o.h.e.j.s.SqlStatementLogger [main] 
    alter table if exists "paiements" 
       add constraint "FKafefes0eqpleg9i7g6mvt6xhh" 
       foreign key ("eleve_id") 
       references "eleve"
2025-06-07 21:03:03,267 DEBUG o.h.e.j.s.SqlStatementLogger [main] 
    alter table if exists "profil_utilisateur" 
       add constraint "FK177de5xq3y87tjxuwctokx341" 
       foreign key ("utilisateur_id") 
       references "utilisateur"
2025-06-07 21:03:03,270 DEBUG o.h.e.j.s.SqlStatementLogger [main] 
    alter table if exists "sequence" 
       add constraint "FKclybiy2bjbpf0ejgg6rq51ynf" 
       foreign key ("trimestre_id") 
       references "trimestre"
2025-06-07 21:03:03,273 DEBUG o.h.e.j.s.SqlStatementLogger [main] 
    alter table if exists "student_progress_report" 
       add constraint "FK1u5j5o832a13lgcq3foy1g3rr" 
       foreign key ("student_id") 
       references "utilisateur"
2025-06-07 21:03:03,275 DEBUG o.h.e.j.s.SqlStatementLogger [main] 
    alter table if exists "students" 
       add constraint "FKtb9nirq953dcf0onxisl98ni1" 
       foreign key ("classe_id") 
       references "classes"
2025-06-07 21:03:03,281 DEBUG o.h.e.j.s.SqlStatementLogger [main] 
    alter table if exists "students" 
       add constraint "FKgkvw6901117nqyb8tyx3gmpk5" 
       foreign key ("section_id") 
       references "sections"
2025-06-07 21:03:03,285 DEBUG o.h.e.j.s.SqlStatementLogger [main] 
    alter table if exists "trimestre" 
       add constraint "FKql50yxg7ydwdp4uom1mltlbkr" 
       foreign key ("annee_scolaire_id") 
       references "annee_scolaire"
2025-06-07 21:03:03,288 DEBUG o.h.e.j.s.SqlStatementLogger [main] 
    alter table if exists "utilisateur" 
       add constraint "FKmjx8u4qqtx1pp4g0tpmuf3yb9" 
       foreign key ("role_id") 
       references "role"
2025-06-07 21:03:03,299 INFO o.s.o.j.AbstractEntityManagerFactoryBean [main] Initialized JPA EntityManagerFactory for persistence unit 'default'
2025-06-07 21:03:04,115 INFO o.s.d.j.r.q.QueryEnhancerFactory [main] Hibernate is in classpath; If applicable, HQL parser will be used.
2025-06-07 21:03:04,933 WARN o.s.c.s.AbstractApplicationContext [main] Exception encountered during context initialization - cancelling refresh attempt: org.springframework.beans.factory.UnsatisfiedDependencyException: Error creating bean with name 'gradeController' defined in file [C:\Users\GLOBAL STORE\Documents\Primary-School\backend\build\classes\java\main\com\school\management\controller\GradeController.class]: Unsatisfied dependency expressed through constructor parameter 0: Error creating bean with name 'gradeService' defined in file [C:\Users\GLOBAL STORE\Documents\Primary-School\backend\build\classes\java\main\com\school\management\service\GradeService.class]: Unsatisfied dependency expressed through constructor parameter 1: Error creating bean with name 'notificationService' defined in file [C:\Users\GLOBAL STORE\Documents\Primary-School\backend\build\classes\java\main\com\school\management\service\NotificationService.class]: Unsatisfied dependency expressed through constructor parameter 0: No qualifying bean of type 'org.springframework.messaging.simp.SimpMessagingTemplate' available: expected at least 1 bean which qualifies as autowire candidate. Dependency annotations: {}
2025-06-07 21:03:04,934 INFO o.s.o.j.AbstractEntityManagerFactoryBean [main] Closing JPA EntityManagerFactory for persistence unit 'default'
2025-06-07 21:03:04,935 DEBUG o.h.e.j.s.SqlStatementLogger [main] 
    drop table if exists "affectation" cascade 
2025-06-07 21:03:04,938 DEBUG o.h.e.j.s.SqlStatementLogger [main] 
    drop table if exists "annee_scolaire" cascade 
2025-06-07 21:03:04,941 DEBUG o.h.e.j.s.SqlStatementLogger [main] 
    drop table if exists "classes" cascade 
2025-06-07 21:03:04,944 DEBUG o.h.e.j.s.SqlStatementLogger [main] 
    drop table if exists "document" cascade 
2025-06-07 21:03:04,946 DEBUG o.h.e.j.s.SqlStatementLogger [main] 
    drop table if exists "eleve" cascade 
2025-06-07 21:03:04,948 DEBUG o.h.e.j.s.SqlStatementLogger [main] 
    drop table if exists "enseignant" cascade 
2025-06-07 21:03:04,949 DEBUG o.h.e.j.s.SqlStatementLogger [main] 
    drop table if exists "grade" cascade 
2025-06-07 21:03:04,951 DEBUG o.h.e.j.s.SqlStatementLogger [main] 
    drop table if exists "log_activite" cascade 
2025-06-07 21:03:04,952 DEBUG o.h.e.j.s.SqlStatementLogger [main] 
    drop table if exists "matiere" cascade 
2025-06-07 21:03:04,953 DEBUG o.h.e.j.s.SqlStatementLogger [main] 
    drop table if exists "note" cascade 
2025-06-07 21:03:04,954 DEBUG o.h.e.j.s.SqlStatementLogger [main] 
    drop table if exists "notifications" cascade 
2025-06-07 21:03:04,954 DEBUG o.h.e.j.s.SqlStatementLogger [main] 
    drop table if exists "paiements" cascade 
2025-06-07 21:03:04,955 DEBUG o.h.e.j.s.SqlStatementLogger [main] 
    drop table if exists "parents" cascade 
2025-06-07 21:03:04,957 DEBUG o.h.e.j.s.SqlStatementLogger [main] 
    drop table if exists "profil_utilisateur" cascade 
2025-06-07 21:03:04,959 DEBUG o.h.e.j.s.SqlStatementLogger [main] 
    drop table if exists "role" cascade 
2025-06-07 21:03:04,961 DEBUG o.h.e.j.s.SqlStatementLogger [main] 
    drop table if exists "sections" cascade 
2025-06-07 21:03:04,962 DEBUG o.h.e.j.s.SqlStatementLogger [main] 
    drop table if exists "sequence" cascade 
2025-06-07 21:03:04,963 DEBUG o.h.e.j.s.SqlStatementLogger [main] 
    drop table if exists "statut_annee" cascade 
2025-06-07 21:03:04,964 DEBUG o.h.e.j.s.SqlStatementLogger [main] 
    drop table if exists "student_progress_report" cascade 
2025-06-07 21:03:04,967 DEBUG o.h.e.j.s.SqlStatementLogger [main] 
    drop table if exists "students" cascade 
2025-06-07 21:03:04,968 DEBUG o.h.e.j.s.SqlStatementLogger [main] 
    drop table if exists "subject" cascade 
2025-06-07 21:03:04,968 DEBUG o.h.e.j.s.SqlStatementLogger [main] 
    drop table if exists "trimestre" cascade 
2025-06-07 21:03:04,969 DEBUG o.h.e.j.s.SqlStatementLogger [main] 
    drop table if exists "type_affectation" cascade 
2025-06-07 21:03:04,970 DEBUG o.h.e.j.s.SqlStatementLogger [main] 
    drop table if exists "utilisateur" cascade 
2025-06-07 21:03:04,974 INFO c.z.h.HikariDataSource [main] HikariPool-1 - Shutdown initiated...
2025-06-07 21:03:04,978 INFO c.z.h.HikariDataSource [main] HikariPool-1 - Shutdown completed.
2025-06-07 21:03:04,980 INFO o.a.j.l.DirectJDKLog [main] Stopping service [Tomcat]
2025-06-07 21:03:05,014 INFO o.s.b.a.l.ConditionEvaluationReportLogger [main] 

Error starting ApplicationContext. To display the condition evaluation report re-run your application with 'debug' enabled.
2025-06-07 21:03:05,084 ERROR o.s.b.d.LoggingFailureAnalysisReporter [main] 

***************************
APPLICATION FAILED TO START
***************************

Description:

Parameter 0 of constructor in com.school.management.service.NotificationService required a bean of type 'org.springframework.messaging.simp.SimpMessagingTemplate' that could not be found.


Action:

Consider defining a bean of type 'org.springframework.messaging.simp.SimpMessagingTemplate' in your configuration.

2025-06-07 21:06:55,554 INFO o.h.v.i.u.Version [background-preinit] HV000001: Hibernate Validator 8.0.1.Final
2025-06-07 21:06:55,708 INFO o.s.b.StartupInfoLogger [main] Starting SchoolManagementApplication using Java 21.0.6 with PID 11368 (C:\Users\GLOBAL STORE\Documents\Primary-School\backend\build\classes\java\main started by GLOBAL STORE in C:\Users\GLOBAL STORE\Documents\Primary-School\backend)
2025-06-07 21:06:55,709 DEBUG o.s.b.StartupInfoLogger [main] Running with Spring Boot v3.5.0, Spring v6.2.7
2025-06-07 21:06:55,710 INFO o.s.b.SpringApplication [main] No active profile set, falling back to 1 default profile: "default"
2025-06-07 21:06:58,579 INFO o.s.d.r.c.RepositoryConfigurationDelegate [main] Multiple Spring Data modules found, entering strict repository configuration mode
2025-06-07 21:06:58,582 INFO o.s.d.r.c.RepositoryConfigurationDelegate [main] Bootstrapping Spring Data JPA repositories in DEFAULT mode.
2025-06-07 21:06:59,150 INFO o.s.d.r.c.RepositoryConfigurationDelegate [main] Finished Spring Data repository scanning in 550 ms. Found 22 JPA repository interfaces.
2025-06-07 21:06:59,275 INFO o.s.d.r.c.RepositoryConfigurationDelegate [main] Multiple Spring Data modules found, entering strict repository configuration mode
2025-06-07 21:06:59,278 INFO o.s.d.r.c.RepositoryConfigurationDelegate [main] Bootstrapping Spring Data Redis repositories in DEFAULT mode.
2025-06-07 21:06:59,313 INFO o.s.d.r.c.RepositoryConfigurationExtensionSupport [main] Spring Data Redis - Could not safely identify store assignment for repository candidate interface com.school.management.repository.AffectationRepository; If you want this repository to be a Redis repository, consider annotating your entities with one of these annotations: org.springframework.data.redis.core.RedisHash (preferred), or consider extending one of the following types with your repository: org.springframework.data.keyvalue.repository.KeyValueRepository
2025-06-07 21:06:59,314 INFO o.s.d.r.c.RepositoryConfigurationExtensionSupport [main] Spring Data Redis - Could not safely identify store assignment for repository candidate interface com.school.management.repository.AnneeScolaireRepository; If you want this repository to be a Redis repository, consider annotating your entities with one of these annotations: org.springframework.data.redis.core.RedisHash (preferred), or consider extending one of the following types with your repository: org.springframework.data.keyvalue.repository.KeyValueRepository
2025-06-07 21:06:59,315 INFO o.s.d.r.c.RepositoryConfigurationExtensionSupport [main] Spring Data Redis - Could not safely identify store assignment for repository candidate interface com.school.management.repository.ClasseRepository; If you want this repository to be a Redis repository, consider annotating your entities with one of these annotations: org.springframework.data.redis.core.RedisHash (preferred), or consider extending one of the following types with your repository: org.springframework.data.keyvalue.repository.KeyValueRepository
2025-06-07 21:06:59,316 INFO o.s.d.r.c.RepositoryConfigurationExtensionSupport [main] Spring Data Redis - Could not safely identify store assignment for repository candidate interface com.school.management.repository.ClassRepository; If you want this repository to be a Redis repository, consider annotating your entities with one of these annotations: org.springframework.data.redis.core.RedisHash (preferred), or consider extending one of the following types with your repository: org.springframework.data.keyvalue.repository.KeyValueRepository
2025-06-07 21:06:59,316 INFO o.s.d.r.c.RepositoryConfigurationExtensionSupport [main] Spring Data Redis - Could not safely identify store assignment for repository candidate interface com.school.management.repository.DocumentRepository; If you want this repository to be a Redis repository, consider annotating your entities with one of these annotations: org.springframework.data.redis.core.RedisHash (preferred), or consider extending one of the following types with your repository: org.springframework.data.keyvalue.repository.KeyValueRepository
2025-06-07 21:06:59,317 INFO o.s.d.r.c.RepositoryConfigurationExtensionSupport [main] Spring Data Redis - Could not safely identify store assignment for repository candidate interface com.school.management.repository.EleveRepository; If you want this repository to be a Redis repository, consider annotating your entities with one of these annotations: org.springframework.data.redis.core.RedisHash (preferred), or consider extending one of the following types with your repository: org.springframework.data.keyvalue.repository.KeyValueRepository
2025-06-07 21:06:59,317 INFO o.s.d.r.c.RepositoryConfigurationExtensionSupport [main] Spring Data Redis - Could not safely identify store assignment for repository candidate interface com.school.management.repository.EnseignantRepository; If you want this repository to be a Redis repository, consider annotating your entities with one of these annotations: org.springframework.data.redis.core.RedisHash (preferred), or consider extending one of the following types with your repository: org.springframework.data.keyvalue.repository.KeyValueRepository
2025-06-07 21:06:59,318 INFO o.s.d.r.c.RepositoryConfigurationExtensionSupport [main] Spring Data Redis - Could not safely identify store assignment for repository candidate interface com.school.management.repository.GradeRepository; If you want this repository to be a Redis repository, consider annotating your entities with one of these annotations: org.springframework.data.redis.core.RedisHash (preferred), or consider extending one of the following types with your repository: org.springframework.data.keyvalue.repository.KeyValueRepository
2025-06-07 21:06:59,318 INFO o.s.d.r.c.RepositoryConfigurationExtensionSupport [main] Spring Data Redis - Could not safely identify store assignment for repository candidate interface com.school.management.repository.LogActiviteRepository; If you want this repository to be a Redis repository, consider annotating your entities with one of these annotations: org.springframework.data.redis.core.RedisHash (preferred), or consider extending one of the following types with your repository: org.springframework.data.keyvalue.repository.KeyValueRepository
2025-06-07 21:06:59,319 INFO o.s.d.r.c.RepositoryConfigurationExtensionSupport [main] Spring Data Redis - Could not safely identify store assignment for repository candidate interface com.school.management.repository.MatiereRepository; If you want this repository to be a Redis repository, consider annotating your entities with one of these annotations: org.springframework.data.redis.core.RedisHash (preferred), or consider extending one of the following types with your repository: org.springframework.data.keyvalue.repository.KeyValueRepository
2025-06-07 21:06:59,319 INFO o.s.d.r.c.RepositoryConfigurationExtensionSupport [main] Spring Data Redis - Could not safely identify store assignment for repository candidate interface com.school.management.repository.NoteRepository; If you want this repository to be a Redis repository, consider annotating your entities with one of these annotations: org.springframework.data.redis.core.RedisHash (preferred), or consider extending one of the following types with your repository: org.springframework.data.keyvalue.repository.KeyValueRepository
2025-06-07 21:06:59,320 INFO o.s.d.r.c.RepositoryConfigurationExtensionSupport [main] Spring Data Redis - Could not safely identify store assignment for repository candidate interface com.school.management.repository.NotificationRepository; If you want this repository to be a Redis repository, consider annotating your entities with one of these annotations: org.springframework.data.redis.core.RedisHash (preferred), or consider extending one of the following types with your repository: org.springframework.data.keyvalue.repository.KeyValueRepository
2025-06-07 21:06:59,320 INFO o.s.d.r.c.RepositoryConfigurationExtensionSupport [main] Spring Data Redis - Could not safely identify store assignment for repository candidate interface com.school.management.repository.PaiementRepository; If you want this repository to be a Redis repository, consider annotating your entities with one of these annotations: org.springframework.data.redis.core.RedisHash (preferred), or consider extending one of the following types with your repository: org.springframework.data.keyvalue.repository.KeyValueRepository
2025-06-07 21:06:59,321 INFO o.s.d.r.c.RepositoryConfigurationExtensionSupport [main] Spring Data Redis - Could not safely identify store assignment for repository candidate interface com.school.management.repository.ProfilUtilisateurRepository; If you want this repository to be a Redis repository, consider annotating your entities with one of these annotations: org.springframework.data.redis.core.RedisHash (preferred), or consider extending one of the following types with your repository: org.springframework.data.keyvalue.repository.KeyValueRepository
2025-06-07 21:06:59,322 INFO o.s.d.r.c.RepositoryConfigurationExtensionSupport [main] Spring Data Redis - Could not safely identify store assignment for repository candidate interface com.school.management.repository.RoleRepository; If you want this repository to be a Redis repository, consider annotating your entities with one of these annotations: org.springframework.data.redis.core.RedisHash (preferred), or consider extending one of the following types with your repository: org.springframework.data.keyvalue.repository.KeyValueRepository
2025-06-07 21:06:59,322 INFO o.s.d.r.c.RepositoryConfigurationExtensionSupport [main] Spring Data Redis - Could not safely identify store assignment for repository candidate interface com.school.management.repository.SectionRepository; If you want this repository to be a Redis repository, consider annotating your entities with one of these annotations: org.springframework.data.redis.core.RedisHash (preferred), or consider extending one of the following types with your repository: org.springframework.data.keyvalue.repository.KeyValueRepository
2025-06-07 21:06:59,323 INFO o.s.d.r.c.RepositoryConfigurationExtensionSupport [main] Spring Data Redis - Could not safely identify store assignment for repository candidate interface com.school.management.repository.SequenceRepository; If you want this repository to be a Redis repository, consider annotating your entities with one of these annotations: org.springframework.data.redis.core.RedisHash (preferred), or consider extending one of the following types with your repository: org.springframework.data.keyvalue.repository.KeyValueRepository
2025-06-07 21:06:59,324 INFO o.s.d.r.c.RepositoryConfigurationExtensionSupport [main] Spring Data Redis - Could not safely identify store assignment for repository candidate interface com.school.management.repository.StatutAnneeRepository; If you want this repository to be a Redis repository, consider annotating your entities with one of these annotations: org.springframework.data.redis.core.RedisHash (preferred), or consider extending one of the following types with your repository: org.springframework.data.keyvalue.repository.KeyValueRepository
2025-06-07 21:06:59,326 INFO o.s.d.r.c.RepositoryConfigurationExtensionSupport [main] Spring Data Redis - Could not safely identify store assignment for repository candidate interface com.school.management.repository.StudentRepository; If you want this repository to be a Redis repository, consider annotating your entities with one of these annotations: org.springframework.data.redis.core.RedisHash (preferred), or consider extending one of the following types with your repository: org.springframework.data.keyvalue.repository.KeyValueRepository
2025-06-07 21:06:59,326 INFO o.s.d.r.c.RepositoryConfigurationExtensionSupport [main] Spring Data Redis - Could not safely identify store assignment for repository candidate interface com.school.management.repository.TrimestreRepository; If you want this repository to be a Redis repository, consider annotating your entities with one of these annotations: org.springframework.data.redis.core.RedisHash (preferred), or consider extending one of the following types with your repository: org.springframework.data.keyvalue.repository.KeyValueRepository
2025-06-07 21:06:59,328 INFO o.s.d.r.c.RepositoryConfigurationExtensionSupport [main] Spring Data Redis - Could not safely identify store assignment for repository candidate interface com.school.management.repository.TypeAffectationRepository; If you want this repository to be a Redis repository, consider annotating your entities with one of these annotations: org.springframework.data.redis.core.RedisHash (preferred), or consider extending one of the following types with your repository: org.springframework.data.keyvalue.repository.KeyValueRepository
2025-06-07 21:06:59,328 INFO o.s.d.r.c.RepositoryConfigurationExtensionSupport [main] Spring Data Redis - Could not safely identify store assignment for repository candidate interface com.school.management.repository.UtilisateurRepository; If you want this repository to be a Redis repository, consider annotating your entities with one of these annotations: org.springframework.data.redis.core.RedisHash (preferred), or consider extending one of the following types with your repository: org.springframework.data.keyvalue.repository.KeyValueRepository
2025-06-07 21:06:59,330 INFO o.s.d.r.c.RepositoryConfigurationDelegate [main] Finished Spring Data repository scanning in 29 ms. Found 0 Redis repository interfaces.
2025-06-07 21:07:01,038 INFO o.s.b.w.e.t.TomcatWebServer [main] Tomcat initialized with port 8080 (http)
2025-06-07 21:07:01,069 INFO o.a.j.l.DirectJDKLog [main] Initializing ProtocolHandler ["http-nio-8080"]
2025-06-07 21:07:01,075 INFO o.a.j.l.DirectJDKLog [main] Starting service [Tomcat]
2025-06-07 21:07:01,075 INFO o.a.j.l.DirectJDKLog [main] Starting Servlet engine: [Apache Tomcat/10.1.41]
2025-06-07 21:07:01,189 INFO o.a.j.l.DirectJDKLog [main] Initializing Spring embedded WebApplicationContext
2025-06-07 21:07:01,190 INFO o.s.b.w.s.c.ServletWebServerApplicationContext [main] Root WebApplicationContext: initialization completed in 5353 ms
2025-06-07 21:07:01,771 INFO o.h.j.i.u.LogHelper [main] HHH000204: Processing PersistenceUnitInfo [name: default]
2025-06-07 21:07:01,943 INFO o.h.Version [main] HHH000412: Hibernate ORM core version 6.6.15.Final
2025-06-07 21:07:02,036 INFO o.h.c.i.RegionFactoryInitiator [main] HHH000026: Second-level cache disabled
2025-06-07 21:07:02,847 INFO o.s.o.j.p.SpringPersistenceUnitInfo [main] No LoadTimeWeaver setup: ignoring JPA class transformer
2025-06-07 21:07:02,937 INFO c.z.h.HikariDataSource [main] HikariPool-1 - Starting...
2025-06-07 21:07:03,288 INFO c.z.h.p.HikariPool [main] HikariPool-1 - Added connection conn0: url=jdbc:h2:mem:testdb user=SA
2025-06-07 21:07:03,293 INFO c.z.h.HikariDataSource [main] HikariPool-1 - Start completed.
2025-06-07 21:07:03,371 WARN o.h.e.j.d.i.DialectFactoryImpl [main] HHH90000025: H2Dialect does not need to be specified explicitly using 'hibernate.dialect' (remove the property setting and it will be selected by default)
2025-06-07 21:07:03,417 INFO o.h.e.j.e.i.JdbcEnvironmentInitiator [main] HHH10001005: Database info:
	Database JDBC URL [Connecting through datasource 'HikariDataSource (HikariPool-1)']
	Database driver: undefined/unknown
	Database version: 2.3.232
	Autocommit mode: undefined/unknown
	Isolation level: undefined/unknown
	Minimum pool size: undefined/unknown
	Maximum pool size: undefined/unknown
2025-06-07 21:07:06,275 INFO o.h.e.t.j.p.i.JtaPlatformInitiator [main] HHH000489: No JTA platform available (set 'hibernate.transaction.jta.platform' to enable JTA platform integration)
2025-06-07 21:07:06,318 DEBUG o.h.e.j.s.SqlStatementLogger [main] 
    drop table if exists "affectation" cascade 
2025-06-07 21:07:06,324 DEBUG o.h.e.j.s.SqlStatementLogger [main] 
    drop table if exists "annee_scolaire" cascade 
2025-06-07 21:07:06,324 DEBUG o.h.e.j.s.SqlStatementLogger [main] 
    drop table if exists "classes" cascade 
2025-06-07 21:07:06,325 DEBUG o.h.e.j.s.SqlStatementLogger [main] 
    drop table if exists "document" cascade 
2025-06-07 21:07:06,325 DEBUG o.h.e.j.s.SqlStatementLogger [main] 
    drop table if exists "eleve" cascade 
2025-06-07 21:07:06,326 DEBUG o.h.e.j.s.SqlStatementLogger [main] 
    drop table if exists "enseignant" cascade 
2025-06-07 21:07:06,326 DEBUG o.h.e.j.s.SqlStatementLogger [main] 
    drop table if exists "grade" cascade 
2025-06-07 21:07:06,326 DEBUG o.h.e.j.s.SqlStatementLogger [main] 
    drop table if exists "log_activite" cascade 
2025-06-07 21:07:06,327 DEBUG o.h.e.j.s.SqlStatementLogger [main] 
    drop table if exists "matiere" cascade 
2025-06-07 21:07:06,327 DEBUG o.h.e.j.s.SqlStatementLogger [main] 
    drop table if exists "note" cascade 
2025-06-07 21:07:06,329 DEBUG o.h.e.j.s.SqlStatementLogger [main] 
    drop table if exists "notifications" cascade 
2025-06-07 21:07:06,330 DEBUG o.h.e.j.s.SqlStatementLogger [main] 
    drop table if exists "paiements" cascade 
2025-06-07 21:07:06,331 DEBUG o.h.e.j.s.SqlStatementLogger [main] 
    drop table if exists "parents" cascade 
2025-06-07 21:07:06,331 DEBUG o.h.e.j.s.SqlStatementLogger [main] 
    drop table if exists "profil_utilisateur" cascade 
2025-06-07 21:07:06,332 DEBUG o.h.e.j.s.SqlStatementLogger [main] 
    drop table if exists "role" cascade 
2025-06-07 21:07:06,332 DEBUG o.h.e.j.s.SqlStatementLogger [main] 
    drop table if exists "sections" cascade 
2025-06-07 21:07:06,334 DEBUG o.h.e.j.s.SqlStatementLogger [main] 
    drop table if exists "sequence" cascade 
2025-06-07 21:07:06,335 DEBUG o.h.e.j.s.SqlStatementLogger [main] 
    drop table if exists "statut_annee" cascade 
2025-06-07 21:07:06,337 DEBUG o.h.e.j.s.SqlStatementLogger [main] 
    drop table if exists "student_progress_report" cascade 
2025-06-07 21:07:06,338 DEBUG o.h.e.j.s.SqlStatementLogger [main] 
    drop table if exists "students" cascade 
2025-06-07 21:07:06,338 DEBUG o.h.e.j.s.SqlStatementLogger [main] 
    drop table if exists "subject" cascade 
2025-06-07 21:07:06,339 DEBUG o.h.e.j.s.SqlStatementLogger [main] 
    drop table if exists "trimestre" cascade 
2025-06-07 21:07:06,340 DEBUG o.h.e.j.s.SqlStatementLogger [main] 
    drop table if exists "type_affectation" cascade 
2025-06-07 21:07:06,340 DEBUG o.h.e.j.s.SqlStatementLogger [main] 
    drop table if exists "utilisateur" cascade 
2025-06-07 21:07:06,357 DEBUG o.h.e.j.s.SqlStatementLogger [main] 
    create table "affectation" (
        "date_debut" date,
        "date_fin" date,
        "annee_scolaire_id" bigint not null,
        "classe_id" bigint not null,
        "created_at" timestamp(6),
        "enseignant_id" bigint not null,
        "id" bigint generated by default as identity,
        "matiere_id" bigint not null,
        "updated_at" timestamp(6),
        "type_code" varchar(20) not null,
        primary key ("id")
    )
2025-06-07 21:07:06,376 DEBUG o.h.e.j.s.SqlStatementLogger [main] 
    create table "annee_scolaire" (
        "date_debut" date not null,
        "date_fin" date not null,
        "created_at" timestamp(6),
        "id" bigint generated by default as identity,
        "updated_at" timestamp(6),
        "statut_code" varchar(20) not null,
        "libelle" varchar(50) not null,
        primary key ("id")
    )
2025-06-07 21:07:06,383 DEBUG o.h.e.j.s.SqlStatementLogger [main] 
    create table "classes" (
        "actif" boolean,
        "capacite" integer,
        "created_at" timestamp(6),
        "id" bigint generated by default as identity,
        "updated_at" timestamp(6),
        "annee_scolaire" varchar(9) not null,
        "niveau" varchar(50) not null,
        "nom" varchar(100) not null,
        "description" varchar(500),
        primary key ("id")
    )
2025-06-07 21:07:06,387 DEBUG o.h.e.j.s.SqlStatementLogger [main] 
    create table "document" (
        "date_ajout" timestamp(6),
        "eleve_id" bigint,
        "id" bigint generated by default as identity,
        "chemin_fichier" varchar(255) not null,
        "type_document" enum ('AUTRE','BULLETIN','RECU') not null,
        primary key ("id")
    )
2025-06-07 21:07:06,392 DEBUG o.h.e.j.s.SqlStatementLogger [main] 
    create table "eleve" (
        "actif" boolean,
        "date_naissance" date,
        "classe_id" bigint,
        "created_at" timestamp(6),
        "date_inscription" timestamp(6),
        "id" bigint generated by default as identity,
        "parent_id" bigint,
        "section_id" bigint,
        "updated_at" timestamp(6),
        "genre" varchar(20),
        "email" varchar(100) not null unique,
        "nom" varchar(100) not null,
        "prenom" varchar(100) not null,
        "adresse" varchar(200),
        primary key ("id")
    )
2025-06-07 21:07:06,399 DEBUG o.h.e.j.s.SqlStatementLogger [main] 
    create table "enseignant" (
        "actif" boolean,
        "created_at" timestamp(6),
        "date_embauche" timestamp(6),
        "id" bigint generated by default as identity,
        "section_id" bigint,
        "updated_at" timestamp(6),
        "telephone" varchar(20),
        "niveau" varchar(50),
        "email" varchar(100) not null unique,
        "nom" varchar(100) not null,
        "prenom" varchar(100) not null,
        "specialite" varchar(100),
        primary key ("id")
    )
2025-06-07 21:07:06,405 DEBUG o.h.e.j.s.SqlStatementLogger [main] 
    create table "grade" (
        "grade" float(53) not null,
        "created_at" timestamp(6),
        "id" bigint generated by default as identity,
        "student_id" bigint not null,
        "subject_id" bigint not null,
        "updated_at" timestamp(6),
        "period" varchar(20) not null,
        "comments" varchar(500),
        primary key ("id")
    )
2025-06-07 21:07:06,414 DEBUG o.h.e.j.s.SqlStatementLogger [main] 
    create table "log_activite" (
        "date_action" timestamp(6),
        "id" bigint generated by default as identity,
        "reference_id" bigint,
        "utilisateur_id" bigint not null,
        "ip_adresse" varchar(45),
        "table_cible" varchar(100),
        "action" varchar(255) not null,
        primary key ("id")
    )
2025-06-07 21:07:06,416 DEBUG o.h.e.j.s.SqlStatementLogger [main] 
    create table "matiere" (
        "coefficient" numeric(5,2) not null,
        "created_at" timestamp(6),
        "id" bigint generated by default as identity,
        "updated_at" timestamp(6),
        "nom" varchar(100) not null,
        primary key ("id")
    )
2025-06-07 21:07:06,419 DEBUG o.h.e.j.s.SqlStatementLogger [main] 
    create table "note" (
        "note" numeric(5,2) not null,
        "created_at" timestamp(6) not null,
        "eleve_id" bigint not null,
        "id" bigint generated by default as identity,
        "matiere_id" bigint not null,
        "sequence_id" bigint not null,
        "trimestre_id" bigint,
        "updated_at" timestamp(6),
        "commentaire" varchar(255),
        primary key ("id")
    )
2025-06-07 21:07:06,423 DEBUG o.h.e.j.s.SqlStatementLogger [main] 
    create table "notifications" (
        "read" boolean,
        "created_at" timestamp(6),
        "id" bigint generated by default as identity,
        "user_id" bigint,
        "message" varchar(255) not null,
        primary key ("id")
    )
2025-06-07 21:07:06,429 DEBUG o.h.e.j.s.SqlStatementLogger [main] 
    create table "paiements" (
        "date_paiement" date,
        "montant" numeric(38,2) not null,
        "eleve_id" bigint not null,
        "id" bigint generated by default as identity,
        "description" varchar(255),
        "type_paiement" varchar(255),
        primary key ("id")
    )
2025-06-07 21:07:06,435 DEBUG o.h.e.j.s.SqlStatementLogger [main] 
    create table "parents" (
        "id" bigint generated by default as identity,
        "adresse" varchar(255),
        "email" varchar(255) unique,
        "nom" varchar(255) not null,
        "prenom" varchar(255) not null,
        "profession" varchar(255),
        "telephone" varchar(255),
        primary key ("id")
    )
2025-06-07 21:07:06,441 DEBUG o.h.e.j.s.SqlStatementLogger [main] 
    create table "profil_utilisateur" (
        "created_at" timestamp(6),
        "id" bigint generated by default as identity,
        "reference_id" bigint not null,
        "updated_at" timestamp(6),
        "utilisateur_id" bigint not null,
        "type_personne" enum ('AGENT','ELEVE','ENSEIGNANT','PARENT') not null,
        primary key ("id")
    )
2025-06-07 21:07:06,446 DEBUG o.h.e.j.s.SqlStatementLogger [main] 
    create table "role" (
        "id" bigint generated by default as identity,
        "libelle" varchar(50) not null unique,
        primary key ("id")
    )
2025-06-07 21:07:06,451 DEBUG o.h.e.j.s.SqlStatementLogger [main] 
    create table "sections" (
        "id" bigint generated by default as identity,
        "description" varchar(255),
        "nom" varchar(255) not null,
        primary key ("id")
    )
2025-06-07 21:07:06,455 DEBUG o.h.e.j.s.SqlStatementLogger [main] 
    create table "sequence" (
        "numero" integer not null,
        "created_at" timestamp(6),
        "id" bigint generated by default as identity,
        "trimestre_id" bigint not null,
        "updated_at" timestamp(6),
        "libelle" varchar(50) not null,
        primary key ("id")
    )
2025-06-07 21:07:06,459 DEBUG o.h.e.j.s.SqlStatementLogger [main] 
    create table "statut_annee" (
        "code" varchar(20) not null,
        "libelle" varchar(100) not null,
        primary key ("code")
    )
2025-06-07 21:07:06,463 DEBUG o.h.e.j.s.SqlStatementLogger [main] 
    create table "student_progress_report" (
        "attendance_rate" float(53),
        "average_grade" float(53),
        "created_at" timestamp(6),
        "id" bigint generated by default as identity,
        "student_id" bigint not null,
        "updated_at" timestamp(6),
        "period" varchar(20) not null,
        "comments" varchar(1000),
        primary key ("id")
    )
2025-06-07 21:07:06,467 DEBUG o.h.e.j.s.SqlStatementLogger [main] 
    create table "students" (
        "actif" boolean,
        "date_naissance" date not null,
        "genre" varchar(1),
        "classe_id" bigint,
        "created_at" timestamp(6),
        "date_inscription" timestamp(6) not null,
        "id" bigint generated by default as identity,
        "section_id" bigint,
        "updated_at" timestamp(6),
        "telephone" varchar(20),
        "section_name" varchar(50),
        "email" varchar(100) not null unique,
        "nom" varchar(100) not null,
        "nom_classe" varchar(100),
        "nom_parent" varchar(100),
        "prenom" varchar(100) not null,
        "adresse" varchar(200),
        primary key ("id")
    )
2025-06-07 21:07:06,471 DEBUG o.h.e.j.s.SqlStatementLogger [main] 
    create table "subject" (
        "actif" boolean,
        "coefficient" integer,
        "created_at" timestamp(6),
        "id" bigint generated by default as identity,
        "updated_at" timestamp(6),
        "code" varchar(20) not null unique,
        "nom" varchar(100) not null,
        "description" varchar(500),
        primary key ("id")
    )
2025-06-07 21:07:06,474 DEBUG o.h.e.j.s.SqlStatementLogger [main] 
    create table "trimestre" (
        "numero" integer not null,
        "annee_scolaire_id" bigint not null,
        "created_at" timestamp(6),
        "id" bigint generated by default as identity,
        "updated_at" timestamp(6),
        "libelle" varchar(50) not null,
        primary key ("id")
    )
2025-06-07 21:07:06,480 DEBUG o.h.e.j.s.SqlStatementLogger [main] 
    create table "type_affectation" (
        "code" varchar(20) not null,
        "libelle" varchar(100) not null,
        primary key ("code")
    )
2025-06-07 21:07:06,490 DEBUG o.h.e.j.s.SqlStatementLogger [main] 
    create table "utilisateur" (
        "actif" boolean,
        "created_at" timestamp(6),
        "id" bigint generated by default as identity,
        "last_login" timestamp(6),
        "role_id" bigint not null,
        "updated_at" timestamp(6),
        "email" varchar(100) not null unique,
        "nom" varchar(100) not null,
        "mot_de_passe" varchar(255) not null,
        "reset_token" varchar(255),
        "type_personne" enum ('ADMIN','AGENT','ELEVE','ENSEIGNANT','PARENT') not null,
        primary key ("id")
    )
2025-06-07 21:07:06,496 DEBUG o.h.e.j.s.SqlStatementLogger [main] 
    alter table if exists "affectation" 
       add constraint "FK9eu96qf7kye9sf1pmecfd0yfm" 
       foreign key ("annee_scolaire_id") 
       references "annee_scolaire"
2025-06-07 21:07:06,533 DEBUG o.h.e.j.s.SqlStatementLogger [main] 
    alter table if exists "affectation" 
       add constraint "FKpe0bo22qt45crdtir2olejjyg" 
       foreign key ("classe_id") 
       references "classes"
2025-06-07 21:07:06,537 DEBUG o.h.e.j.s.SqlStatementLogger [main] 
    alter table if exists "affectation" 
       add constraint "FK3av7c7bm789r6knql1ykv0iuh" 
       foreign key ("enseignant_id") 
       references "enseignant"
2025-06-07 21:07:06,539 DEBUG o.h.e.j.s.SqlStatementLogger [main] 
    alter table if exists "affectation" 
       add constraint "FKbd6pqb4xm1b2f6dsjng6t9vy1" 
       foreign key ("matiere_id") 
       references "matiere"
2025-06-07 21:07:06,541 DEBUG o.h.e.j.s.SqlStatementLogger [main] 
    alter table if exists "document" 
       add constraint "FK4uxipd5g6ulta9p7gt3992osv" 
       foreign key ("eleve_id") 
       references "eleve"
2025-06-07 21:07:06,543 DEBUG o.h.e.j.s.SqlStatementLogger [main] 
    alter table if exists "eleve" 
       add constraint "FKak1ytyiywaoq3w1wjuwpdu81p" 
       foreign key ("classe_id") 
       references "classes"
2025-06-07 21:07:06,549 DEBUG o.h.e.j.s.SqlStatementLogger [main] 
    alter table if exists "eleve" 
       add constraint "FK31spnejrvma8oawmo11nku169" 
       foreign key ("parent_id") 
       references "parents"
2025-06-07 21:07:06,552 DEBUG o.h.e.j.s.SqlStatementLogger [main] 
    alter table if exists "eleve" 
       add constraint "FKfpstf9bai3b6n4qu9wsx077ja" 
       foreign key ("section_id") 
       references "sections"
2025-06-07 21:07:06,555 DEBUG o.h.e.j.s.SqlStatementLogger [main] 
    alter table if exists "enseignant" 
       add constraint "FKh4do9onk9pwd1p5hpdl2jlvsw" 
       foreign key ("section_id") 
       references "sections"
2025-06-07 21:07:06,557 DEBUG o.h.e.j.s.SqlStatementLogger [main] 
    alter table if exists "grade" 
       add constraint "FKipf4njw2w6vostd6y4ti401mm" 
       foreign key ("student_id") 
       references "utilisateur"
2025-06-07 21:07:06,558 DEBUG o.h.e.j.s.SqlStatementLogger [main] 
    alter table if exists "grade" 
       add constraint "FKga475phybm7f4xh2qgjlm4tef" 
       foreign key ("subject_id") 
       references "subject"
2025-06-07 21:07:06,561 DEBUG o.h.e.j.s.SqlStatementLogger [main] 
    alter table if exists "log_activite" 
       add constraint "FKrfsnh1x7lprexosg0odve3edk" 
       foreign key ("utilisateur_id") 
       references "utilisateur"
2025-06-07 21:07:06,565 DEBUG o.h.e.j.s.SqlStatementLogger [main] 
    alter table if exists "note" 
       add constraint "FKckjcf0lcp26yn81tkbiyyvpxs" 
       foreign key ("eleve_id") 
       references "eleve"
2025-06-07 21:07:06,567 DEBUG o.h.e.j.s.SqlStatementLogger [main] 
    alter table if exists "note" 
       add constraint "FKce6fgrwojbdjuyfobkryhsubc" 
       foreign key ("matiere_id") 
       references "matiere"
2025-06-07 21:07:06,569 DEBUG o.h.e.j.s.SqlStatementLogger [main] 
    alter table if exists "note" 
       add constraint "FKnx3h3lbhngn4he4lrc8ylhrxh" 
       foreign key ("sequence_id") 
       references "sequence"
2025-06-07 21:07:06,571 DEBUG o.h.e.j.s.SqlStatementLogger [main] 
    alter table if exists "note" 
       add constraint "FKsq8sa1xg25htraxpx0ylx3lgk" 
       foreign key ("trimestre_id") 
       references "trimestre"
2025-06-07 21:07:06,572 DEBUG o.h.e.j.s.SqlStatementLogger [main] 
    alter table if exists "paiements" 
       add constraint "FKafefes0eqpleg9i7g6mvt6xhh" 
       foreign key ("eleve_id") 
       references "eleve"
2025-06-07 21:07:06,574 DEBUG o.h.e.j.s.SqlStatementLogger [main] 
    alter table if exists "profil_utilisateur" 
       add constraint "FK177de5xq3y87tjxuwctokx341" 
       foreign key ("utilisateur_id") 
       references "utilisateur"
2025-06-07 21:07:06,577 DEBUG o.h.e.j.s.SqlStatementLogger [main] 
    alter table if exists "sequence" 
       add constraint "FKclybiy2bjbpf0ejgg6rq51ynf" 
       foreign key ("trimestre_id") 
       references "trimestre"
2025-06-07 21:07:06,583 DEBUG o.h.e.j.s.SqlStatementLogger [main] 
    alter table if exists "student_progress_report" 
       add constraint "FK1u5j5o832a13lgcq3foy1g3rr" 
       foreign key ("student_id") 
       references "utilisateur"
2025-06-07 21:07:06,587 DEBUG o.h.e.j.s.SqlStatementLogger [main] 
    alter table if exists "students" 
       add constraint "FKtb9nirq953dcf0onxisl98ni1" 
       foreign key ("classe_id") 
       references "classes"
2025-06-07 21:07:06,590 DEBUG o.h.e.j.s.SqlStatementLogger [main] 
    alter table if exists "students" 
       add constraint "FKgkvw6901117nqyb8tyx3gmpk5" 
       foreign key ("section_id") 
       references "sections"
2025-06-07 21:07:06,595 DEBUG o.h.e.j.s.SqlStatementLogger [main] 
    alter table if exists "trimestre" 
       add constraint "FKql50yxg7ydwdp4uom1mltlbkr" 
       foreign key ("annee_scolaire_id") 
       references "annee_scolaire"
2025-06-07 21:07:06,598 DEBUG o.h.e.j.s.SqlStatementLogger [main] 
    alter table if exists "utilisateur" 
       add constraint "FKmjx8u4qqtx1pp4g0tpmuf3yb9" 
       foreign key ("role_id") 
       references "role"
2025-06-07 21:07:06,608 INFO o.s.o.j.AbstractEntityManagerFactoryBean [main] Initialized JPA EntityManagerFactory for persistence unit 'default'
2025-06-07 21:07:07,470 INFO o.s.d.j.r.q.QueryEnhancerFactory [main] Hibernate is in classpath; If applicable, HQL parser will be used.
2025-06-07 21:07:08,799 WARN o.s.c.s.AbstractApplicationContext [main] Exception encountered during context initialization - cancelling refresh attempt: org.springframework.beans.factory.UnsatisfiedDependencyException: Error creating bean with name 'gradeController' defined in file [C:\Users\GLOBAL STORE\Documents\Primary-School\backend\build\classes\java\main\com\school\management\controller\GradeController.class]: Unsatisfied dependency expressed through constructor parameter 0: Error creating bean with name 'gradeService' defined in file [C:\Users\GLOBAL STORE\Documents\Primary-School\backend\build\classes\java\main\com\school\management\service\GradeService.class]: Unsatisfied dependency expressed through constructor parameter 1: Error creating bean with name 'notificationService' defined in file [C:\Users\GLOBAL STORE\Documents\Primary-School\backend\build\classes\java\main\com\school\management\service\NotificationService.class]: Unsatisfied dependency expressed through constructor parameter 0: No qualifying bean of type 'org.springframework.messaging.simp.SimpMessagingTemplate' available: expected at least 1 bean which qualifies as autowire candidate. Dependency annotations: {}
2025-06-07 21:07:08,800 INFO o.s.o.j.AbstractEntityManagerFactoryBean [main] Closing JPA EntityManagerFactory for persistence unit 'default'
2025-06-07 21:07:08,801 DEBUG o.h.e.j.s.SqlStatementLogger [main] 
    drop table if exists "affectation" cascade 
2025-06-07 21:07:08,805 DEBUG o.h.e.j.s.SqlStatementLogger [main] 
    drop table if exists "annee_scolaire" cascade 
2025-06-07 21:07:08,807 DEBUG o.h.e.j.s.SqlStatementLogger [main] 
    drop table if exists "classes" cascade 
2025-06-07 21:07:08,808 DEBUG o.h.e.j.s.SqlStatementLogger [main] 
    drop table if exists "document" cascade 
2025-06-07 21:07:08,812 DEBUG o.h.e.j.s.SqlStatementLogger [main] 
    drop table if exists "eleve" cascade 
2025-06-07 21:07:08,815 DEBUG o.h.e.j.s.SqlStatementLogger [main] 
    drop table if exists "enseignant" cascade 
2025-06-07 21:07:08,816 DEBUG o.h.e.j.s.SqlStatementLogger [main] 
    drop table if exists "grade" cascade 
2025-06-07 21:07:08,817 DEBUG o.h.e.j.s.SqlStatementLogger [main] 
    drop table if exists "log_activite" cascade 
2025-06-07 21:07:08,818 DEBUG o.h.e.j.s.SqlStatementLogger [main] 
    drop table if exists "matiere" cascade 
2025-06-07 21:07:08,819 DEBUG o.h.e.j.s.SqlStatementLogger [main] 
    drop table if exists "note" cascade 
2025-06-07 21:07:08,821 DEBUG o.h.e.j.s.SqlStatementLogger [main] 
    drop table if exists "notifications" cascade 
2025-06-07 21:07:08,821 DEBUG o.h.e.j.s.SqlStatementLogger [main] 
    drop table if exists "paiements" cascade 
2025-06-07 21:07:08,822 DEBUG o.h.e.j.s.SqlStatementLogger [main] 
    drop table if exists "parents" cascade 
2025-06-07 21:07:08,823 DEBUG o.h.e.j.s.SqlStatementLogger [main] 
    drop table if exists "profil_utilisateur" cascade 
2025-06-07 21:07:08,824 DEBUG o.h.e.j.s.SqlStatementLogger [main] 
    drop table if exists "role" cascade 
2025-06-07 21:07:08,825 DEBUG o.h.e.j.s.SqlStatementLogger [main] 
    drop table if exists "sections" cascade 
2025-06-07 21:07:08,828 DEBUG o.h.e.j.s.SqlStatementLogger [main] 
    drop table if exists "sequence" cascade 
2025-06-07 21:07:08,829 DEBUG o.h.e.j.s.SqlStatementLogger [main] 
    drop table if exists "statut_annee" cascade 
2025-06-07 21:07:08,830 DEBUG o.h.e.j.s.SqlStatementLogger [main] 
    drop table if exists "student_progress_report" cascade 
2025-06-07 21:07:08,831 DEBUG o.h.e.j.s.SqlStatementLogger [main] 
    drop table if exists "students" cascade 
2025-06-07 21:07:08,832 DEBUG o.h.e.j.s.SqlStatementLogger [main] 
    drop table if exists "subject" cascade 
2025-06-07 21:07:08,834 DEBUG o.h.e.j.s.SqlStatementLogger [main] 
    drop table if exists "trimestre" cascade 
2025-06-07 21:07:08,835 DEBUG o.h.e.j.s.SqlStatementLogger [main] 
    drop table if exists "type_affectation" cascade 
2025-06-07 21:07:08,835 DEBUG o.h.e.j.s.SqlStatementLogger [main] 
    drop table if exists "utilisateur" cascade 
2025-06-07 21:07:08,839 INFO c.z.h.HikariDataSource [main] HikariPool-1 - Shutdown initiated...
2025-06-07 21:07:08,841 INFO c.z.h.HikariDataSource [main] HikariPool-1 - Shutdown completed.
2025-06-07 21:07:08,845 INFO o.a.j.l.DirectJDKLog [main] Stopping service [Tomcat]
2025-06-07 21:07:08,882 INFO o.s.b.a.l.ConditionEvaluationReportLogger [main] 

Error starting ApplicationContext. To display the condition evaluation report re-run your application with 'debug' enabled.
2025-06-07 21:07:08,960 ERROR o.s.b.d.LoggingFailureAnalysisReporter [main] 

***************************
APPLICATION FAILED TO START
***************************

Description:

Parameter 0 of constructor in com.school.management.service.NotificationService required a bean of type 'org.springframework.messaging.simp.SimpMessagingTemplate' that could not be found.


Action:

Consider defining a bean of type 'org.springframework.messaging.simp.SimpMessagingTemplate' in your configuration.

2025-06-07 21:32:19,457 INFO o.h.v.i.u.Version [background-preinit] HV000001: Hibernate Validator 8.0.1.Final
2025-06-07 21:32:19,749 INFO o.s.b.StartupInfoLogger [main] Starting SchoolManagementApplication using Java 21.0.6 with PID 24116 (C:\Users\GLOBAL STORE\Documents\Primary-School\backend\build\classes\java\main started by GLOBAL STORE in C:\Users\GLOBAL STORE\Documents\Primary-School\backend)
2025-06-07 21:32:19,750 DEBUG o.s.b.StartupInfoLogger [main] Running with Spring Boot v3.3.12, Spring v6.1.20
2025-06-07 21:32:19,752 INFO o.s.b.SpringApplication [main] No active profile set, falling back to 1 default profile: "default"
2025-06-07 21:32:20,865 WARN o.s.c.s.AbstractApplicationContext [main] Exception encountered during context initialization - cancelling refresh attempt: org.springframework.beans.factory.BeanDefinitionStoreException: Failed to parse configuration class [com.school.management.SchoolManagementApplication]
2025-06-07 21:32:21,286 ERROR o.s.b.SpringApplication [main] Application run failed
org.springframework.beans.factory.BeanDefinitionStoreException: Failed to parse configuration class [com.school.management.SchoolManagementApplication]
	at org.springframework.context.annotation.ConfigurationClassParser.parse(ConfigurationClassParser.java:187)
	at org.springframework.context.annotation.ConfigurationClassPostProcessor.processConfigBeanDefinitions(ConfigurationClassPostProcessor.java:417)
	at org.springframework.context.annotation.ConfigurationClassPostProcessor.postProcessBeanDefinitionRegistry(ConfigurationClassPostProcessor.java:290)
	at org.springframework.context.support.PostProcessorRegistrationDelegate.invokeBeanDefinitionRegistryPostProcessors(PostProcessorRegistrationDelegate.java:349)
	at org.springframework.context.support.PostProcessorRegistrationDelegate.invokeBeanFactoryPostProcessors(PostProcessorRegistrationDelegate.java:118)
	at org.springframework.context.support.AbstractApplicationContext.invokeBeanFactoryPostProcessors(AbstractApplicationContext.java:789)
	at org.springframework.context.support.AbstractApplicationContext.refresh(AbstractApplicationContext.java:607)
	at org.springframework.boot.web.servlet.context.ServletWebServerApplicationContext.refresh(ServletWebServerApplicationContext.java:146)
	at org.springframework.boot.SpringApplication.refresh(SpringApplication.java:755)
	at org.springframework.boot.SpringApplication.refreshContext(SpringApplication.java:456)
	at org.springframework.boot.SpringApplication.run(SpringApplication.java:335)
	at org.springframework.boot.SpringApplication.run(SpringApplication.java:1364)
	at org.springframework.boot.SpringApplication.run(SpringApplication.java:1353)
	at com.school.management.SchoolManagementApplication.main(SchoolManagementApplication.java:11)
Caused by: org.springframework.context.annotation.ConflictingBeanDefinitionException: Annotation-specified bean name 'securityConfig' for bean class [com.school.management.config.SecurityConfig] conflicts with existing, non-compatible bean definition of same name and class [com.school.config.SecurityConfig]
	at org.springframework.context.annotation.ClassPathBeanDefinitionScanner.checkCandidate(ClassPathBeanDefinitionScanner.java:361)
	at org.springframework.context.annotation.ClassPathBeanDefinitionScanner.doScan(ClassPathBeanDefinitionScanner.java:288)
	at org.springframework.context.annotation.ComponentScanAnnotationParser.parse(ComponentScanAnnotationParser.java:128)
	at org.springframework.context.annotation.ConfigurationClassParser.doProcessConfigurationClass(ConfigurationClassParser.java:320)
	at org.springframework.context.annotation.ConfigurationClassParser.processConfigurationClass(ConfigurationClassParser.java:260)
	at org.springframework.context.annotation.ConfigurationClassParser.parse(ConfigurationClassParser.java:196)
	at org.springframework.context.annotation.ConfigurationClassParser.parse(ConfigurationClassParser.java:165)
	... 13 common frames omitted
2025-06-07 21:39:34,346 INFO o.h.v.i.u.Version [background-preinit] HV000001: Hibernate Validator 8.0.1.Final
2025-06-07 21:39:34,534 INFO o.s.b.StartupInfoLogger [main] Starting SchoolManagementApplication using Java 21.0.6 with PID 24880 (C:\Users\GLOBAL STORE\Documents\Primary-School\backend\build\classes\java\main started by GLOBAL STORE in C:\Users\GLOBAL STORE\Documents\Primary-School\backend)
2025-06-07 21:39:34,534 DEBUG o.s.b.StartupInfoLogger [main] Running with Spring Boot v3.3.12, Spring v6.1.20
2025-06-07 21:39:34,536 INFO o.s.b.SpringApplication [main] No active profile set, falling back to 1 default profile: "default"
2025-06-07 21:39:35,180 WARN o.s.c.s.AbstractApplicationContext [main] Exception encountered during context initialization - cancelling refresh attempt: org.springframework.beans.factory.BeanDefinitionStoreException: Failed to parse configuration class [com.school.management.SchoolManagementApplication]
2025-06-07 21:39:35,585 ERROR o.s.b.SpringApplication [main] Application run failed
org.springframework.beans.factory.BeanDefinitionStoreException: Failed to parse configuration class [com.school.management.SchoolManagementApplication]
	at org.springframework.context.annotation.ConfigurationClassParser.parse(ConfigurationClassParser.java:187)
	at org.springframework.context.annotation.ConfigurationClassPostProcessor.processConfigBeanDefinitions(ConfigurationClassPostProcessor.java:417)
	at org.springframework.context.annotation.ConfigurationClassPostProcessor.postProcessBeanDefinitionRegistry(ConfigurationClassPostProcessor.java:290)
	at org.springframework.context.support.PostProcessorRegistrationDelegate.invokeBeanDefinitionRegistryPostProcessors(PostProcessorRegistrationDelegate.java:349)
	at org.springframework.context.support.PostProcessorRegistrationDelegate.invokeBeanFactoryPostProcessors(PostProcessorRegistrationDelegate.java:118)
	at org.springframework.context.support.AbstractApplicationContext.invokeBeanFactoryPostProcessors(AbstractApplicationContext.java:789)
	at org.springframework.context.support.AbstractApplicationContext.refresh(AbstractApplicationContext.java:607)
	at org.springframework.boot.web.servlet.context.ServletWebServerApplicationContext.refresh(ServletWebServerApplicationContext.java:146)
	at org.springframework.boot.SpringApplication.refresh(SpringApplication.java:755)
	at org.springframework.boot.SpringApplication.refreshContext(SpringApplication.java:456)
	at org.springframework.boot.SpringApplication.run(SpringApplication.java:335)
	at org.springframework.boot.SpringApplication.run(SpringApplication.java:1364)
	at org.springframework.boot.SpringApplication.run(SpringApplication.java:1353)
	at com.school.management.SchoolManagementApplication.main(SchoolManagementApplication.java:11)
Caused by: org.springframework.context.annotation.ConflictingBeanDefinitionException: Annotation-specified bean name 'securityConfig' for bean class [com.school.management.config.SecurityConfig] conflicts with existing, non-compatible bean definition of same name and class [com.school.config.SecurityConfig]
	at org.springframework.context.annotation.ClassPathBeanDefinitionScanner.checkCandidate(ClassPathBeanDefinitionScanner.java:361)
	at org.springframework.context.annotation.ClassPathBeanDefinitionScanner.doScan(ClassPathBeanDefinitionScanner.java:288)
	at org.springframework.context.annotation.ComponentScanAnnotationParser.parse(ComponentScanAnnotationParser.java:128)
	at org.springframework.context.annotation.ConfigurationClassParser.doProcessConfigurationClass(ConfigurationClassParser.java:320)
	at org.springframework.context.annotation.ConfigurationClassParser.processConfigurationClass(ConfigurationClassParser.java:260)
	at org.springframework.context.annotation.ConfigurationClassParser.parse(ConfigurationClassParser.java:196)
	at org.springframework.context.annotation.ConfigurationClassParser.parse(ConfigurationClassParser.java:165)
	... 13 common frames omitted
2025-06-07 21:47:26,198 INFO o.h.v.i.u.Version [background-preinit] HV000001: Hibernate Validator 8.0.1.Final
2025-06-07 21:47:26,348 INFO o.s.b.StartupInfoLogger [main] Starting SchoolManagementApplication using Java 21.0.6 with PID 26296 (C:\Users\GLOBAL STORE\Documents\Primary-School\backend\build\classes\java\main started by GLOBAL STORE in C:\Users\GLOBAL STORE\Documents\Primary-School\backend)
2025-06-07 21:47:26,350 DEBUG o.s.b.StartupInfoLogger [main] Running with Spring Boot v3.3.12, Spring v6.1.20
2025-06-07 21:47:26,351 INFO o.s.b.SpringApplication [main] No active profile set, falling back to 1 default profile: "default"
2025-06-07 21:47:27,063 WARN o.s.c.s.AbstractApplicationContext [main] Exception encountered during context initialization - cancelling refresh attempt: org.springframework.beans.factory.BeanDefinitionStoreException: Failed to parse configuration class [com.school.management.SchoolManagementApplication]
2025-06-07 21:47:27,548 ERROR o.s.b.SpringApplication [main] Application run failed
org.springframework.beans.factory.BeanDefinitionStoreException: Failed to parse configuration class [com.school.management.SchoolManagementApplication]
	at org.springframework.context.annotation.ConfigurationClassParser.parse(ConfigurationClassParser.java:187)
	at org.springframework.context.annotation.ConfigurationClassPostProcessor.processConfigBeanDefinitions(ConfigurationClassPostProcessor.java:417)
	at org.springframework.context.annotation.ConfigurationClassPostProcessor.postProcessBeanDefinitionRegistry(ConfigurationClassPostProcessor.java:290)
	at org.springframework.context.support.PostProcessorRegistrationDelegate.invokeBeanDefinitionRegistryPostProcessors(PostProcessorRegistrationDelegate.java:349)
	at org.springframework.context.support.PostProcessorRegistrationDelegate.invokeBeanFactoryPostProcessors(PostProcessorRegistrationDelegate.java:118)
	at org.springframework.context.support.AbstractApplicationContext.invokeBeanFactoryPostProcessors(AbstractApplicationContext.java:789)
	at org.springframework.context.support.AbstractApplicationContext.refresh(AbstractApplicationContext.java:607)
	at org.springframework.boot.web.servlet.context.ServletWebServerApplicationContext.refresh(ServletWebServerApplicationContext.java:146)
	at org.springframework.boot.SpringApplication.refresh(SpringApplication.java:755)
	at org.springframework.boot.SpringApplication.refreshContext(SpringApplication.java:456)
	at org.springframework.boot.SpringApplication.run(SpringApplication.java:335)
	at org.springframework.boot.SpringApplication.run(SpringApplication.java:1364)
	at org.springframework.boot.SpringApplication.run(SpringApplication.java:1353)
	at com.school.management.SchoolManagementApplication.main(SchoolManagementApplication.java:11)
Caused by: org.springframework.context.annotation.ConflictingBeanDefinitionException: Annotation-specified bean name 'authenticationService' for bean class [com.school.security.AuthenticationService] conflicts with existing, non-compatible bean definition of same name and class [com.school.management.service.AuthenticationService]
	at org.springframework.context.annotation.ClassPathBeanDefinitionScanner.checkCandidate(ClassPathBeanDefinitionScanner.java:361)
	at org.springframework.context.annotation.ClassPathBeanDefinitionScanner.doScan(ClassPathBeanDefinitionScanner.java:288)
	at org.springframework.context.annotation.ComponentScanAnnotationParser.parse(ComponentScanAnnotationParser.java:128)
	at org.springframework.context.annotation.ConfigurationClassParser.doProcessConfigurationClass(ConfigurationClassParser.java:320)
	at org.springframework.context.annotation.ConfigurationClassParser.processConfigurationClass(ConfigurationClassParser.java:260)
	at org.springframework.context.annotation.ConfigurationClassParser.parse(ConfigurationClassParser.java:196)
	at org.springframework.context.annotation.ConfigurationClassParser.parse(ConfigurationClassParser.java:165)
	... 13 common frames omitted
2025-06-07 22:02:54,848 INFO o.h.v.i.u.Version [background-preinit] HV000001: Hibernate Validator 8.0.1.Final
2025-06-07 22:02:54,977 INFO o.s.b.StartupInfoLogger [main] Starting SchoolManagementApplication using Java 21.0.6 with PID 10712 (C:\Users\GLOBAL STORE\Documents\Primary-School\backend\build\classes\java\main started by GLOBAL STORE in C:\Users\GLOBAL STORE\Documents\Primary-School\backend)
2025-06-07 22:02:54,978 DEBUG o.s.b.StartupInfoLogger [main] Running with Spring Boot v3.3.12, Spring v6.1.20
2025-06-07 22:02:54,979 INFO o.s.b.SpringApplication [main] No active profile set, falling back to 1 default profile: "default"
2025-06-07 22:02:57,448 INFO o.s.d.r.c.RepositoryConfigurationDelegate [main] Multiple Spring Data modules found, entering strict repository configuration mode
2025-06-07 22:02:57,452 INFO o.s.d.r.c.RepositoryConfigurationDelegate [main] Bootstrapping Spring Data JPA repositories in DEFAULT mode.
2025-06-07 22:02:57,950 INFO o.s.d.r.c.RepositoryConfigurationDelegate [main] Finished Spring Data repository scanning in 483 ms. Found 22 JPA repository interfaces.
2025-06-07 22:02:57,980 INFO o.s.d.r.c.RepositoryConfigurationDelegate [main] Multiple Spring Data modules found, entering strict repository configuration mode
2025-06-07 22:02:57,983 INFO o.s.d.r.c.RepositoryConfigurationDelegate [main] Bootstrapping Spring Data Redis repositories in DEFAULT mode.
2025-06-07 22:02:58,026 INFO o.s.d.r.c.RepositoryConfigurationExtensionSupport [main] Spring Data Redis - Could not safely identify store assignment for repository candidate interface com.school.management.repository.AffectationRepository; If you want this repository to be a Redis repository, consider annotating your entities with one of these annotations: org.springframework.data.redis.core.RedisHash (preferred), or consider extending one of the following types with your repository: org.springframework.data.keyvalue.repository.KeyValueRepository
2025-06-07 22:02:58,026 INFO o.s.d.r.c.RepositoryConfigurationExtensionSupport [main] Spring Data Redis - Could not safely identify store assignment for repository candidate interface com.school.management.repository.AnneeScolaireRepository; If you want this repository to be a Redis repository, consider annotating your entities with one of these annotations: org.springframework.data.redis.core.RedisHash (preferred), or consider extending one of the following types with your repository: org.springframework.data.keyvalue.repository.KeyValueRepository
2025-06-07 22:02:58,027 INFO o.s.d.r.c.RepositoryConfigurationExtensionSupport [main] Spring Data Redis - Could not safely identify store assignment for repository candidate interface com.school.management.repository.ClasseRepository; If you want this repository to be a Redis repository, consider annotating your entities with one of these annotations: org.springframework.data.redis.core.RedisHash (preferred), or consider extending one of the following types with your repository: org.springframework.data.keyvalue.repository.KeyValueRepository
2025-06-07 22:02:58,028 INFO o.s.d.r.c.RepositoryConfigurationExtensionSupport [main] Spring Data Redis - Could not safely identify store assignment for repository candidate interface com.school.management.repository.ClassRepository; If you want this repository to be a Redis repository, consider annotating your entities with one of these annotations: org.springframework.data.redis.core.RedisHash (preferred), or consider extending one of the following types with your repository: org.springframework.data.keyvalue.repository.KeyValueRepository
2025-06-07 22:02:58,029 INFO o.s.d.r.c.RepositoryConfigurationExtensionSupport [main] Spring Data Redis - Could not safely identify store assignment for repository candidate interface com.school.management.repository.DocumentRepository; If you want this repository to be a Redis repository, consider annotating your entities with one of these annotations: org.springframework.data.redis.core.RedisHash (preferred), or consider extending one of the following types with your repository: org.springframework.data.keyvalue.repository.KeyValueRepository
2025-06-07 22:02:58,029 INFO o.s.d.r.c.RepositoryConfigurationExtensionSupport [main] Spring Data Redis - Could not safely identify store assignment for repository candidate interface com.school.management.repository.EleveRepository; If you want this repository to be a Redis repository, consider annotating your entities with one of these annotations: org.springframework.data.redis.core.RedisHash (preferred), or consider extending one of the following types with your repository: org.springframework.data.keyvalue.repository.KeyValueRepository
2025-06-07 22:02:58,029 INFO o.s.d.r.c.RepositoryConfigurationExtensionSupport [main] Spring Data Redis - Could not safely identify store assignment for repository candidate interface com.school.management.repository.EnseignantRepository; If you want this repository to be a Redis repository, consider annotating your entities with one of these annotations: org.springframework.data.redis.core.RedisHash (preferred), or consider extending one of the following types with your repository: org.springframework.data.keyvalue.repository.KeyValueRepository
2025-06-07 22:02:58,030 INFO o.s.d.r.c.RepositoryConfigurationExtensionSupport [main] Spring Data Redis - Could not safely identify store assignment for repository candidate interface com.school.management.repository.GradeRepository; If you want this repository to be a Redis repository, consider annotating your entities with one of these annotations: org.springframework.data.redis.core.RedisHash (preferred), or consider extending one of the following types with your repository: org.springframework.data.keyvalue.repository.KeyValueRepository
2025-06-07 22:02:58,030 INFO o.s.d.r.c.RepositoryConfigurationExtensionSupport [main] Spring Data Redis - Could not safely identify store assignment for repository candidate interface com.school.management.repository.LogActiviteRepository; If you want this repository to be a Redis repository, consider annotating your entities with one of these annotations: org.springframework.data.redis.core.RedisHash (preferred), or consider extending one of the following types with your repository: org.springframework.data.keyvalue.repository.KeyValueRepository
2025-06-07 22:02:58,031 INFO o.s.d.r.c.RepositoryConfigurationExtensionSupport [main] Spring Data Redis - Could not safely identify store assignment for repository candidate interface com.school.management.repository.MatiereRepository; If you want this repository to be a Redis repository, consider annotating your entities with one of these annotations: org.springframework.data.redis.core.RedisHash (preferred), or consider extending one of the following types with your repository: org.springframework.data.keyvalue.repository.KeyValueRepository
2025-06-07 22:02:58,032 INFO o.s.d.r.c.RepositoryConfigurationExtensionSupport [main] Spring Data Redis - Could not safely identify store assignment for repository candidate interface com.school.management.repository.NoteRepository; If you want this repository to be a Redis repository, consider annotating your entities with one of these annotations: org.springframework.data.redis.core.RedisHash (preferred), or consider extending one of the following types with your repository: org.springframework.data.keyvalue.repository.KeyValueRepository
2025-06-07 22:02:58,032 INFO o.s.d.r.c.RepositoryConfigurationExtensionSupport [main] Spring Data Redis - Could not safely identify store assignment for repository candidate interface com.school.management.repository.NotificationRepository; If you want this repository to be a Redis repository, consider annotating your entities with one of these annotations: org.springframework.data.redis.core.RedisHash (preferred), or consider extending one of the following types with your repository: org.springframework.data.keyvalue.repository.KeyValueRepository
2025-06-07 22:02:58,033 INFO o.s.d.r.c.RepositoryConfigurationExtensionSupport [main] Spring Data Redis - Could not safely identify store assignment for repository candidate interface com.school.management.repository.PaiementRepository; If you want this repository to be a Redis repository, consider annotating your entities with one of these annotations: org.springframework.data.redis.core.RedisHash (preferred), or consider extending one of the following types with your repository: org.springframework.data.keyvalue.repository.KeyValueRepository
2025-06-07 22:02:58,033 INFO o.s.d.r.c.RepositoryConfigurationExtensionSupport [main] Spring Data Redis - Could not safely identify store assignment for repository candidate interface com.school.management.repository.ProfilUtilisateurRepository; If you want this repository to be a Redis repository, consider annotating your entities with one of these annotations: org.springframework.data.redis.core.RedisHash (preferred), or consider extending one of the following types with your repository: org.springframework.data.keyvalue.repository.KeyValueRepository
2025-06-07 22:02:58,034 INFO o.s.d.r.c.RepositoryConfigurationExtensionSupport [main] Spring Data Redis - Could not safely identify store assignment for repository candidate interface com.school.management.repository.RoleRepository; If you want this repository to be a Redis repository, consider annotating your entities with one of these annotations: org.springframework.data.redis.core.RedisHash (preferred), or consider extending one of the following types with your repository: org.springframework.data.keyvalue.repository.KeyValueRepository
2025-06-07 22:02:58,035 INFO o.s.d.r.c.RepositoryConfigurationExtensionSupport [main] Spring Data Redis - Could not safely identify store assignment for repository candidate interface com.school.management.repository.SectionRepository; If you want this repository to be a Redis repository, consider annotating your entities with one of these annotations: org.springframework.data.redis.core.RedisHash (preferred), or consider extending one of the following types with your repository: org.springframework.data.keyvalue.repository.KeyValueRepository
2025-06-07 22:02:58,035 INFO o.s.d.r.c.RepositoryConfigurationExtensionSupport [main] Spring Data Redis - Could not safely identify store assignment for repository candidate interface com.school.management.repository.SequenceRepository; If you want this repository to be a Redis repository, consider annotating your entities with one of these annotations: org.springframework.data.redis.core.RedisHash (preferred), or consider extending one of the following types with your repository: org.springframework.data.keyvalue.repository.KeyValueRepository
2025-06-07 22:02:58,036 INFO o.s.d.r.c.RepositoryConfigurationExtensionSupport [main] Spring Data Redis - Could not safely identify store assignment for repository candidate interface com.school.management.repository.StatutAnneeRepository; If you want this repository to be a Redis repository, consider annotating your entities with one of these annotations: org.springframework.data.redis.core.RedisHash (preferred), or consider extending one of the following types with your repository: org.springframework.data.keyvalue.repository.KeyValueRepository
2025-06-07 22:02:58,037 INFO o.s.d.r.c.RepositoryConfigurationExtensionSupport [main] Spring Data Redis - Could not safely identify store assignment for repository candidate interface com.school.management.repository.StudentRepository; If you want this repository to be a Redis repository, consider annotating your entities with one of these annotations: org.springframework.data.redis.core.RedisHash (preferred), or consider extending one of the following types with your repository: org.springframework.data.keyvalue.repository.KeyValueRepository
2025-06-07 22:02:58,037 INFO o.s.d.r.c.RepositoryConfigurationExtensionSupport [main] Spring Data Redis - Could not safely identify store assignment for repository candidate interface com.school.management.repository.TrimestreRepository; If you want this repository to be a Redis repository, consider annotating your entities with one of these annotations: org.springframework.data.redis.core.RedisHash (preferred), or consider extending one of the following types with your repository: org.springframework.data.keyvalue.repository.KeyValueRepository
2025-06-07 22:02:58,037 INFO o.s.d.r.c.RepositoryConfigurationExtensionSupport [main] Spring Data Redis - Could not safely identify store assignment for repository candidate interface com.school.management.repository.TypeAffectationRepository; If you want this repository to be a Redis repository, consider annotating your entities with one of these annotations: org.springframework.data.redis.core.RedisHash (preferred), or consider extending one of the following types with your repository: org.springframework.data.keyvalue.repository.KeyValueRepository
2025-06-07 22:02:58,038 INFO o.s.d.r.c.RepositoryConfigurationExtensionSupport [main] Spring Data Redis - Could not safely identify store assignment for repository candidate interface com.school.management.repository.UtilisateurRepository; If you want this repository to be a Redis repository, consider annotating your entities with one of these annotations: org.springframework.data.redis.core.RedisHash (preferred), or consider extending one of the following types with your repository: org.springframework.data.keyvalue.repository.KeyValueRepository
2025-06-07 22:02:58,038 INFO o.s.d.r.c.RepositoryConfigurationDelegate [main] Finished Spring Data repository scanning in 32 ms. Found 0 Redis repository interfaces.
2025-06-07 22:02:59,912 INFO o.s.b.w.e.t.TomcatWebServer [main] Tomcat initialized with port 8080 (http)
2025-06-07 22:02:59,942 INFO o.a.j.l.DirectJDKLog [main] Initializing ProtocolHandler ["http-nio-8080"]
2025-06-07 22:02:59,946 INFO o.a.j.l.DirectJDKLog [main] Starting service [Tomcat]
2025-06-07 22:02:59,946 INFO o.a.j.l.DirectJDKLog [main] Starting Servlet engine: [Apache Tomcat/10.1.41]
2025-06-07 22:03:00,047 INFO o.a.j.l.DirectJDKLog [main] Initializing Spring embedded WebApplicationContext
2025-06-07 22:03:00,049 INFO o.s.b.w.s.c.ServletWebServerApplicationContext [main] Root WebApplicationContext: initialization completed in 4973 ms
2025-06-07 22:03:00,650 INFO o.h.j.i.u.LogHelper [main] HHH000204: Processing PersistenceUnitInfo [name: default]
2025-06-07 22:03:00,837 INFO o.h.Version [main] HHH000412: Hibernate ORM core version 6.5.3.Final
2025-06-07 22:03:00,935 INFO o.h.c.i.RegionFactoryInitiator [main] HHH000026: Second-level cache disabled
2025-06-07 22:03:01,721 INFO o.s.o.j.p.SpringPersistenceUnitInfo [main] No LoadTimeWeaver setup: ignoring JPA class transformer
2025-06-07 22:03:01,796 INFO c.z.h.HikariDataSource [main] HikariPool-1 - Starting...
2025-06-07 22:03:02,278 INFO c.z.h.p.HikariPool [main] HikariPool-1 - Added connection conn0: url=jdbc:h2:mem:testdb user=SA
2025-06-07 22:03:02,281 INFO c.z.h.HikariDataSource [main] HikariPool-1 - Start completed.
2025-06-07 22:03:02,483 WARN o.h.e.j.d.i.DialectFactoryImpl [main] HHH90000025: H2Dialect does not need to be specified explicitly using 'hibernate.dialect' (remove the property setting and it will be selected by default)
2025-06-07 22:03:05,373 INFO o.h.e.t.j.p.i.JtaPlatformInitiator [main] HHH000489: No JTA platform available (set 'hibernate.transaction.jta.platform' to enable JTA platform integration)
2025-06-07 22:03:05,410 DEBUG o.h.e.j.s.SqlStatementLogger [main] 
    drop table if exists "affectation" cascade 
2025-06-07 22:03:05,417 DEBUG o.h.e.j.s.SqlStatementLogger [main] 
    drop table if exists "annee_scolaire" cascade 
2025-06-07 22:03:05,417 DEBUG o.h.e.j.s.SqlStatementLogger [main] 
    drop table if exists "classes" cascade 
2025-06-07 22:03:05,418 DEBUG o.h.e.j.s.SqlStatementLogger [main] 
    drop table if exists "document" cascade 
2025-06-07 22:03:05,418 DEBUG o.h.e.j.s.SqlStatementLogger [main] 
    drop table if exists "eleve" cascade 
2025-06-07 22:03:05,419 DEBUG o.h.e.j.s.SqlStatementLogger [main] 
    drop table if exists "enseignant" cascade 
2025-06-07 22:03:05,419 DEBUG o.h.e.j.s.SqlStatementLogger [main] 
    drop table if exists "grade" cascade 
2025-06-07 22:03:05,419 DEBUG o.h.e.j.s.SqlStatementLogger [main] 
    drop table if exists "log_activite" cascade 
2025-06-07 22:03:05,420 DEBUG o.h.e.j.s.SqlStatementLogger [main] 
    drop table if exists "matiere" cascade 
2025-06-07 22:03:05,421 DEBUG o.h.e.j.s.SqlStatementLogger [main] 
    drop table if exists "note" cascade 
2025-06-07 22:03:05,422 DEBUG o.h.e.j.s.SqlStatementLogger [main] 
    drop table if exists "notifications" cascade 
2025-06-07 22:03:05,423 DEBUG o.h.e.j.s.SqlStatementLogger [main] 
    drop table if exists "paiements" cascade 
2025-06-07 22:03:05,423 DEBUG o.h.e.j.s.SqlStatementLogger [main] 
    drop table if exists "parents" cascade 
2025-06-07 22:03:05,423 DEBUG o.h.e.j.s.SqlStatementLogger [main] 
    drop table if exists "profil_utilisateur" cascade 
2025-06-07 22:03:05,424 DEBUG o.h.e.j.s.SqlStatementLogger [main] 
    drop table if exists "role" cascade 
2025-06-07 22:03:05,424 DEBUG o.h.e.j.s.SqlStatementLogger [main] 
    drop table if exists "sections" cascade 
2025-06-07 22:03:05,425 DEBUG o.h.e.j.s.SqlStatementLogger [main] 
    drop table if exists "sequence" cascade 
2025-06-07 22:03:05,425 DEBUG o.h.e.j.s.SqlStatementLogger [main] 
    drop table if exists "statut_annee" cascade 
2025-06-07 22:03:05,426 DEBUG o.h.e.j.s.SqlStatementLogger [main] 
    drop table if exists "student_progress_report" cascade 
2025-06-07 22:03:05,427 DEBUG o.h.e.j.s.SqlStatementLogger [main] 
    drop table if exists "students" cascade 
2025-06-07 22:03:05,427 DEBUG o.h.e.j.s.SqlStatementLogger [main] 
    drop table if exists "subject" cascade 
2025-06-07 22:03:05,428 DEBUG o.h.e.j.s.SqlStatementLogger [main] 
    drop table if exists "trimestre" cascade 
2025-06-07 22:03:05,428 DEBUG o.h.e.j.s.SqlStatementLogger [main] 
    drop table if exists "type_affectation" cascade 
2025-06-07 22:03:05,429 DEBUG o.h.e.j.s.SqlStatementLogger [main] 
    drop table if exists "utilisateur" cascade 
2025-06-07 22:03:05,441 DEBUG o.h.e.j.s.SqlStatementLogger [main] 
    create table "affectation" (
        "date_debut" date,
        "date_fin" date,
        "annee_scolaire_id" bigint not null,
        "classe_id" bigint not null,
        "created_at" timestamp(6),
        "enseignant_id" bigint not null,
        "id" bigint generated by default as identity,
        "matiere_id" bigint not null,
        "updated_at" timestamp(6),
        "type_code" varchar(20) not null,
        primary key ("id")
    )
2025-06-07 22:03:05,456 DEBUG o.h.e.j.s.SqlStatementLogger [main] 
    create table "annee_scolaire" (
        "date_debut" date not null,
        "date_fin" date not null,
        "created_at" timestamp(6),
        "id" bigint generated by default as identity,
        "updated_at" timestamp(6),
        "statut_code" varchar(20) not null,
        "libelle" varchar(50) not null,
        primary key ("id")
    )
2025-06-07 22:03:05,458 DEBUG o.h.e.j.s.SqlStatementLogger [main] 
    create table "classes" (
        "actif" boolean,
        "capacite" integer,
        "created_at" timestamp(6),
        "id" bigint generated by default as identity,
        "updated_at" timestamp(6),
        "annee_scolaire" varchar(9) not null,
        "niveau" varchar(50) not null,
        "nom" varchar(100) not null,
        "description" varchar(500),
        primary key ("id")
    )
2025-06-07 22:03:05,461 DEBUG o.h.e.j.s.SqlStatementLogger [main] 
    create table "document" (
        "date_ajout" timestamp(6),
        "eleve_id" bigint,
        "id" bigint generated by default as identity,
        "chemin_fichier" varchar(255) not null,
        "type_document" enum ('AUTRE','BULLETIN','RECU') not null,
        primary key ("id")
    )
2025-06-07 22:03:05,465 DEBUG o.h.e.j.s.SqlStatementLogger [main] 
    create table "eleve" (
        "actif" boolean,
        "date_naissance" date,
        "classe_id" bigint,
        "created_at" timestamp(6),
        "date_inscription" timestamp(6),
        "id" bigint generated by default as identity,
        "parent_id" bigint,
        "section_id" bigint,
        "updated_at" timestamp(6),
        "genre" varchar(20),
        "email" varchar(100) not null unique,
        "nom" varchar(100) not null,
        "prenom" varchar(100) not null,
        "adresse" varchar(200),
        primary key ("id")
    )
2025-06-07 22:03:05,474 DEBUG o.h.e.j.s.SqlStatementLogger [main] 
    create table "enseignant" (
        "actif" boolean,
        "created_at" timestamp(6),
        "date_embauche" timestamp(6),
        "id" bigint generated by default as identity,
        "section_id" bigint,
        "updated_at" timestamp(6),
        "telephone" varchar(20),
        "niveau" varchar(50),
        "email" varchar(100) not null unique,
        "nom" varchar(100) not null,
        "prenom" varchar(100) not null,
        "specialite" varchar(100),
        primary key ("id")
    )
2025-06-07 22:03:05,478 DEBUG o.h.e.j.s.SqlStatementLogger [main] 
    create table "grade" (
        "grade" float(53) not null,
        "created_at" timestamp(6),
        "id" bigint generated by default as identity,
        "student_id" bigint not null,
        "subject_id" bigint not null,
        "updated_at" timestamp(6),
        "period" varchar(20) not null,
        "comments" varchar(500),
        primary key ("id")
    )
2025-06-07 22:03:05,480 DEBUG o.h.e.j.s.SqlStatementLogger [main] 
    create table "log_activite" (
        "date_action" timestamp(6),
        "id" bigint generated by default as identity,
        "reference_id" bigint,
        "utilisateur_id" bigint not null,
        "ip_adresse" varchar(45),
        "table_cible" varchar(100),
        "action" varchar(255) not null,
        primary key ("id")
    )
2025-06-07 22:03:05,483 DEBUG o.h.e.j.s.SqlStatementLogger [main] 
    create table "matiere" (
        "coefficient" numeric(5,2) not null,
        "created_at" timestamp(6),
        "id" bigint generated by default as identity,
        "updated_at" timestamp(6),
        "nom" varchar(100) not null,
        primary key ("id")
    )
2025-06-07 22:03:05,488 DEBUG o.h.e.j.s.SqlStatementLogger [main] 
    create table "note" (
        "note" numeric(5,2) not null,
        "created_at" timestamp(6) not null,
        "eleve_id" bigint not null,
        "id" bigint generated by default as identity,
        "matiere_id" bigint not null,
        "sequence_id" bigint not null,
        "trimestre_id" bigint,
        "updated_at" timestamp(6),
        "commentaire" varchar(255),
        primary key ("id")
    )
2025-06-07 22:03:05,497 DEBUG o.h.e.j.s.SqlStatementLogger [main] 
    create table "notifications" (
        "read" boolean,
        "created_at" timestamp(6),
        "id" bigint generated by default as identity,
        "user_id" bigint,
        "message" varchar(255) not null,
        primary key ("id")
    )
2025-06-07 22:03:05,503 DEBUG o.h.e.j.s.SqlStatementLogger [main] 
    create table "paiements" (
        "date_paiement" date,
        "montant" numeric(38,2) not null,
        "eleve_id" bigint not null,
        "id" bigint generated by default as identity,
        "description" varchar(255),
        "type_paiement" varchar(255),
        primary key ("id")
    )
2025-06-07 22:03:05,507 DEBUG o.h.e.j.s.SqlStatementLogger [main] 
    create table "parents" (
        "id" bigint generated by default as identity,
        "adresse" varchar(255),
        "email" varchar(255) unique,
        "nom" varchar(255) not null,
        "prenom" varchar(255) not null,
        "profession" varchar(255),
        "telephone" varchar(255),
        primary key ("id")
    )
2025-06-07 22:03:05,511 DEBUG o.h.e.j.s.SqlStatementLogger [main] 
    create table "profil_utilisateur" (
        "created_at" timestamp(6),
        "id" bigint generated by default as identity,
        "reference_id" bigint not null,
        "updated_at" timestamp(6),
        "utilisateur_id" bigint not null,
        "type_personne" enum ('AGENT','ELEVE','ENSEIGNANT','PARENT') not null,
        primary key ("id")
    )
2025-06-07 22:03:05,514 DEBUG o.h.e.j.s.SqlStatementLogger [main] 
    create table "role" (
        "id" bigint generated by default as identity,
        "libelle" varchar(50) not null unique,
        primary key ("id")
    )
2025-06-07 22:03:05,518 DEBUG o.h.e.j.s.SqlStatementLogger [main] 
    create table "sections" (
        "id" bigint generated by default as identity,
        "description" varchar(255),
        "nom" varchar(255) not null,
        primary key ("id")
    )
2025-06-07 22:03:05,521 DEBUG o.h.e.j.s.SqlStatementLogger [main] 
    create table "sequence" (
        "numero" integer not null,
        "created_at" timestamp(6),
        "id" bigint generated by default as identity,
        "trimestre_id" bigint not null,
        "updated_at" timestamp(6),
        "libelle" varchar(50) not null,
        primary key ("id")
    )
2025-06-07 22:03:05,525 DEBUG o.h.e.j.s.SqlStatementLogger [main] 
    create table "statut_annee" (
        "code" varchar(20) not null,
        "libelle" varchar(100) not null,
        primary key ("code")
    )
2025-06-07 22:03:05,530 DEBUG o.h.e.j.s.SqlStatementLogger [main] 
    create table "student_progress_report" (
        "attendance_rate" float(53),
        "average_grade" float(53),
        "created_at" timestamp(6),
        "id" bigint generated by default as identity,
        "student_id" bigint not null,
        "updated_at" timestamp(6),
        "period" varchar(20) not null,
        "comments" varchar(1000),
        primary key ("id")
    )
2025-06-07 22:03:05,533 DEBUG o.h.e.j.s.SqlStatementLogger [main] 
    create table "students" (
        "actif" boolean,
        "date_naissance" date not null,
        "genre" varchar(1),
        "classe_id" bigint,
        "created_at" timestamp(6),
        "date_inscription" timestamp(6) not null,
        "id" bigint generated by default as identity,
        "section_id" bigint,
        "updated_at" timestamp(6),
        "telephone" varchar(20),
        "section_name" varchar(50),
        "email" varchar(100) not null unique,
        "nom" varchar(100) not null,
        "nom_classe" varchar(100),
        "nom_parent" varchar(100),
        "prenom" varchar(100) not null,
        "adresse" varchar(200),
        primary key ("id")
    )
2025-06-07 22:03:05,537 DEBUG o.h.e.j.s.SqlStatementLogger [main] 
    create table "subject" (
        "actif" boolean,
        "coefficient" integer,
        "created_at" timestamp(6),
        "id" bigint generated by default as identity,
        "updated_at" timestamp(6),
        "code" varchar(20) not null unique,
        "nom" varchar(100) not null,
        "description" varchar(500),
        primary key ("id")
    )
2025-06-07 22:03:05,543 DEBUG o.h.e.j.s.SqlStatementLogger [main] 
    create table "trimestre" (
        "numero" integer not null,
        "annee_scolaire_id" bigint not null,
        "created_at" timestamp(6),
        "id" bigint generated by default as identity,
        "updated_at" timestamp(6),
        "libelle" varchar(50) not null,
        primary key ("id")
    )
2025-06-07 22:03:05,546 DEBUG o.h.e.j.s.SqlStatementLogger [main] 
    create table "type_affectation" (
        "code" varchar(20) not null,
        "libelle" varchar(100) not null,
        primary key ("code")
    )
2025-06-07 22:03:05,549 DEBUG o.h.e.j.s.SqlStatementLogger [main] 
    create table "utilisateur" (
        "actif" boolean,
        "created_at" timestamp(6),
        "id" bigint generated by default as identity,
        "last_login" timestamp(6),
        "role_id" bigint not null,
        "updated_at" timestamp(6),
        "email" varchar(100) not null unique,
        "nom" varchar(100) not null,
        "mot_de_passe" varchar(255) not null,
        "reset_token" varchar(255),
        "type_personne" enum ('ADMIN','AGENT','ELEVE','ENSEIGNANT','PARENT') not null,
        primary key ("id")
    )
2025-06-07 22:03:05,559 DEBUG o.h.e.j.s.SqlStatementLogger [main] 
    alter table if exists "affectation" 
       add constraint "FK9eu96qf7kye9sf1pmecfd0yfm" 
       foreign key ("annee_scolaire_id") 
       references "annee_scolaire"
2025-06-07 22:03:05,606 DEBUG o.h.e.j.s.SqlStatementLogger [main] 
    alter table if exists "affectation" 
       add constraint "FKpe0bo22qt45crdtir2olejjyg" 
       foreign key ("classe_id") 
       references "classes"
2025-06-07 22:03:05,612 DEBUG o.h.e.j.s.SqlStatementLogger [main] 
    alter table if exists "affectation" 
       add constraint "FK3av7c7bm789r6knql1ykv0iuh" 
       foreign key ("enseignant_id") 
       references "enseignant"
2025-06-07 22:03:05,615 DEBUG o.h.e.j.s.SqlStatementLogger [main] 
    alter table if exists "affectation" 
       add constraint "FKbd6pqb4xm1b2f6dsjng6t9vy1" 
       foreign key ("matiere_id") 
       references "matiere"
2025-06-07 22:03:05,619 DEBUG o.h.e.j.s.SqlStatementLogger [main] 
    alter table if exists "document" 
       add constraint "FK4uxipd5g6ulta9p7gt3992osv" 
       foreign key ("eleve_id") 
       references "eleve"
2025-06-07 22:03:05,622 DEBUG o.h.e.j.s.SqlStatementLogger [main] 
    alter table if exists "eleve" 
       add constraint "FKak1ytyiywaoq3w1wjuwpdu81p" 
       foreign key ("classe_id") 
       references "classes"
2025-06-07 22:03:05,630 DEBUG o.h.e.j.s.SqlStatementLogger [main] 
    alter table if exists "eleve" 
       add constraint "FK31spnejrvma8oawmo11nku169" 
       foreign key ("parent_id") 
       references "parents"
2025-06-07 22:03:05,636 DEBUG o.h.e.j.s.SqlStatementLogger [main] 
    alter table if exists "eleve" 
       add constraint "FKfpstf9bai3b6n4qu9wsx077ja" 
       foreign key ("section_id") 
       references "sections"
2025-06-07 22:03:05,643 DEBUG o.h.e.j.s.SqlStatementLogger [main] 
    alter table if exists "enseignant" 
       add constraint "FKh4do9onk9pwd1p5hpdl2jlvsw" 
       foreign key ("section_id") 
       references "sections"
2025-06-07 22:03:05,646 DEBUG o.h.e.j.s.SqlStatementLogger [main] 
    alter table if exists "grade" 
       add constraint "FKipf4njw2w6vostd6y4ti401mm" 
       foreign key ("student_id") 
       references "utilisateur"
2025-06-07 22:03:05,649 DEBUG o.h.e.j.s.SqlStatementLogger [main] 
    alter table if exists "grade" 
       add constraint "FKga475phybm7f4xh2qgjlm4tef" 
       foreign key ("subject_id") 
       references "subject"
2025-06-07 22:03:05,652 DEBUG o.h.e.j.s.SqlStatementLogger [main] 
    alter table if exists "log_activite" 
       add constraint "FKrfsnh1x7lprexosg0odve3edk" 
       foreign key ("utilisateur_id") 
       references "utilisateur"
2025-06-07 22:03:05,659 DEBUG o.h.e.j.s.SqlStatementLogger [main] 
    alter table if exists "note" 
       add constraint "FKckjcf0lcp26yn81tkbiyyvpxs" 
       foreign key ("eleve_id") 
       references "eleve"
2025-06-07 22:03:05,661 DEBUG o.h.e.j.s.SqlStatementLogger [main] 
    alter table if exists "note" 
       add constraint "FKce6fgrwojbdjuyfobkryhsubc" 
       foreign key ("matiere_id") 
       references "matiere"
2025-06-07 22:03:05,666 DEBUG o.h.e.j.s.SqlStatementLogger [main] 
    alter table if exists "note" 
       add constraint "FKnx3h3lbhngn4he4lrc8ylhrxh" 
       foreign key ("sequence_id") 
       references "sequence"
2025-06-07 22:03:05,669 DEBUG o.h.e.j.s.SqlStatementLogger [main] 
    alter table if exists "note" 
       add constraint "FKsq8sa1xg25htraxpx0ylx3lgk" 
       foreign key ("trimestre_id") 
       references "trimestre"
2025-06-07 22:03:05,682 DEBUG o.h.e.j.s.SqlStatementLogger [main] 
    alter table if exists "paiements" 
       add constraint "FKafefes0eqpleg9i7g6mvt6xhh" 
       foreign key ("eleve_id") 
       references "eleve"
2025-06-07 22:03:05,684 DEBUG o.h.e.j.s.SqlStatementLogger [main] 
    alter table if exists "profil_utilisateur" 
       add constraint "FK177de5xq3y87tjxuwctokx341" 
       foreign key ("utilisateur_id") 
       references "utilisateur"
2025-06-07 22:03:05,687 DEBUG o.h.e.j.s.SqlStatementLogger [main] 
    alter table if exists "sequence" 
       add constraint "FKclybiy2bjbpf0ejgg6rq51ynf" 
       foreign key ("trimestre_id") 
       references "trimestre"
2025-06-07 22:03:05,691 DEBUG o.h.e.j.s.SqlStatementLogger [main] 
    alter table if exists "student_progress_report" 
       add constraint "FK1u5j5o832a13lgcq3foy1g3rr" 
       foreign key ("student_id") 
       references "utilisateur"
2025-06-07 22:03:05,693 DEBUG o.h.e.j.s.SqlStatementLogger [main] 
    alter table if exists "students" 
       add constraint "FKtb9nirq953dcf0onxisl98ni1" 
       foreign key ("classe_id") 
       references "classes"
2025-06-07 22:03:05,694 DEBUG o.h.e.j.s.SqlStatementLogger [main] 
    alter table if exists "students" 
       add constraint "FKgkvw6901117nqyb8tyx3gmpk5" 
       foreign key ("section_id") 
       references "sections"
2025-06-07 22:03:05,697 DEBUG o.h.e.j.s.SqlStatementLogger [main] 
    alter table if exists "trimestre" 
       add constraint "FKql50yxg7ydwdp4uom1mltlbkr" 
       foreign key ("annee_scolaire_id") 
       references "annee_scolaire"
2025-06-07 22:03:05,699 DEBUG o.h.e.j.s.SqlStatementLogger [main] 
    alter table if exists "utilisateur" 
       add constraint "FKmjx8u4qqtx1pp4g0tpmuf3yb9" 
       foreign key ("role_id") 
       references "role"
2025-06-07 22:03:05,716 INFO o.s.o.j.AbstractEntityManagerFactoryBean [main] Initialized JPA EntityManagerFactory for persistence unit 'default'
2025-06-07 22:03:05,744 WARN o.s.c.s.AbstractApplicationContext [main] Exception encountered during context initialization - cancelling refresh attempt: org.springframework.beans.factory.UnsatisfiedDependencyException: Error creating bean with name 'securityConfig' defined in file [C:\Users\GLOBAL STORE\Documents\Primary-School\backend\build\classes\java\main\com\school\management\config\SecurityConfig.class]: Unsatisfied dependency expressed through constructor parameter 0: No qualifying bean of type 'com.school.security.JwtAuthenticationFilter' available: expected at least 1 bean which qualifies as autowire candidate. Dependency annotations: {}
2025-06-07 22:03:05,744 INFO o.s.o.j.AbstractEntityManagerFactoryBean [main] Closing JPA EntityManagerFactory for persistence unit 'default'
2025-06-07 22:03:05,746 DEBUG o.h.e.j.s.SqlStatementLogger [main] 
    drop table if exists "affectation" cascade 
2025-06-07 22:03:05,750 DEBUG o.h.e.j.s.SqlStatementLogger [main] 
    drop table if exists "annee_scolaire" cascade 
2025-06-07 22:03:05,751 DEBUG o.h.e.j.s.SqlStatementLogger [main] 
    drop table if exists "classes" cascade 
2025-06-07 22:03:05,753 DEBUG o.h.e.j.s.SqlStatementLogger [main] 
    drop table if exists "document" cascade 
2025-06-07 22:03:05,763 DEBUG o.h.e.j.s.SqlStatementLogger [main] 
    drop table if exists "eleve" cascade 
2025-06-07 22:03:05,766 DEBUG o.h.e.j.s.SqlStatementLogger [main] 
    drop table if exists "enseignant" cascade 
2025-06-07 22:03:05,767 DEBUG o.h.e.j.s.SqlStatementLogger [main] 
    drop table if exists "grade" cascade 
2025-06-07 22:03:05,768 DEBUG o.h.e.j.s.SqlStatementLogger [main] 
    drop table if exists "log_activite" cascade 
2025-06-07 22:03:05,771 DEBUG o.h.e.j.s.SqlStatementLogger [main] 
    drop table if exists "matiere" cascade 
2025-06-07 22:03:05,772 DEBUG o.h.e.j.s.SqlStatementLogger [main] 
    drop table if exists "note" cascade 
2025-06-07 22:03:05,774 DEBUG o.h.e.j.s.SqlStatementLogger [main] 
    drop table if exists "notifications" cascade 
2025-06-07 22:03:05,776 DEBUG o.h.e.j.s.SqlStatementLogger [main] 
    drop table if exists "paiements" cascade 
2025-06-07 22:03:05,778 DEBUG o.h.e.j.s.SqlStatementLogger [main] 
    drop table if exists "parents" cascade 
2025-06-07 22:03:05,781 DEBUG o.h.e.j.s.SqlStatementLogger [main] 
    drop table if exists "profil_utilisateur" cascade 
2025-06-07 22:03:05,782 DEBUG o.h.e.j.s.SqlStatementLogger [main] 
    drop table if exists "role" cascade 
2025-06-07 22:03:05,783 DEBUG o.h.e.j.s.SqlStatementLogger [main] 
    drop table if exists "sections" cascade 
2025-06-07 22:03:05,784 DEBUG o.h.e.j.s.SqlStatementLogger [main] 
    drop table if exists "sequence" cascade 
2025-06-07 22:03:05,785 DEBUG o.h.e.j.s.SqlStatementLogger [main] 
    drop table if exists "statut_annee" cascade 
2025-06-07 22:03:05,788 DEBUG o.h.e.j.s.SqlStatementLogger [main] 
    drop table if exists "student_progress_report" cascade 
2025-06-07 22:03:05,791 DEBUG o.h.e.j.s.SqlStatementLogger [main] 
    drop table if exists "students" cascade 
2025-06-07 22:03:05,792 DEBUG o.h.e.j.s.SqlStatementLogger [main] 
    drop table if exists "subject" cascade 
2025-06-07 22:03:05,793 DEBUG o.h.e.j.s.SqlStatementLogger [main] 
    drop table if exists "trimestre" cascade 
2025-06-07 22:03:05,793 DEBUG o.h.e.j.s.SqlStatementLogger [main] 
    drop table if exists "type_affectation" cascade 
2025-06-07 22:03:05,794 DEBUG o.h.e.j.s.SqlStatementLogger [main] 
    drop table if exists "utilisateur" cascade 
2025-06-07 22:03:05,801 INFO c.z.h.HikariDataSource [main] HikariPool-1 - Shutdown initiated...
2025-06-07 22:03:05,807 INFO c.z.h.HikariDataSource [main] HikariPool-1 - Shutdown completed.
2025-06-07 22:03:05,809 INFO o.a.j.l.DirectJDKLog [main] Stopping service [Tomcat]
2025-06-07 22:03:05,864 INFO o.s.b.a.l.ConditionEvaluationReportLogger [main] 

Error starting ApplicationContext. To display the condition evaluation report re-run your application with 'debug' enabled.
2025-06-07 22:03:05,963 ERROR o.s.b.d.LoggingFailureAnalysisReporter [main] 

***************************
APPLICATION FAILED TO START
***************************

Description:

Parameter 0 of constructor in com.school.management.config.SecurityConfig required a bean of type 'com.school.security.JwtAuthenticationFilter' that could not be found.


Action:

Consider defining a bean of type 'com.school.security.JwtAuthenticationFilter' in your configuration.

2025-06-07 22:11:46,508 INFO o.h.v.i.u.Version [background-preinit] HV000001: Hibernate Validator 8.0.1.Final
2025-06-07 22:11:46,625 INFO o.s.b.StartupInfoLogger [main] Starting SchoolManagementApplication using Java 21.0.6 with PID 25720 (C:\Users\GLOBAL STORE\Documents\Primary-School\backend\build\classes\java\main started by GLOBAL STORE in C:\Users\GLOBAL STORE\Documents\Primary-School\backend)
2025-06-07 22:11:46,626 DEBUG o.s.b.StartupInfoLogger [main] Running with Spring Boot v3.3.12, Spring v6.1.20
2025-06-07 22:11:46,628 INFO o.s.b.SpringApplication [main] No active profile set, falling back to 1 default profile: "default"
2025-06-07 22:11:49,171 INFO o.s.d.r.c.RepositoryConfigurationDelegate [main] Multiple Spring Data modules found, entering strict repository configuration mode
2025-06-07 22:11:49,174 INFO o.s.d.r.c.RepositoryConfigurationDelegate [main] Bootstrapping Spring Data JPA repositories in DEFAULT mode.
2025-06-07 22:11:49,684 INFO o.s.d.r.c.RepositoryConfigurationDelegate [main] Finished Spring Data repository scanning in 497 ms. Found 22 JPA repository interfaces.
2025-06-07 22:11:49,714 INFO o.s.d.r.c.RepositoryConfigurationDelegate [main] Multiple Spring Data modules found, entering strict repository configuration mode
2025-06-07 22:11:49,717 INFO o.s.d.r.c.RepositoryConfigurationDelegate [main] Bootstrapping Spring Data Redis repositories in DEFAULT mode.
2025-06-07 22:11:49,752 INFO o.s.d.r.c.RepositoryConfigurationExtensionSupport [main] Spring Data Redis - Could not safely identify store assignment for repository candidate interface com.school.management.repository.AffectationRepository; If you want this repository to be a Redis repository, consider annotating your entities with one of these annotations: org.springframework.data.redis.core.RedisHash (preferred), or consider extending one of the following types with your repository: org.springframework.data.keyvalue.repository.KeyValueRepository
2025-06-07 22:11:49,753 INFO o.s.d.r.c.RepositoryConfigurationExtensionSupport [main] Spring Data Redis - Could not safely identify store assignment for repository candidate interface com.school.management.repository.AnneeScolaireRepository; If you want this repository to be a Redis repository, consider annotating your entities with one of these annotations: org.springframework.data.redis.core.RedisHash (preferred), or consider extending one of the following types with your repository: org.springframework.data.keyvalue.repository.KeyValueRepository
2025-06-07 22:11:49,754 INFO o.s.d.r.c.RepositoryConfigurationExtensionSupport [main] Spring Data Redis - Could not safely identify store assignment for repository candidate interface com.school.management.repository.ClasseRepository; If you want this repository to be a Redis repository, consider annotating your entities with one of these annotations: org.springframework.data.redis.core.RedisHash (preferred), or consider extending one of the following types with your repository: org.springframework.data.keyvalue.repository.KeyValueRepository
2025-06-07 22:11:49,754 INFO o.s.d.r.c.RepositoryConfigurationExtensionSupport [main] Spring Data Redis - Could not safely identify store assignment for repository candidate interface com.school.management.repository.ClassRepository; If you want this repository to be a Redis repository, consider annotating your entities with one of these annotations: org.springframework.data.redis.core.RedisHash (preferred), or consider extending one of the following types with your repository: org.springframework.data.keyvalue.repository.KeyValueRepository
2025-06-07 22:11:49,754 INFO o.s.d.r.c.RepositoryConfigurationExtensionSupport [main] Spring Data Redis - Could not safely identify store assignment for repository candidate interface com.school.management.repository.DocumentRepository; If you want this repository to be a Redis repository, consider annotating your entities with one of these annotations: org.springframework.data.redis.core.RedisHash (preferred), or consider extending one of the following types with your repository: org.springframework.data.keyvalue.repository.KeyValueRepository
2025-06-07 22:11:49,755 INFO o.s.d.r.c.RepositoryConfigurationExtensionSupport [main] Spring Data Redis - Could not safely identify store assignment for repository candidate interface com.school.management.repository.EleveRepository; If you want this repository to be a Redis repository, consider annotating your entities with one of these annotations: org.springframework.data.redis.core.RedisHash (preferred), or consider extending one of the following types with your repository: org.springframework.data.keyvalue.repository.KeyValueRepository
2025-06-07 22:11:49,756 INFO o.s.d.r.c.RepositoryConfigurationExtensionSupport [main] Spring Data Redis - Could not safely identify store assignment for repository candidate interface com.school.management.repository.EnseignantRepository; If you want this repository to be a Redis repository, consider annotating your entities with one of these annotations: org.springframework.data.redis.core.RedisHash (preferred), or consider extending one of the following types with your repository: org.springframework.data.keyvalue.repository.KeyValueRepository
2025-06-07 22:11:49,757 INFO o.s.d.r.c.RepositoryConfigurationExtensionSupport [main] Spring Data Redis - Could not safely identify store assignment for repository candidate interface com.school.management.repository.GradeRepository; If you want this repository to be a Redis repository, consider annotating your entities with one of these annotations: org.springframework.data.redis.core.RedisHash (preferred), or consider extending one of the following types with your repository: org.springframework.data.keyvalue.repository.KeyValueRepository
2025-06-07 22:11:49,757 INFO o.s.d.r.c.RepositoryConfigurationExtensionSupport [main] Spring Data Redis - Could not safely identify store assignment for repository candidate interface com.school.management.repository.LogActiviteRepository; If you want this repository to be a Redis repository, consider annotating your entities with one of these annotations: org.springframework.data.redis.core.RedisHash (preferred), or consider extending one of the following types with your repository: org.springframework.data.keyvalue.repository.KeyValueRepository
2025-06-07 22:11:49,757 INFO o.s.d.r.c.RepositoryConfigurationExtensionSupport [main] Spring Data Redis - Could not safely identify store assignment for repository candidate interface com.school.management.repository.MatiereRepository; If you want this repository to be a Redis repository, consider annotating your entities with one of these annotations: org.springframework.data.redis.core.RedisHash (preferred), or consider extending one of the following types with your repository: org.springframework.data.keyvalue.repository.KeyValueRepository
2025-06-07 22:11:49,758 INFO o.s.d.r.c.RepositoryConfigurationExtensionSupport [main] Spring Data Redis - Could not safely identify store assignment for repository candidate interface com.school.management.repository.NoteRepository; If you want this repository to be a Redis repository, consider annotating your entities with one of these annotations: org.springframework.data.redis.core.RedisHash (preferred), or consider extending one of the following types with your repository: org.springframework.data.keyvalue.repository.KeyValueRepository
2025-06-07 22:11:49,758 INFO o.s.d.r.c.RepositoryConfigurationExtensionSupport [main] Spring Data Redis - Could not safely identify store assignment for repository candidate interface com.school.management.repository.NotificationRepository; If you want this repository to be a Redis repository, consider annotating your entities with one of these annotations: org.springframework.data.redis.core.RedisHash (preferred), or consider extending one of the following types with your repository: org.springframework.data.keyvalue.repository.KeyValueRepository
2025-06-07 22:11:49,758 INFO o.s.d.r.c.RepositoryConfigurationExtensionSupport [main] Spring Data Redis - Could not safely identify store assignment for repository candidate interface com.school.management.repository.PaiementRepository; If you want this repository to be a Redis repository, consider annotating your entities with one of these annotations: org.springframework.data.redis.core.RedisHash (preferred), or consider extending one of the following types with your repository: org.springframework.data.keyvalue.repository.KeyValueRepository
2025-06-07 22:11:49,759 INFO o.s.d.r.c.RepositoryConfigurationExtensionSupport [main] Spring Data Redis - Could not safely identify store assignment for repository candidate interface com.school.management.repository.ProfilUtilisateurRepository; If you want this repository to be a Redis repository, consider annotating your entities with one of these annotations: org.springframework.data.redis.core.RedisHash (preferred), or consider extending one of the following types with your repository: org.springframework.data.keyvalue.repository.KeyValueRepository
2025-06-07 22:11:49,759 INFO o.s.d.r.c.RepositoryConfigurationExtensionSupport [main] Spring Data Redis - Could not safely identify store assignment for repository candidate interface com.school.management.repository.RoleRepository; If you want this repository to be a Redis repository, consider annotating your entities with one of these annotations: org.springframework.data.redis.core.RedisHash (preferred), or consider extending one of the following types with your repository: org.springframework.data.keyvalue.repository.KeyValueRepository
2025-06-07 22:11:49,759 INFO o.s.d.r.c.RepositoryConfigurationExtensionSupport [main] Spring Data Redis - Could not safely identify store assignment for repository candidate interface com.school.management.repository.SectionRepository; If you want this repository to be a Redis repository, consider annotating your entities with one of these annotations: org.springframework.data.redis.core.RedisHash (preferred), or consider extending one of the following types with your repository: org.springframework.data.keyvalue.repository.KeyValueRepository
2025-06-07 22:11:49,760 INFO o.s.d.r.c.RepositoryConfigurationExtensionSupport [main] Spring Data Redis - Could not safely identify store assignment for repository candidate interface com.school.management.repository.SequenceRepository; If you want this repository to be a Redis repository, consider annotating your entities with one of these annotations: org.springframework.data.redis.core.RedisHash (preferred), or consider extending one of the following types with your repository: org.springframework.data.keyvalue.repository.KeyValueRepository
2025-06-07 22:11:49,760 INFO o.s.d.r.c.RepositoryConfigurationExtensionSupport [main] Spring Data Redis - Could not safely identify store assignment for repository candidate interface com.school.management.repository.StatutAnneeRepository; If you want this repository to be a Redis repository, consider annotating your entities with one of these annotations: org.springframework.data.redis.core.RedisHash (preferred), or consider extending one of the following types with your repository: org.springframework.data.keyvalue.repository.KeyValueRepository
2025-06-07 22:11:49,760 INFO o.s.d.r.c.RepositoryConfigurationExtensionSupport [main] Spring Data Redis - Could not safely identify store assignment for repository candidate interface com.school.management.repository.StudentRepository; If you want this repository to be a Redis repository, consider annotating your entities with one of these annotations: org.springframework.data.redis.core.RedisHash (preferred), or consider extending one of the following types with your repository: org.springframework.data.keyvalue.repository.KeyValueRepository
2025-06-07 22:11:49,761 INFO o.s.d.r.c.RepositoryConfigurationExtensionSupport [main] Spring Data Redis - Could not safely identify store assignment for repository candidate interface com.school.management.repository.TrimestreRepository; If you want this repository to be a Redis repository, consider annotating your entities with one of these annotations: org.springframework.data.redis.core.RedisHash (preferred), or consider extending one of the following types with your repository: org.springframework.data.keyvalue.repository.KeyValueRepository
2025-06-07 22:11:49,761 INFO o.s.d.r.c.RepositoryConfigurationExtensionSupport [main] Spring Data Redis - Could not safely identify store assignment for repository candidate interface com.school.management.repository.TypeAffectationRepository; If you want this repository to be a Redis repository, consider annotating your entities with one of these annotations: org.springframework.data.redis.core.RedisHash (preferred), or consider extending one of the following types with your repository: org.springframework.data.keyvalue.repository.KeyValueRepository
2025-06-07 22:11:49,762 INFO o.s.d.r.c.RepositoryConfigurationExtensionSupport [main] Spring Data Redis - Could not safely identify store assignment for repository candidate interface com.school.management.repository.UtilisateurRepository; If you want this repository to be a Redis repository, consider annotating your entities with one of these annotations: org.springframework.data.redis.core.RedisHash (preferred), or consider extending one of the following types with your repository: org.springframework.data.keyvalue.repository.KeyValueRepository
2025-06-07 22:11:49,762 INFO o.s.d.r.c.RepositoryConfigurationDelegate [main] Finished Spring Data repository scanning in 23 ms. Found 0 Redis repository interfaces.
2025-06-07 22:11:51,875 INFO o.s.b.w.e.t.TomcatWebServer [main] Tomcat initialized with port 8080 (http)
2025-06-07 22:11:51,905 INFO o.a.j.l.DirectJDKLog [main] Initializing ProtocolHandler ["http-nio-8080"]
2025-06-07 22:11:51,909 INFO o.a.j.l.DirectJDKLog [main] Starting service [Tomcat]
2025-06-07 22:11:51,909 INFO o.a.j.l.DirectJDKLog [main] Starting Servlet engine: [Apache Tomcat/10.1.41]
2025-06-07 22:11:52,003 INFO o.a.j.l.DirectJDKLog [main] Initializing Spring embedded WebApplicationContext
2025-06-07 22:11:52,004 INFO o.s.b.w.s.c.ServletWebServerApplicationContext [main] Root WebApplicationContext: initialization completed in 5274 ms
2025-06-07 22:11:52,736 INFO o.h.j.i.u.LogHelper [main] HHH000204: Processing PersistenceUnitInfo [name: default]
2025-06-07 22:11:52,922 INFO o.h.Version [main] HHH000412: Hibernate ORM core version 6.5.3.Final
2025-06-07 22:11:53,021 INFO o.h.c.i.RegionFactoryInitiator [main] HHH000026: Second-level cache disabled
2025-06-07 22:11:53,828 INFO o.s.o.j.p.SpringPersistenceUnitInfo [main] No LoadTimeWeaver setup: ignoring JPA class transformer
2025-06-07 22:11:53,917 INFO c.z.h.HikariDataSource [main] HikariPool-1 - Starting...
2025-06-07 22:11:54,362 INFO c.z.h.p.HikariPool [main] HikariPool-1 - Added connection conn0: url=jdbc:h2:mem:testdb user=SA
2025-06-07 22:11:54,365 INFO c.z.h.HikariDataSource [main] HikariPool-1 - Start completed.
2025-06-07 22:11:54,434 WARN o.h.e.j.d.i.DialectFactoryImpl [main] HHH90000025: H2Dialect does not need to be specified explicitly using 'hibernate.dialect' (remove the property setting and it will be selected by default)
2025-06-07 22:11:57,613 INFO o.h.e.t.j.p.i.JtaPlatformInitiator [main] HHH000489: No JTA platform available (set 'hibernate.transaction.jta.platform' to enable JTA platform integration)
2025-06-07 22:11:57,651 DEBUG o.h.e.j.s.SqlStatementLogger [main] 
    drop table if exists "affectation" cascade 
2025-06-07 22:11:57,658 DEBUG o.h.e.j.s.SqlStatementLogger [main] 
    drop table if exists "annee_scolaire" cascade 
2025-06-07 22:11:57,659 DEBUG o.h.e.j.s.SqlStatementLogger [main] 
    drop table if exists "classes" cascade 
2025-06-07 22:11:57,660 DEBUG o.h.e.j.s.SqlStatementLogger [main] 
    drop table if exists "document" cascade 
2025-06-07 22:11:57,660 DEBUG o.h.e.j.s.SqlStatementLogger [main] 
    drop table if exists "eleve" cascade 
2025-06-07 22:11:57,661 DEBUG o.h.e.j.s.SqlStatementLogger [main] 
    drop table if exists "enseignant" cascade 
2025-06-07 22:11:57,661 DEBUG o.h.e.j.s.SqlStatementLogger [main] 
    drop table if exists "grade" cascade 
2025-06-07 22:11:57,662 DEBUG o.h.e.j.s.SqlStatementLogger [main] 
    drop table if exists "log_activite" cascade 
2025-06-07 22:11:57,662 DEBUG o.h.e.j.s.SqlStatementLogger [main] 
    drop table if exists "matiere" cascade 
2025-06-07 22:11:57,663 DEBUG o.h.e.j.s.SqlStatementLogger [main] 
    drop table if exists "note" cascade 
2025-06-07 22:11:57,663 DEBUG o.h.e.j.s.SqlStatementLogger [main] 
    drop table if exists "notifications" cascade 
2025-06-07 22:11:57,664 DEBUG o.h.e.j.s.SqlStatementLogger [main] 
    drop table if exists "paiements" cascade 
2025-06-07 22:11:57,664 DEBUG o.h.e.j.s.SqlStatementLogger [main] 
    drop table if exists "parents" cascade 
2025-06-07 22:11:57,665 DEBUG o.h.e.j.s.SqlStatementLogger [main] 
    drop table if exists "profil_utilisateur" cascade 
2025-06-07 22:11:57,665 DEBUG o.h.e.j.s.SqlStatementLogger [main] 
    drop table if exists "role" cascade 
2025-06-07 22:11:57,666 DEBUG o.h.e.j.s.SqlStatementLogger [main] 
    drop table if exists "sections" cascade 
2025-06-07 22:11:57,666 DEBUG o.h.e.j.s.SqlStatementLogger [main] 
    drop table if exists "sequence" cascade 
2025-06-07 22:11:57,667 DEBUG o.h.e.j.s.SqlStatementLogger [main] 
    drop table if exists "statut_annee" cascade 
2025-06-07 22:11:57,668 DEBUG o.h.e.j.s.SqlStatementLogger [main] 
    drop table if exists "student_progress_report" cascade 
2025-06-07 22:11:57,669 DEBUG o.h.e.j.s.SqlStatementLogger [main] 
    drop table if exists "students" cascade 
2025-06-07 22:11:57,669 DEBUG o.h.e.j.s.SqlStatementLogger [main] 
    drop table if exists "subject" cascade 
2025-06-07 22:11:57,670 DEBUG o.h.e.j.s.SqlStatementLogger [main] 
    drop table if exists "trimestre" cascade 
2025-06-07 22:11:57,671 DEBUG o.h.e.j.s.SqlStatementLogger [main] 
    drop table if exists "type_affectation" cascade 
2025-06-07 22:11:57,671 DEBUG o.h.e.j.s.SqlStatementLogger [main] 
    drop table if exists "utilisateur" cascade 
2025-06-07 22:11:57,683 DEBUG o.h.e.j.s.SqlStatementLogger [main] 
    create table "affectation" (
        "date_debut" date,
        "date_fin" date,
        "annee_scolaire_id" bigint not null,
        "classe_id" bigint not null,
        "created_at" timestamp(6),
        "enseignant_id" bigint not null,
        "id" bigint generated by default as identity,
        "matiere_id" bigint not null,
        "updated_at" timestamp(6),
        "type_code" varchar(20) not null,
        primary key ("id")
    )
2025-06-07 22:11:57,696 DEBUG o.h.e.j.s.SqlStatementLogger [main] 
    create table "annee_scolaire" (
        "date_debut" date not null,
        "date_fin" date not null,
        "created_at" timestamp(6),
        "id" bigint generated by default as identity,
        "updated_at" timestamp(6),
        "statut_code" varchar(20) not null,
        "libelle" varchar(50) not null,
        primary key ("id")
    )
2025-06-07 22:11:57,698 DEBUG o.h.e.j.s.SqlStatementLogger [main] 
    create table "classes" (
        "actif" boolean,
        "capacite" integer,
        "created_at" timestamp(6),
        "id" bigint generated by default as identity,
        "updated_at" timestamp(6),
        "annee_scolaire" varchar(9) not null,
        "niveau" varchar(50) not null,
        "nom" varchar(100) not null,
        "description" varchar(500),
        primary key ("id")
    )
2025-06-07 22:11:57,702 DEBUG o.h.e.j.s.SqlStatementLogger [main] 
    create table "document" (
        "date_ajout" timestamp(6),
        "eleve_id" bigint,
        "id" bigint generated by default as identity,
        "chemin_fichier" varchar(255) not null,
        "type_document" enum ('AUTRE','BULLETIN','RECU') not null,
        primary key ("id")
    )
2025-06-07 22:11:57,707 DEBUG o.h.e.j.s.SqlStatementLogger [main] 
    create table "eleve" (
        "actif" boolean,
        "date_naissance" date,
        "classe_id" bigint,
        "created_at" timestamp(6),
        "date_inscription" timestamp(6),
        "id" bigint generated by default as identity,
        "parent_id" bigint,
        "section_id" bigint,
        "updated_at" timestamp(6),
        "genre" varchar(20),
        "email" varchar(100) not null unique,
        "nom" varchar(100) not null,
        "prenom" varchar(100) not null,
        "adresse" varchar(200),
        primary key ("id")
    )
2025-06-07 22:11:57,714 DEBUG o.h.e.j.s.SqlStatementLogger [main] 
    create table "enseignant" (
        "actif" boolean,
        "created_at" timestamp(6),
        "date_embauche" timestamp(6),
        "id" bigint generated by default as identity,
        "section_id" bigint,
        "updated_at" timestamp(6),
        "telephone" varchar(20),
        "niveau" varchar(50),
        "email" varchar(100) not null unique,
        "nom" varchar(100) not null,
        "prenom" varchar(100) not null,
        "specialite" varchar(100),
        primary key ("id")
    )
2025-06-07 22:11:57,718 DEBUG o.h.e.j.s.SqlStatementLogger [main] 
    create table "grade" (
        "grade" float(53) not null,
        "created_at" timestamp(6),
        "id" bigint generated by default as identity,
        "student_id" bigint not null,
        "subject_id" bigint not null,
        "updated_at" timestamp(6),
        "period" varchar(20) not null,
        "comments" varchar(500),
        primary key ("id")
    )
2025-06-07 22:11:57,720 DEBUG o.h.e.j.s.SqlStatementLogger [main] 
    create table "log_activite" (
        "date_action" timestamp(6),
        "id" bigint generated by default as identity,
        "reference_id" bigint,
        "utilisateur_id" bigint not null,
        "ip_adresse" varchar(45),
        "table_cible" varchar(100),
        "action" varchar(255) not null,
        primary key ("id")
    )
2025-06-07 22:11:57,723 DEBUG o.h.e.j.s.SqlStatementLogger [main] 
    create table "matiere" (
        "coefficient" numeric(5,2) not null,
        "created_at" timestamp(6),
        "id" bigint generated by default as identity,
        "updated_at" timestamp(6),
        "nom" varchar(100) not null,
        primary key ("id")
    )
2025-06-07 22:11:57,730 DEBUG o.h.e.j.s.SqlStatementLogger [main] 
    create table "note" (
        "note" numeric(5,2) not null,
        "created_at" timestamp(6) not null,
        "eleve_id" bigint not null,
        "id" bigint generated by default as identity,
        "matiere_id" bigint not null,
        "sequence_id" bigint not null,
        "trimestre_id" bigint,
        "updated_at" timestamp(6),
        "commentaire" varchar(255),
        primary key ("id")
    )
2025-06-07 22:11:57,735 DEBUG o.h.e.j.s.SqlStatementLogger [main] 
    create table "notifications" (
        "read" boolean,
        "created_at" timestamp(6),
        "id" bigint generated by default as identity,
        "user_id" bigint,
        "message" varchar(255) not null,
        primary key ("id")
    )
2025-06-07 22:11:57,739 DEBUG o.h.e.j.s.SqlStatementLogger [main] 
    create table "paiements" (
        "date_paiement" date,
        "montant" numeric(38,2) not null,
        "eleve_id" bigint not null,
        "id" bigint generated by default as identity,
        "description" varchar(255),
        "type_paiement" varchar(255),
        primary key ("id")
    )
2025-06-07 22:11:57,743 DEBUG o.h.e.j.s.SqlStatementLogger [main] 
    create table "parents" (
        "id" bigint generated by default as identity,
        "adresse" varchar(255),
        "email" varchar(255) unique,
        "nom" varchar(255) not null,
        "prenom" varchar(255) not null,
        "profession" varchar(255),
        "telephone" varchar(255),
        primary key ("id")
    )
2025-06-07 22:11:57,769 DEBUG o.h.e.j.s.SqlStatementLogger [main] 
    create table "profil_utilisateur" (
        "created_at" timestamp(6),
        "id" bigint generated by default as identity,
        "reference_id" bigint not null,
        "updated_at" timestamp(6),
        "utilisateur_id" bigint not null,
        "type_personne" enum ('AGENT','ELEVE','ENSEIGNANT','PARENT') not null,
        primary key ("id")
    )
2025-06-07 22:11:57,771 DEBUG o.h.e.j.s.SqlStatementLogger [main] 
    create table "role" (
        "id" bigint generated by default as identity,
        "libelle" varchar(50) not null unique,
        primary key ("id")
    )
2025-06-07 22:11:57,776 DEBUG o.h.e.j.s.SqlStatementLogger [main] 
    create table "sections" (
        "id" bigint generated by default as identity,
        "description" varchar(255),
        "nom" varchar(255) not null,
        primary key ("id")
    )
2025-06-07 22:11:57,779 DEBUG o.h.e.j.s.SqlStatementLogger [main] 
    create table "sequence" (
        "numero" integer not null,
        "created_at" timestamp(6),
        "id" bigint generated by default as identity,
        "trimestre_id" bigint not null,
        "updated_at" timestamp(6),
        "libelle" varchar(50) not null,
        primary key ("id")
    )
2025-06-07 22:11:57,782 DEBUG o.h.e.j.s.SqlStatementLogger [main] 
    create table "statut_annee" (
        "code" varchar(20) not null,
        "libelle" varchar(100) not null,
        primary key ("code")
    )
2025-06-07 22:11:57,784 DEBUG o.h.e.j.s.SqlStatementLogger [main] 
    create table "student_progress_report" (
        "attendance_rate" float(53),
        "average_grade" float(53),
        "created_at" timestamp(6),
        "id" bigint generated by default as identity,
        "student_id" bigint not null,
        "updated_at" timestamp(6),
        "period" varchar(20) not null,
        "comments" varchar(1000),
        primary key ("id")
    )
2025-06-07 22:11:57,786 DEBUG o.h.e.j.s.SqlStatementLogger [main] 
    create table "students" (
        "actif" boolean,
        "date_naissance" date not null,
        "genre" varchar(1),
        "classe_id" bigint,
        "created_at" timestamp(6),
        "date_inscription" timestamp(6) not null,
        "id" bigint generated by default as identity,
        "section_id" bigint,
        "updated_at" timestamp(6),
        "telephone" varchar(20),
        "section_name" varchar(50),
        "email" varchar(100) not null unique,
        "nom" varchar(100) not null,
        "nom_classe" varchar(100),
        "nom_parent" varchar(100),
        "prenom" varchar(100) not null,
        "adresse" varchar(200),
        primary key ("id")
    )
2025-06-07 22:11:57,789 DEBUG o.h.e.j.s.SqlStatementLogger [main] 
    create table "subject" (
        "actif" boolean,
        "coefficient" integer,
        "created_at" timestamp(6),
        "id" bigint generated by default as identity,
        "updated_at" timestamp(6),
        "code" varchar(20) not null unique,
        "nom" varchar(100) not null,
        "description" varchar(500),
        primary key ("id")
    )
2025-06-07 22:11:57,792 DEBUG o.h.e.j.s.SqlStatementLogger [main] 
    create table "trimestre" (
        "numero" integer not null,
        "annee_scolaire_id" bigint not null,
        "created_at" timestamp(6),
        "id" bigint generated by default as identity,
        "updated_at" timestamp(6),
        "libelle" varchar(50) not null,
        primary key ("id")
    )
2025-06-07 22:11:57,795 DEBUG o.h.e.j.s.SqlStatementLogger [main] 
    create table "type_affectation" (
        "code" varchar(20) not null,
        "libelle" varchar(100) not null,
        primary key ("code")
    )
2025-06-07 22:11:57,798 DEBUG o.h.e.j.s.SqlStatementLogger [main] 
    create table "utilisateur" (
        "actif" boolean,
        "created_at" timestamp(6),
        "id" bigint generated by default as identity,
        "last_login" timestamp(6),
        "role_id" bigint not null,
        "updated_at" timestamp(6),
        "email" varchar(100) not null unique,
        "nom" varchar(100) not null,
        "mot_de_passe" varchar(255) not null,
        "reset_token" varchar(255),
        "type_personne" enum ('ADMIN','AGENT','ELEVE','ENSEIGNANT','PARENT') not null,
        primary key ("id")
    )
2025-06-07 22:11:57,803 DEBUG o.h.e.j.s.SqlStatementLogger [main] 
    alter table if exists "affectation" 
       add constraint "FK9eu96qf7kye9sf1pmecfd0yfm" 
       foreign key ("annee_scolaire_id") 
       references "annee_scolaire"
2025-06-07 22:11:57,834 DEBUG o.h.e.j.s.SqlStatementLogger [main] 
    alter table if exists "affectation" 
       add constraint "FKpe0bo22qt45crdtir2olejjyg" 
       foreign key ("classe_id") 
       references "classes"
2025-06-07 22:11:57,836 DEBUG o.h.e.j.s.SqlStatementLogger [main] 
    alter table if exists "affectation" 
       add constraint "FK3av7c7bm789r6knql1ykv0iuh" 
       foreign key ("enseignant_id") 
       references "enseignant"
2025-06-07 22:11:57,845 DEBUG o.h.e.j.s.SqlStatementLogger [main] 
    alter table if exists "affectation" 
       add constraint "FKbd6pqb4xm1b2f6dsjng6t9vy1" 
       foreign key ("matiere_id") 
       references "matiere"
2025-06-07 22:11:57,848 DEBUG o.h.e.j.s.SqlStatementLogger [main] 
    alter table if exists "document" 
       add constraint "FK4uxipd5g6ulta9p7gt3992osv" 
       foreign key ("eleve_id") 
       references "eleve"
2025-06-07 22:11:57,851 DEBUG o.h.e.j.s.SqlStatementLogger [main] 
    alter table if exists "eleve" 
       add constraint "FKak1ytyiywaoq3w1wjuwpdu81p" 
       foreign key ("classe_id") 
       references "classes"
2025-06-07 22:11:57,854 DEBUG o.h.e.j.s.SqlStatementLogger [main] 
    alter table if exists "eleve" 
       add constraint "FK31spnejrvma8oawmo11nku169" 
       foreign key ("parent_id") 
       references "parents"
2025-06-07 22:11:57,859 DEBUG o.h.e.j.s.SqlStatementLogger [main] 
    alter table if exists "eleve" 
       add constraint "FKfpstf9bai3b6n4qu9wsx077ja" 
       foreign key ("section_id") 
       references "sections"
2025-06-07 22:11:57,864 DEBUG o.h.e.j.s.SqlStatementLogger [main] 
    alter table if exists "enseignant" 
       add constraint "FKh4do9onk9pwd1p5hpdl2jlvsw" 
       foreign key ("section_id") 
       references "sections"
2025-06-07 22:11:57,866 DEBUG o.h.e.j.s.SqlStatementLogger [main] 
    alter table if exists "grade" 
       add constraint "FKipf4njw2w6vostd6y4ti401mm" 
       foreign key ("student_id") 
       references "utilisateur"
2025-06-07 22:11:57,869 DEBUG o.h.e.j.s.SqlStatementLogger [main] 
    alter table if exists "grade" 
       add constraint "FKga475phybm7f4xh2qgjlm4tef" 
       foreign key ("subject_id") 
       references "subject"
2025-06-07 22:11:57,873 DEBUG o.h.e.j.s.SqlStatementLogger [main] 
    alter table if exists "log_activite" 
       add constraint "FKrfsnh1x7lprexosg0odve3edk" 
       foreign key ("utilisateur_id") 
       references "utilisateur"
2025-06-07 22:11:57,877 DEBUG o.h.e.j.s.SqlStatementLogger [main] 
    alter table if exists "note" 
       add constraint "FKckjcf0lcp26yn81tkbiyyvpxs" 
       foreign key ("eleve_id") 
       references "eleve"
2025-06-07 22:11:57,880 DEBUG o.h.e.j.s.SqlStatementLogger [main] 
    alter table if exists "note" 
       add constraint "FKce6fgrwojbdjuyfobkryhsubc" 
       foreign key ("matiere_id") 
       references "matiere"
2025-06-07 22:11:57,883 DEBUG o.h.e.j.s.SqlStatementLogger [main] 
    alter table if exists "note" 
       add constraint "FKnx3h3lbhngn4he4lrc8ylhrxh" 
       foreign key ("sequence_id") 
       references "sequence"
2025-06-07 22:11:57,886 DEBUG o.h.e.j.s.SqlStatementLogger [main] 
    alter table if exists "note" 
       add constraint "FKsq8sa1xg25htraxpx0ylx3lgk" 
       foreign key ("trimestre_id") 
       references "trimestre"
2025-06-07 22:11:57,891 DEBUG o.h.e.j.s.SqlStatementLogger [main] 
    alter table if exists "paiements" 
       add constraint "FKafefes0eqpleg9i7g6mvt6xhh" 
       foreign key ("eleve_id") 
       references "eleve"
2025-06-07 22:11:57,898 DEBUG o.h.e.j.s.SqlStatementLogger [main] 
    alter table if exists "profil_utilisateur" 
       add constraint "FK177de5xq3y87tjxuwctokx341" 
       foreign key ("utilisateur_id") 
       references "utilisateur"
2025-06-07 22:11:57,901 DEBUG o.h.e.j.s.SqlStatementLogger [main] 
    alter table if exists "sequence" 
       add constraint "FKclybiy2bjbpf0ejgg6rq51ynf" 
       foreign key ("trimestre_id") 
       references "trimestre"
2025-06-07 22:11:57,904 DEBUG o.h.e.j.s.SqlStatementLogger [main] 
    alter table if exists "student_progress_report" 
       add constraint "FK1u5j5o832a13lgcq3foy1g3rr" 
       foreign key ("student_id") 
       references "utilisateur"
2025-06-07 22:11:57,906 DEBUG o.h.e.j.s.SqlStatementLogger [main] 
    alter table if exists "students" 
       add constraint "FKtb9nirq953dcf0onxisl98ni1" 
       foreign key ("classe_id") 
       references "classes"
2025-06-07 22:11:57,910 DEBUG o.h.e.j.s.SqlStatementLogger [main] 
    alter table if exists "students" 
       add constraint "FKgkvw6901117nqyb8tyx3gmpk5" 
       foreign key ("section_id") 
       references "sections"
2025-06-07 22:11:57,913 DEBUG o.h.e.j.s.SqlStatementLogger [main] 
    alter table if exists "trimestre" 
       add constraint "FKql50yxg7ydwdp4uom1mltlbkr" 
       foreign key ("annee_scolaire_id") 
       references "annee_scolaire"
2025-06-07 22:11:57,917 DEBUG o.h.e.j.s.SqlStatementLogger [main] 
    alter table if exists "utilisateur" 
       add constraint "FKmjx8u4qqtx1pp4g0tpmuf3yb9" 
       foreign key ("role_id") 
       references "role"
2025-06-07 22:11:57,930 INFO o.s.o.j.AbstractEntityManagerFactoryBean [main] Initialized JPA EntityManagerFactory for persistence unit 'default'
2025-06-07 22:11:58,654 DEBUG o.s.w.f.GenericFilterBean [main] Filter 'jwtAuthenticationFilter' configured for use
2025-06-07 22:11:58,680 WARN o.s.c.s.AbstractApplicationContext [main] Exception encountered during context initialization - cancelling refresh attempt: org.springframework.beans.factory.UnsatisfiedDependencyException: Error creating bean with name 'securityConfig' defined in file [C:\Users\GLOBAL STORE\Documents\Primary-School\backend\build\classes\java\main\com\school\management\config\SecurityConfig.class]: Unsatisfied dependency expressed through constructor parameter 1: Error creating bean with name 'securityConfig': Requested bean is currently in creation: Is there an unresolvable circular reference?
2025-06-07 22:11:58,681 INFO o.s.o.j.AbstractEntityManagerFactoryBean [main] Closing JPA EntityManagerFactory for persistence unit 'default'
2025-06-07 22:11:58,682 DEBUG o.h.e.j.s.SqlStatementLogger [main] 
    drop table if exists "affectation" cascade 
2025-06-07 22:11:58,685 DEBUG o.h.e.j.s.SqlStatementLogger [main] 
    drop table if exists "annee_scolaire" cascade 
2025-06-07 22:11:58,686 DEBUG o.h.e.j.s.SqlStatementLogger [main] 
    drop table if exists "classes" cascade 
2025-06-07 22:11:58,687 DEBUG o.h.e.j.s.SqlStatementLogger [main] 
    drop table if exists "document" cascade 
2025-06-07 22:11:58,690 DEBUG o.h.e.j.s.SqlStatementLogger [main] 
    drop table if exists "eleve" cascade 
2025-06-07 22:11:58,693 DEBUG o.h.e.j.s.SqlStatementLogger [main] 
    drop table if exists "enseignant" cascade 
2025-06-07 22:11:58,694 DEBUG o.h.e.j.s.SqlStatementLogger [main] 
    drop table if exists "grade" cascade 
2025-06-07 22:11:58,695 DEBUG o.h.e.j.s.SqlStatementLogger [main] 
    drop table if exists "log_activite" cascade 
2025-06-07 22:11:58,696 DEBUG o.h.e.j.s.SqlStatementLogger [main] 
    drop table if exists "matiere" cascade 
2025-06-07 22:11:58,698 DEBUG o.h.e.j.s.SqlStatementLogger [main] 
    drop table if exists "note" cascade 
2025-06-07 22:11:58,700 DEBUG o.h.e.j.s.SqlStatementLogger [main] 
    drop table if exists "notifications" cascade 
2025-06-07 22:11:58,701 DEBUG o.h.e.j.s.SqlStatementLogger [main] 
    drop table if exists "paiements" cascade 
2025-06-07 22:11:58,702 DEBUG o.h.e.j.s.SqlStatementLogger [main] 
    drop table if exists "parents" cascade 
2025-06-07 22:11:58,703 DEBUG o.h.e.j.s.SqlStatementLogger [main] 
    drop table if exists "profil_utilisateur" cascade 
2025-06-07 22:11:58,704 DEBUG o.h.e.j.s.SqlStatementLogger [main] 
    drop table if exists "role" cascade 
2025-06-07 22:11:58,705 DEBUG o.h.e.j.s.SqlStatementLogger [main] 
    drop table if exists "sections" cascade 
2025-06-07 22:11:58,708 DEBUG o.h.e.j.s.SqlStatementLogger [main] 
    drop table if exists "sequence" cascade 
2025-06-07 22:11:58,710 DEBUG o.h.e.j.s.SqlStatementLogger [main] 
    drop table if exists "statut_annee" cascade 
2025-06-07 22:11:58,710 DEBUG o.h.e.j.s.SqlStatementLogger [main] 
    drop table if exists "student_progress_report" cascade 
2025-06-07 22:11:58,713 DEBUG o.h.e.j.s.SqlStatementLogger [main] 
    drop table if exists "students" cascade 
2025-06-07 22:11:58,715 DEBUG o.h.e.j.s.SqlStatementLogger [main] 
    drop table if exists "subject" cascade 
2025-06-07 22:11:58,716 DEBUG o.h.e.j.s.SqlStatementLogger [main] 
    drop table if exists "trimestre" cascade 
2025-06-07 22:11:58,716 DEBUG o.h.e.j.s.SqlStatementLogger [main] 
    drop table if exists "type_affectation" cascade 
2025-06-07 22:11:58,717 DEBUG o.h.e.j.s.SqlStatementLogger [main] 
    drop table if exists "utilisateur" cascade 
2025-06-07 22:11:58,719 INFO c.z.h.HikariDataSource [main] HikariPool-1 - Shutdown initiated...
2025-06-07 22:11:58,722 INFO c.z.h.HikariDataSource [main] HikariPool-1 - Shutdown completed.
2025-06-07 22:11:58,724 INFO o.a.j.l.DirectJDKLog [main] Stopping service [Tomcat]
2025-06-07 22:11:58,750 INFO o.s.b.a.l.ConditionEvaluationReportLogger [main] 

Error starting ApplicationContext. To display the condition evaluation report re-run your application with 'debug' enabled.
2025-06-07 22:11:58,785 ERROR o.s.b.d.LoggingFailureAnalysisReporter [main] 

***************************
APPLICATION FAILED TO START
***************************

Description:

The dependencies of some of the beans in the application context form a cycle:

┌──->──┐
|  securityConfig defined in file [C:\Users\GLOBAL STORE\Documents\Primary-School\backend\build\classes\java\main\com\school\management\config\SecurityConfig.class]
└──<-──┘


Action:

Relying upon circular references is discouraged and they are prohibited by default. Update your application to remove the dependency cycle between beans. As a last resort, it may be possible to break the cycle automatically by setting spring.main.allow-circular-references to true.

2025-06-07 22:23:19,403 INFO o.h.v.i.u.Version [background-preinit] HV000001: Hibernate Validator 8.0.1.Final
2025-06-07 22:23:19,485 INFO o.s.b.StartupInfoLogger [main] Starting SchoolManagementApplication using Java 21.0.6 with PID 26548 (C:\Users\GLOBAL STORE\Documents\Primary-School\backend\build\classes\java\main started by GLOBAL STORE in C:\Users\GLOBAL STORE\Documents\Primary-School\backend)
2025-06-07 22:23:19,485 DEBUG o.s.b.StartupInfoLogger [main] Running with Spring Boot v3.3.12, Spring v6.1.20
2025-06-07 22:23:19,486 INFO o.s.b.SpringApplication [main] No active profile set, falling back to 1 default profile: "default"
2025-06-07 22:23:21,808 INFO o.s.d.r.c.RepositoryConfigurationDelegate [main] Multiple Spring Data modules found, entering strict repository configuration mode
2025-06-07 22:23:21,813 INFO o.s.d.r.c.RepositoryConfigurationDelegate [main] Bootstrapping Spring Data JPA repositories in DEFAULT mode.
2025-06-07 22:23:22,236 INFO o.s.d.r.c.RepositoryConfigurationDelegate [main] Finished Spring Data repository scanning in 407 ms. Found 22 JPA repository interfaces.
2025-06-07 22:23:22,258 INFO o.s.d.r.c.RepositoryConfigurationDelegate [main] Multiple Spring Data modules found, entering strict repository configuration mode
2025-06-07 22:23:22,260 INFO o.s.d.r.c.RepositoryConfigurationDelegate [main] Bootstrapping Spring Data Redis repositories in DEFAULT mode.
2025-06-07 22:23:22,286 INFO o.s.d.r.c.RepositoryConfigurationExtensionSupport [main] Spring Data Redis - Could not safely identify store assignment for repository candidate interface com.school.management.repository.AffectationRepository; If you want this repository to be a Redis repository, consider annotating your entities with one of these annotations: org.springframework.data.redis.core.RedisHash (preferred), or consider extending one of the following types with your repository: org.springframework.data.keyvalue.repository.KeyValueRepository
2025-06-07 22:23:22,287 INFO o.s.d.r.c.RepositoryConfigurationExtensionSupport [main] Spring Data Redis - Could not safely identify store assignment for repository candidate interface com.school.management.repository.AnneeScolaireRepository; If you want this repository to be a Redis repository, consider annotating your entities with one of these annotations: org.springframework.data.redis.core.RedisHash (preferred), or consider extending one of the following types with your repository: org.springframework.data.keyvalue.repository.KeyValueRepository
2025-06-07 22:23:22,288 INFO o.s.d.r.c.RepositoryConfigurationExtensionSupport [main] Spring Data Redis - Could not safely identify store assignment for repository candidate interface com.school.management.repository.ClasseRepository; If you want this repository to be a Redis repository, consider annotating your entities with one of these annotations: org.springframework.data.redis.core.RedisHash (preferred), or consider extending one of the following types with your repository: org.springframework.data.keyvalue.repository.KeyValueRepository
2025-06-07 22:23:22,288 INFO o.s.d.r.c.RepositoryConfigurationExtensionSupport [main] Spring Data Redis - Could not safely identify store assignment for repository candidate interface com.school.management.repository.ClassRepository; If you want this repository to be a Redis repository, consider annotating your entities with one of these annotations: org.springframework.data.redis.core.RedisHash (preferred), or consider extending one of the following types with your repository: org.springframework.data.keyvalue.repository.KeyValueRepository
2025-06-07 22:23:22,289 INFO o.s.d.r.c.RepositoryConfigurationExtensionSupport [main] Spring Data Redis - Could not safely identify store assignment for repository candidate interface com.school.management.repository.DocumentRepository; If you want this repository to be a Redis repository, consider annotating your entities with one of these annotations: org.springframework.data.redis.core.RedisHash (preferred), or consider extending one of the following types with your repository: org.springframework.data.keyvalue.repository.KeyValueRepository
2025-06-07 22:23:22,289 INFO o.s.d.r.c.RepositoryConfigurationExtensionSupport [main] Spring Data Redis - Could not safely identify store assignment for repository candidate interface com.school.management.repository.EleveRepository; If you want this repository to be a Redis repository, consider annotating your entities with one of these annotations: org.springframework.data.redis.core.RedisHash (preferred), or consider extending one of the following types with your repository: org.springframework.data.keyvalue.repository.KeyValueRepository
2025-06-07 22:23:22,290 INFO o.s.d.r.c.RepositoryConfigurationExtensionSupport [main] Spring Data Redis - Could not safely identify store assignment for repository candidate interface com.school.management.repository.EnseignantRepository; If you want this repository to be a Redis repository, consider annotating your entities with one of these annotations: org.springframework.data.redis.core.RedisHash (preferred), or consider extending one of the following types with your repository: org.springframework.data.keyvalue.repository.KeyValueRepository
2025-06-07 22:23:22,291 INFO o.s.d.r.c.RepositoryConfigurationExtensionSupport [main] Spring Data Redis - Could not safely identify store assignment for repository candidate interface com.school.management.repository.GradeRepository; If you want this repository to be a Redis repository, consider annotating your entities with one of these annotations: org.springframework.data.redis.core.RedisHash (preferred), or consider extending one of the following types with your repository: org.springframework.data.keyvalue.repository.KeyValueRepository
2025-06-07 22:23:22,292 INFO o.s.d.r.c.RepositoryConfigurationExtensionSupport [main] Spring Data Redis - Could not safely identify store assignment for repository candidate interface com.school.management.repository.LogActiviteRepository; If you want this repository to be a Redis repository, consider annotating your entities with one of these annotations: org.springframework.data.redis.core.RedisHash (preferred), or consider extending one of the following types with your repository: org.springframework.data.keyvalue.repository.KeyValueRepository
2025-06-07 22:23:22,292 INFO o.s.d.r.c.RepositoryConfigurationExtensionSupport [main] Spring Data Redis - Could not safely identify store assignment for repository candidate interface com.school.management.repository.MatiereRepository; If you want this repository to be a Redis repository, consider annotating your entities with one of these annotations: org.springframework.data.redis.core.RedisHash (preferred), or consider extending one of the following types with your repository: org.springframework.data.keyvalue.repository.KeyValueRepository
2025-06-07 22:23:22,293 INFO o.s.d.r.c.RepositoryConfigurationExtensionSupport [main] Spring Data Redis - Could not safely identify store assignment for repository candidate interface com.school.management.repository.NoteRepository; If you want this repository to be a Redis repository, consider annotating your entities with one of these annotations: org.springframework.data.redis.core.RedisHash (preferred), or consider extending one of the following types with your repository: org.springframework.data.keyvalue.repository.KeyValueRepository
2025-06-07 22:23:22,293 INFO o.s.d.r.c.RepositoryConfigurationExtensionSupport [main] Spring Data Redis - Could not safely identify store assignment for repository candidate interface com.school.management.repository.NotificationRepository; If you want this repository to be a Redis repository, consider annotating your entities with one of these annotations: org.springframework.data.redis.core.RedisHash (preferred), or consider extending one of the following types with your repository: org.springframework.data.keyvalue.repository.KeyValueRepository
2025-06-07 22:23:22,294 INFO o.s.d.r.c.RepositoryConfigurationExtensionSupport [main] Spring Data Redis - Could not safely identify store assignment for repository candidate interface com.school.management.repository.PaiementRepository; If you want this repository to be a Redis repository, consider annotating your entities with one of these annotations: org.springframework.data.redis.core.RedisHash (preferred), or consider extending one of the following types with your repository: org.springframework.data.keyvalue.repository.KeyValueRepository
2025-06-07 22:23:22,294 INFO o.s.d.r.c.RepositoryConfigurationExtensionSupport [main] Spring Data Redis - Could not safely identify store assignment for repository candidate interface com.school.management.repository.ProfilUtilisateurRepository; If you want this repository to be a Redis repository, consider annotating your entities with one of these annotations: org.springframework.data.redis.core.RedisHash (preferred), or consider extending one of the following types with your repository: org.springframework.data.keyvalue.repository.KeyValueRepository
2025-06-07 22:23:22,295 INFO o.s.d.r.c.RepositoryConfigurationExtensionSupport [main] Spring Data Redis - Could not safely identify store assignment for repository candidate interface com.school.management.repository.RoleRepository; If you want this repository to be a Redis repository, consider annotating your entities with one of these annotations: org.springframework.data.redis.core.RedisHash (preferred), or consider extending one of the following types with your repository: org.springframework.data.keyvalue.repository.KeyValueRepository
2025-06-07 22:23:22,296 INFO o.s.d.r.c.RepositoryConfigurationExtensionSupport [main] Spring Data Redis - Could not safely identify store assignment for repository candidate interface com.school.management.repository.SectionRepository; If you want this repository to be a Redis repository, consider annotating your entities with one of these annotations: org.springframework.data.redis.core.RedisHash (preferred), or consider extending one of the following types with your repository: org.springframework.data.keyvalue.repository.KeyValueRepository
2025-06-07 22:23:22,297 INFO o.s.d.r.c.RepositoryConfigurationExtensionSupport [main] Spring Data Redis - Could not safely identify store assignment for repository candidate interface com.school.management.repository.SequenceRepository; If you want this repository to be a Redis repository, consider annotating your entities with one of these annotations: org.springframework.data.redis.core.RedisHash (preferred), or consider extending one of the following types with your repository: org.springframework.data.keyvalue.repository.KeyValueRepository
2025-06-07 22:23:22,297 INFO o.s.d.r.c.RepositoryConfigurationExtensionSupport [main] Spring Data Redis - Could not safely identify store assignment for repository candidate interface com.school.management.repository.StatutAnneeRepository; If you want this repository to be a Redis repository, consider annotating your entities with one of these annotations: org.springframework.data.redis.core.RedisHash (preferred), or consider extending one of the following types with your repository: org.springframework.data.keyvalue.repository.KeyValueRepository
2025-06-07 22:23:22,298 INFO o.s.d.r.c.RepositoryConfigurationExtensionSupport [main] Spring Data Redis - Could not safely identify store assignment for repository candidate interface com.school.management.repository.StudentRepository; If you want this repository to be a Redis repository, consider annotating your entities with one of these annotations: org.springframework.data.redis.core.RedisHash (preferred), or consider extending one of the following types with your repository: org.springframework.data.keyvalue.repository.KeyValueRepository
2025-06-07 22:23:22,299 INFO o.s.d.r.c.RepositoryConfigurationExtensionSupport [main] Spring Data Redis - Could not safely identify store assignment for repository candidate interface com.school.management.repository.TrimestreRepository; If you want this repository to be a Redis repository, consider annotating your entities with one of these annotations: org.springframework.data.redis.core.RedisHash (preferred), or consider extending one of the following types with your repository: org.springframework.data.keyvalue.repository.KeyValueRepository
2025-06-07 22:23:22,299 INFO o.s.d.r.c.RepositoryConfigurationExtensionSupport [main] Spring Data Redis - Could not safely identify store assignment for repository candidate interface com.school.management.repository.TypeAffectationRepository; If you want this repository to be a Redis repository, consider annotating your entities with one of these annotations: org.springframework.data.redis.core.RedisHash (preferred), or consider extending one of the following types with your repository: org.springframework.data.keyvalue.repository.KeyValueRepository
2025-06-07 22:23:22,300 INFO o.s.d.r.c.RepositoryConfigurationExtensionSupport [main] Spring Data Redis - Could not safely identify store assignment for repository candidate interface com.school.management.repository.UtilisateurRepository; If you want this repository to be a Redis repository, consider annotating your entities with one of these annotations: org.springframework.data.redis.core.RedisHash (preferred), or consider extending one of the following types with your repository: org.springframework.data.keyvalue.repository.KeyValueRepository
2025-06-07 22:23:22,300 INFO o.s.d.r.c.RepositoryConfigurationDelegate [main] Finished Spring Data repository scanning in 26 ms. Found 0 Redis repository interfaces.
2025-06-07 22:23:23,893 INFO o.s.b.w.e.t.TomcatWebServer [main] Tomcat initialized with port 8080 (http)
2025-06-07 22:23:23,917 INFO o.a.j.l.DirectJDKLog [main] Initializing ProtocolHandler ["http-nio-8080"]
2025-06-07 22:23:23,922 INFO o.a.j.l.DirectJDKLog [main] Starting service [Tomcat]
2025-06-07 22:23:23,923 INFO o.a.j.l.DirectJDKLog [main] Starting Servlet engine: [Apache Tomcat/10.1.41]
2025-06-07 22:23:24,009 INFO o.a.j.l.DirectJDKLog [main] Initializing Spring embedded WebApplicationContext
2025-06-07 22:23:24,011 INFO o.s.b.w.s.c.ServletWebServerApplicationContext [main] Root WebApplicationContext: initialization completed in 4437 ms
2025-06-07 22:23:24,520 INFO o.h.j.i.u.LogHelper [main] HHH000204: Processing PersistenceUnitInfo [name: default]
2025-06-07 22:23:24,651 INFO o.h.Version [main] HHH000412: Hibernate ORM core version 6.5.3.Final
2025-06-07 22:23:24,730 INFO o.h.c.i.RegionFactoryInitiator [main] HHH000026: Second-level cache disabled
2025-06-07 22:23:25,405 INFO o.s.o.j.p.SpringPersistenceUnitInfo [main] No LoadTimeWeaver setup: ignoring JPA class transformer
2025-06-07 22:23:25,468 INFO c.z.h.HikariDataSource [main] HikariPool-1 - Starting...
2025-06-07 22:23:25,822 INFO c.z.h.p.HikariPool [main] HikariPool-1 - Added connection conn0: url=jdbc:h2:mem:testdb user=SA
2025-06-07 22:23:25,825 INFO c.z.h.HikariDataSource [main] HikariPool-1 - Start completed.
2025-06-07 22:23:25,871 WARN o.h.e.j.d.i.DialectFactoryImpl [main] HHH90000025: H2Dialect does not need to be specified explicitly using 'hibernate.dialect' (remove the property setting and it will be selected by default)
2025-06-07 22:23:28,698 INFO o.h.e.t.j.p.i.JtaPlatformInitiator [main] HHH000489: No JTA platform available (set 'hibernate.transaction.jta.platform' to enable JTA platform integration)
2025-06-07 22:23:28,734 DEBUG o.h.e.j.s.SqlStatementLogger [main] 
    drop table if exists "affectation" cascade 
2025-06-07 22:23:28,745 DEBUG o.h.e.j.s.SqlStatementLogger [main] 
    drop table if exists "annee_scolaire" cascade 
2025-06-07 22:23:28,746 DEBUG o.h.e.j.s.SqlStatementLogger [main] 
    drop table if exists "classes" cascade 
2025-06-07 22:23:28,747 DEBUG o.h.e.j.s.SqlStatementLogger [main] 
    drop table if exists "document" cascade 
2025-06-07 22:23:28,747 DEBUG o.h.e.j.s.SqlStatementLogger [main] 
    drop table if exists "eleve" cascade 
2025-06-07 22:23:28,748 DEBUG o.h.e.j.s.SqlStatementLogger [main] 
    drop table if exists "enseignant" cascade 
2025-06-07 22:23:28,748 DEBUG o.h.e.j.s.SqlStatementLogger [main] 
    drop table if exists "grade" cascade 
2025-06-07 22:23:28,749 DEBUG o.h.e.j.s.SqlStatementLogger [main] 
    drop table if exists "log_activite" cascade 
2025-06-07 22:23:28,749 DEBUG o.h.e.j.s.SqlStatementLogger [main] 
    drop table if exists "matiere" cascade 
2025-06-07 22:23:28,750 DEBUG o.h.e.j.s.SqlStatementLogger [main] 
    drop table if exists "note" cascade 
2025-06-07 22:23:28,751 DEBUG o.h.e.j.s.SqlStatementLogger [main] 
    drop table if exists "notifications" cascade 
2025-06-07 22:23:28,751 DEBUG o.h.e.j.s.SqlStatementLogger [main] 
    drop table if exists "paiements" cascade 
2025-06-07 22:23:28,752 DEBUG o.h.e.j.s.SqlStatementLogger [main] 
    drop table if exists "parents" cascade 
2025-06-07 22:23:28,753 DEBUG o.h.e.j.s.SqlStatementLogger [main] 
    drop table if exists "profil_utilisateur" cascade 
2025-06-07 22:23:28,753 DEBUG o.h.e.j.s.SqlStatementLogger [main] 
    drop table if exists "role" cascade 
2025-06-07 22:23:28,754 DEBUG o.h.e.j.s.SqlStatementLogger [main] 
    drop table if exists "sections" cascade 
2025-06-07 22:23:28,755 DEBUG o.h.e.j.s.SqlStatementLogger [main] 
    drop table if exists "sequence" cascade 
2025-06-07 22:23:28,757 DEBUG o.h.e.j.s.SqlStatementLogger [main] 
    drop table if exists "statut_annee" cascade 
2025-06-07 22:23:28,760 DEBUG o.h.e.j.s.SqlStatementLogger [main] 
    drop table if exists "student_progress_report" cascade 
2025-06-07 22:23:28,761 DEBUG o.h.e.j.s.SqlStatementLogger [main] 
    drop table if exists "students" cascade 
2025-06-07 22:23:28,762 DEBUG o.h.e.j.s.SqlStatementLogger [main] 
    drop table if exists "subject" cascade 
2025-06-07 22:23:28,763 DEBUG o.h.e.j.s.SqlStatementLogger [main] 
    drop table if exists "trimestre" cascade 
2025-06-07 22:23:28,764 DEBUG o.h.e.j.s.SqlStatementLogger [main] 
    drop table if exists "type_affectation" cascade 
2025-06-07 22:23:28,764 DEBUG o.h.e.j.s.SqlStatementLogger [main] 
    drop table if exists "utilisateur" cascade 
2025-06-07 22:23:28,776 DEBUG o.h.e.j.s.SqlStatementLogger [main] 
    create table "affectation" (
        "date_debut" date,
        "date_fin" date,
        "annee_scolaire_id" bigint not null,
        "classe_id" bigint not null,
        "created_at" timestamp(6),
        "enseignant_id" bigint not null,
        "id" bigint generated by default as identity,
        "matiere_id" bigint not null,
        "updated_at" timestamp(6),
        "type_code" varchar(20) not null,
        primary key ("id")
    )
2025-06-07 22:23:28,790 DEBUG o.h.e.j.s.SqlStatementLogger [main] 
    create table "annee_scolaire" (
        "date_debut" date not null,
        "date_fin" date not null,
        "created_at" timestamp(6),
        "id" bigint generated by default as identity,
        "updated_at" timestamp(6),
        "statut_code" varchar(20) not null,
        "libelle" varchar(50) not null,
        primary key ("id")
    )
2025-06-07 22:23:28,792 DEBUG o.h.e.j.s.SqlStatementLogger [main] 
    create table "classes" (
        "actif" boolean,
        "capacite" integer,
        "created_at" timestamp(6),
        "id" bigint generated by default as identity,
        "updated_at" timestamp(6),
        "annee_scolaire" varchar(9) not null,
        "niveau" varchar(50) not null,
        "nom" varchar(100) not null,
        "description" varchar(500),
        primary key ("id")
    )
2025-06-07 22:23:28,795 DEBUG o.h.e.j.s.SqlStatementLogger [main] 
    create table "document" (
        "date_ajout" timestamp(6),
        "eleve_id" bigint,
        "id" bigint generated by default as identity,
        "chemin_fichier" varchar(255) not null,
        "type_document" enum ('AUTRE','BULLETIN','RECU') not null,
        primary key ("id")
    )
2025-06-07 22:23:28,798 DEBUG o.h.e.j.s.SqlStatementLogger [main] 
    create table "eleve" (
        "actif" boolean,
        "date_naissance" date,
        "classe_id" bigint,
        "created_at" timestamp(6),
        "date_inscription" timestamp(6),
        "id" bigint generated by default as identity,
        "parent_id" bigint,
        "section_id" bigint,
        "updated_at" timestamp(6),
        "genre" varchar(20),
        "email" varchar(100) not null unique,
        "nom" varchar(100) not null,
        "prenom" varchar(100) not null,
        "adresse" varchar(200),
        primary key ("id")
    )
2025-06-07 22:23:28,803 DEBUG o.h.e.j.s.SqlStatementLogger [main] 
    create table "enseignant" (
        "actif" boolean,
        "created_at" timestamp(6),
        "date_embauche" timestamp(6),
        "id" bigint generated by default as identity,
        "section_id" bigint,
        "updated_at" timestamp(6),
        "telephone" varchar(20),
        "niveau" varchar(50),
        "email" varchar(100) not null unique,
        "nom" varchar(100) not null,
        "prenom" varchar(100) not null,
        "specialite" varchar(100),
        primary key ("id")
    )
2025-06-07 22:23:28,806 DEBUG o.h.e.j.s.SqlStatementLogger [main] 
    create table "grade" (
        "grade" float(53) not null,
        "created_at" timestamp(6),
        "id" bigint generated by default as identity,
        "student_id" bigint not null,
        "subject_id" bigint not null,
        "updated_at" timestamp(6),
        "period" varchar(20) not null,
        "comments" varchar(500),
        primary key ("id")
    )
2025-06-07 22:23:28,808 DEBUG o.h.e.j.s.SqlStatementLogger [main] 
    create table "log_activite" (
        "date_action" timestamp(6),
        "id" bigint generated by default as identity,
        "reference_id" bigint,
        "utilisateur_id" bigint not null,
        "ip_adresse" varchar(45),
        "table_cible" varchar(100),
        "action" varchar(255) not null,
        primary key ("id")
    )
2025-06-07 22:23:28,810 DEBUG o.h.e.j.s.SqlStatementLogger [main] 
    create table "matiere" (
        "coefficient" numeric(5,2) not null,
        "created_at" timestamp(6),
        "id" bigint generated by default as identity,
        "updated_at" timestamp(6),
        "nom" varchar(100) not null,
        primary key ("id")
    )
2025-06-07 22:23:28,811 DEBUG o.h.e.j.s.SqlStatementLogger [main] 
    create table "note" (
        "note" numeric(5,2) not null,
        "created_at" timestamp(6) not null,
        "eleve_id" bigint not null,
        "id" bigint generated by default as identity,
        "matiere_id" bigint not null,
        "sequence_id" bigint not null,
        "trimestre_id" bigint,
        "updated_at" timestamp(6),
        "commentaire" varchar(255),
        primary key ("id")
    )
2025-06-07 22:23:28,814 DEBUG o.h.e.j.s.SqlStatementLogger [main] 
    create table "notifications" (
        "read" boolean,
        "created_at" timestamp(6),
        "id" bigint generated by default as identity,
        "user_id" bigint,
        "message" varchar(255) not null,
        primary key ("id")
    )
2025-06-07 22:23:28,818 DEBUG o.h.e.j.s.SqlStatementLogger [main] 
    create table "paiements" (
        "date_paiement" date,
        "montant" numeric(38,2) not null,
        "eleve_id" bigint not null,
        "id" bigint generated by default as identity,
        "description" varchar(255),
        "type_paiement" varchar(255),
        primary key ("id")
    )
2025-06-07 22:23:28,822 DEBUG o.h.e.j.s.SqlStatementLogger [main] 
    create table "parents" (
        "id" bigint generated by default as identity,
        "adresse" varchar(255),
        "email" varchar(255) unique,
        "nom" varchar(255) not null,
        "prenom" varchar(255) not null,
        "profession" varchar(255),
        "telephone" varchar(255),
        primary key ("id")
    )
2025-06-07 22:23:28,827 DEBUG o.h.e.j.s.SqlStatementLogger [main] 
    create table "profil_utilisateur" (
        "created_at" timestamp(6),
        "id" bigint generated by default as identity,
        "reference_id" bigint not null,
        "updated_at" timestamp(6),
        "utilisateur_id" bigint not null,
        "type_personne" enum ('AGENT','ELEVE','ENSEIGNANT','PARENT') not null,
        primary key ("id")
    )
2025-06-07 22:23:28,849 DEBUG o.h.e.j.s.SqlStatementLogger [main] 
    create table "role" (
        "id" bigint generated by default as identity,
        "libelle" varchar(50) not null unique,
        primary key ("id")
    )
2025-06-07 22:23:28,855 DEBUG o.h.e.j.s.SqlStatementLogger [main] 
    create table "sections" (
        "id" bigint generated by default as identity,
        "description" varchar(255),
        "nom" varchar(255) not null,
        primary key ("id")
    )
2025-06-07 22:23:28,860 DEBUG o.h.e.j.s.SqlStatementLogger [main] 
    create table "sequence" (
        "numero" integer not null,
        "created_at" timestamp(6),
        "id" bigint generated by default as identity,
        "trimestre_id" bigint not null,
        "updated_at" timestamp(6),
        "libelle" varchar(50) not null,
        primary key ("id")
    )
2025-06-07 22:23:28,863 DEBUG o.h.e.j.s.SqlStatementLogger [main] 
    create table "statut_annee" (
        "code" varchar(20) not null,
        "libelle" varchar(100) not null,
        primary key ("code")
    )
2025-06-07 22:23:28,866 DEBUG o.h.e.j.s.SqlStatementLogger [main] 
    create table "student_progress_report" (
        "attendance_rate" float(53),
        "average_grade" float(53),
        "created_at" timestamp(6),
        "id" bigint generated by default as identity,
        "student_id" bigint not null,
        "updated_at" timestamp(6),
        "period" varchar(20) not null,
        "comments" varchar(1000),
        primary key ("id")
    )
2025-06-07 22:23:28,870 DEBUG o.h.e.j.s.SqlStatementLogger [main] 
    create table "students" (
        "actif" boolean,
        "date_naissance" date not null,
        "genre" varchar(1),
        "classe_id" bigint,
        "created_at" timestamp(6),
        "date_inscription" timestamp(6) not null,
        "id" bigint generated by default as identity,
        "section_id" bigint,
        "updated_at" timestamp(6),
        "telephone" varchar(20),
        "section_name" varchar(50),
        "email" varchar(100) not null unique,
        "nom" varchar(100) not null,
        "nom_classe" varchar(100),
        "nom_parent" varchar(100),
        "prenom" varchar(100) not null,
        "adresse" varchar(200),
        primary key ("id")
    )
2025-06-07 22:23:28,875 DEBUG o.h.e.j.s.SqlStatementLogger [main] 
    create table "subject" (
        "actif" boolean,
        "coefficient" integer,
        "created_at" timestamp(6),
        "id" bigint generated by default as identity,
        "updated_at" timestamp(6),
        "code" varchar(20) not null unique,
        "nom" varchar(100) not null,
        "description" varchar(500),
        primary key ("id")
    )
2025-06-07 22:23:28,882 DEBUG o.h.e.j.s.SqlStatementLogger [main] 
    create table "trimestre" (
        "numero" integer not null,
        "annee_scolaire_id" bigint not null,
        "created_at" timestamp(6),
        "id" bigint generated by default as identity,
        "updated_at" timestamp(6),
        "libelle" varchar(50) not null,
        primary key ("id")
    )
2025-06-07 22:23:28,884 DEBUG o.h.e.j.s.SqlStatementLogger [main] 
    create table "type_affectation" (
        "code" varchar(20) not null,
        "libelle" varchar(100) not null,
        primary key ("code")
    )
2025-06-07 22:23:28,888 DEBUG o.h.e.j.s.SqlStatementLogger [main] 
    create table "utilisateur" (
        "actif" boolean,
        "created_at" timestamp(6),
        "id" bigint generated by default as identity,
        "last_login" timestamp(6),
        "role_id" bigint not null,
        "updated_at" timestamp(6),
        "email" varchar(100) not null unique,
        "nom" varchar(100) not null,
        "mot_de_passe" varchar(255) not null,
        "reset_token" varchar(255),
        "type_personne" enum ('ADMIN','AGENT','ELEVE','ENSEIGNANT','PARENT') not null,
        primary key ("id")
    )
2025-06-07 22:23:28,895 DEBUG o.h.e.j.s.SqlStatementLogger [main] 
    alter table if exists "affectation" 
       add constraint "FK9eu96qf7kye9sf1pmecfd0yfm" 
       foreign key ("annee_scolaire_id") 
       references "annee_scolaire"
2025-06-07 22:23:28,929 DEBUG o.h.e.j.s.SqlStatementLogger [main] 
    alter table if exists "affectation" 
       add constraint "FKpe0bo22qt45crdtir2olejjyg" 
       foreign key ("classe_id") 
       references "classes"
2025-06-07 22:23:28,932 DEBUG o.h.e.j.s.SqlStatementLogger [main] 
    alter table if exists "affectation" 
       add constraint "FK3av7c7bm789r6knql1ykv0iuh" 
       foreign key ("enseignant_id") 
       references "enseignant"
2025-06-07 22:23:28,937 DEBUG o.h.e.j.s.SqlStatementLogger [main] 
    alter table if exists "affectation" 
       add constraint "FKbd6pqb4xm1b2f6dsjng6t9vy1" 
       foreign key ("matiere_id") 
       references "matiere"
2025-06-07 22:23:28,946 DEBUG o.h.e.j.s.SqlStatementLogger [main] 
    alter table if exists "document" 
       add constraint "FK4uxipd5g6ulta9p7gt3992osv" 
       foreign key ("eleve_id") 
       references "eleve"
2025-06-07 22:23:28,949 DEBUG o.h.e.j.s.SqlStatementLogger [main] 
    alter table if exists "eleve" 
       add constraint "FKak1ytyiywaoq3w1wjuwpdu81p" 
       foreign key ("classe_id") 
       references "classes"
2025-06-07 22:23:28,952 DEBUG o.h.e.j.s.SqlStatementLogger [main] 
    alter table if exists "eleve" 
       add constraint "FK31spnejrvma8oawmo11nku169" 
       foreign key ("parent_id") 
       references "parents"
2025-06-07 22:23:28,954 DEBUG o.h.e.j.s.SqlStatementLogger [main] 
    alter table if exists "eleve" 
       add constraint "FKfpstf9bai3b6n4qu9wsx077ja" 
       foreign key ("section_id") 
       references "sections"
2025-06-07 22:23:28,964 DEBUG o.h.e.j.s.SqlStatementLogger [main] 
    alter table if exists "enseignant" 
       add constraint "FKh4do9onk9pwd1p5hpdl2jlvsw" 
       foreign key ("section_id") 
       references "sections"
2025-06-07 22:23:28,967 DEBUG o.h.e.j.s.SqlStatementLogger [main] 
    alter table if exists "grade" 
       add constraint "FKipf4njw2w6vostd6y4ti401mm" 
       foreign key ("student_id") 
       references "utilisateur"
2025-06-07 22:23:28,969 DEBUG o.h.e.j.s.SqlStatementLogger [main] 
    alter table if exists "grade" 
       add constraint "FKga475phybm7f4xh2qgjlm4tef" 
       foreign key ("subject_id") 
       references "subject"
2025-06-07 22:23:28,978 DEBUG o.h.e.j.s.SqlStatementLogger [main] 
    alter table if exists "log_activite" 
       add constraint "FKrfsnh1x7lprexosg0odve3edk" 
       foreign key ("utilisateur_id") 
       references "utilisateur"
2025-06-07 22:23:28,980 DEBUG o.h.e.j.s.SqlStatementLogger [main] 
    alter table if exists "note" 
       add constraint "FKckjcf0lcp26yn81tkbiyyvpxs" 
       foreign key ("eleve_id") 
       references "eleve"
2025-06-07 22:23:28,982 DEBUG o.h.e.j.s.SqlStatementLogger [main] 
    alter table if exists "note" 
       add constraint "FKce6fgrwojbdjuyfobkryhsubc" 
       foreign key ("matiere_id") 
       references "matiere"
2025-06-07 22:23:28,984 DEBUG o.h.e.j.s.SqlStatementLogger [main] 
    alter table if exists "note" 
       add constraint "FKnx3h3lbhngn4he4lrc8ylhrxh" 
       foreign key ("sequence_id") 
       references "sequence"
2025-06-07 22:23:28,986 DEBUG o.h.e.j.s.SqlStatementLogger [main] 
    alter table if exists "note" 
       add constraint "FKsq8sa1xg25htraxpx0ylx3lgk" 
       foreign key ("trimestre_id") 
       references "trimestre"
2025-06-07 22:23:28,988 DEBUG o.h.e.j.s.SqlStatementLogger [main] 
    alter table if exists "paiements" 
       add constraint "FKafefes0eqpleg9i7g6mvt6xhh" 
       foreign key ("eleve_id") 
       references "eleve"
2025-06-07 22:23:28,994 DEBUG o.h.e.j.s.SqlStatementLogger [main] 
    alter table if exists "profil_utilisateur" 
       add constraint "FK177de5xq3y87tjxuwctokx341" 
       foreign key ("utilisateur_id") 
       references "utilisateur"
2025-06-07 22:23:28,998 DEBUG o.h.e.j.s.SqlStatementLogger [main] 
    alter table if exists "sequence" 
       add constraint "FKclybiy2bjbpf0ejgg6rq51ynf" 
       foreign key ("trimestre_id") 
       references "trimestre"
2025-06-07 22:23:29,001 DEBUG o.h.e.j.s.SqlStatementLogger [main] 
    alter table if exists "student_progress_report" 
       add constraint "FK1u5j5o832a13lgcq3foy1g3rr" 
       foreign key ("student_id") 
       references "utilisateur"
2025-06-07 22:23:29,003 DEBUG o.h.e.j.s.SqlStatementLogger [main] 
    alter table if exists "students" 
       add constraint "FKtb9nirq953dcf0onxisl98ni1" 
       foreign key ("classe_id") 
       references "classes"
2025-06-07 22:23:29,005 DEBUG o.h.e.j.s.SqlStatementLogger [main] 
    alter table if exists "students" 
       add constraint "FKgkvw6901117nqyb8tyx3gmpk5" 
       foreign key ("section_id") 
       references "sections"
2025-06-07 22:23:29,011 DEBUG o.h.e.j.s.SqlStatementLogger [main] 
    alter table if exists "trimestre" 
       add constraint "FKql50yxg7ydwdp4uom1mltlbkr" 
       foreign key ("annee_scolaire_id") 
       references "annee_scolaire"
2025-06-07 22:23:29,013 DEBUG o.h.e.j.s.SqlStatementLogger [main] 
    alter table if exists "utilisateur" 
       add constraint "FKmjx8u4qqtx1pp4g0tpmuf3yb9" 
       foreign key ("role_id") 
       references "role"
2025-06-07 22:23:29,027 INFO o.s.o.j.AbstractEntityManagerFactoryBean [main] Initialized JPA EntityManagerFactory for persistence unit 'default'
2025-06-07 22:23:29,699 DEBUG o.s.w.f.GenericFilterBean [main] Filter 'jwtAuthenticationFilter' configured for use
2025-06-07 22:23:29,718 INFO c.s.m.c.WebSocketConfig [main] Initialisation de WebSocketConfig
2025-06-07 22:23:29,886 INFO o.s.d.j.r.q.QueryEnhancerFactory [main] Hibernate is in classpath; If applicable, HQL parser will be used.
2025-06-07 22:23:30,857 INFO c.s.m.c.WebSocketConfig [main] Configuration du message broker
2025-06-07 22:23:30,939 WARN o.s.c.s.AbstractApplicationContext [main] Exception encountered during context initialization - cancelling refresh attempt: org.springframework.beans.factory.UnsatisfiedDependencyException: Error creating bean with name 'gradeController' defined in file [C:\Users\GLOBAL STORE\Documents\Primary-School\backend\build\classes\java\main\com\school\management\controller\GradeController.class]: Unsatisfied dependency expressed through constructor parameter 0: Error creating bean with name 'gradeService' defined in file [C:\Users\GLOBAL STORE\Documents\Primary-School\backend\build\classes\java\main\com\school\management\service\GradeService.class]: Unsatisfied dependency expressed through constructor parameter 2: Error creating bean with name 'gradeRepository' defined in com.school.management.repository.GradeRepository defined in @EnableJpaRepositories declared on JpaRepositoriesRegistrar.EnableJpaRepositoriesConfiguration: Could not create query for public abstract org.springframework.data.domain.Page com.school.management.repository.GradeRepository.findByClasseIdAndPeriod(java.lang.String,java.lang.String,org.springframework.data.domain.Pageable); Reason: Failed to create query for method public abstract org.springframework.data.domain.Page com.school.management.repository.GradeRepository.findByClasseIdAndPeriod(java.lang.String,java.lang.String,org.springframework.data.domain.Pageable); No property 'classeId' found for type 'Grade'
2025-06-07 22:23:30,941 INFO o.s.o.j.AbstractEntityManagerFactoryBean [main] Closing JPA EntityManagerFactory for persistence unit 'default'
2025-06-07 22:23:30,943 DEBUG o.h.e.j.s.SqlStatementLogger [main] 
    drop table if exists "affectation" cascade 
2025-06-07 22:23:30,946 DEBUG o.h.e.j.s.SqlStatementLogger [main] 
    drop table if exists "annee_scolaire" cascade 
2025-06-07 22:23:30,948 DEBUG o.h.e.j.s.SqlStatementLogger [main] 
    drop table if exists "classes" cascade 
2025-06-07 22:23:30,950 DEBUG o.h.e.j.s.SqlStatementLogger [main] 
    drop table if exists "document" cascade 
2025-06-07 22:23:30,951 DEBUG o.h.e.j.s.SqlStatementLogger [main] 
    drop table if exists "eleve" cascade 
2025-06-07 22:23:30,953 DEBUG o.h.e.j.s.SqlStatementLogger [main] 
    drop table if exists "enseignant" cascade 
2025-06-07 22:23:30,954 DEBUG o.h.e.j.s.SqlStatementLogger [main] 
    drop table if exists "grade" cascade 
2025-06-07 22:23:30,955 DEBUG o.h.e.j.s.SqlStatementLogger [main] 
    drop table if exists "log_activite" cascade 
2025-06-07 22:23:30,957 DEBUG o.h.e.j.s.SqlStatementLogger [main] 
    drop table if exists "matiere" cascade 
2025-06-07 22:23:30,958 DEBUG o.h.e.j.s.SqlStatementLogger [main] 
    drop table if exists "note" cascade 
2025-06-07 22:23:30,959 DEBUG o.h.e.j.s.SqlStatementLogger [main] 
    drop table if exists "notifications" cascade 
2025-06-07 22:23:30,960 DEBUG o.h.e.j.s.SqlStatementLogger [main] 
    drop table if exists "paiements" cascade 
2025-06-07 22:23:30,960 DEBUG o.h.e.j.s.SqlStatementLogger [main] 
    drop table if exists "parents" cascade 
2025-06-07 22:23:30,961 DEBUG o.h.e.j.s.SqlStatementLogger [main] 
    drop table if exists "profil_utilisateur" cascade 
2025-06-07 22:23:30,962 DEBUG o.h.e.j.s.SqlStatementLogger [main] 
    drop table if exists "role" cascade 
2025-06-07 22:23:30,962 DEBUG o.h.e.j.s.SqlStatementLogger [main] 
    drop table if exists "sections" cascade 
2025-06-07 22:23:30,963 DEBUG o.h.e.j.s.SqlStatementLogger [main] 
    drop table if exists "sequence" cascade 
2025-06-07 22:23:30,964 DEBUG o.h.e.j.s.SqlStatementLogger [main] 
    drop table if exists "statut_annee" cascade 
2025-06-07 22:23:30,965 DEBUG o.h.e.j.s.SqlStatementLogger [main] 
    drop table if exists "student_progress_report" cascade 
2025-06-07 22:23:30,966 DEBUG o.h.e.j.s.SqlStatementLogger [main] 
    drop table if exists "students" cascade 
2025-06-07 22:23:30,967 DEBUG o.h.e.j.s.SqlStatementLogger [main] 
    drop table if exists "subject" cascade 
2025-06-07 22:23:30,968 DEBUG o.h.e.j.s.SqlStatementLogger [main] 
    drop table if exists "trimestre" cascade 
2025-06-07 22:23:30,968 DEBUG o.h.e.j.s.SqlStatementLogger [main] 
    drop table if exists "type_affectation" cascade 
2025-06-07 22:23:30,969 DEBUG o.h.e.j.s.SqlStatementLogger [main] 
    drop table if exists "utilisateur" cascade 
2025-06-07 22:23:30,972 INFO c.z.h.HikariDataSource [main] HikariPool-1 - Shutdown initiated...
2025-06-07 22:23:30,975 INFO c.z.h.HikariDataSource [main] HikariPool-1 - Shutdown completed.
2025-06-07 22:23:30,977 INFO o.a.j.l.DirectJDKLog [main] Stopping service [Tomcat]
2025-06-07 22:23:31,007 INFO o.s.b.a.l.ConditionEvaluationReportLogger [main] 

Error starting ApplicationContext. To display the condition evaluation report re-run your application with 'debug' enabled.
2025-06-07 22:23:31,052 ERROR o.s.b.SpringApplication [main] Application run failed
org.springframework.beans.factory.UnsatisfiedDependencyException: Error creating bean with name 'gradeController' defined in file [C:\Users\GLOBAL STORE\Documents\Primary-School\backend\build\classes\java\main\com\school\management\controller\GradeController.class]: Unsatisfied dependency expressed through constructor parameter 0: Error creating bean with name 'gradeService' defined in file [C:\Users\GLOBAL STORE\Documents\Primary-School\backend\build\classes\java\main\com\school\management\service\GradeService.class]: Unsatisfied dependency expressed through constructor parameter 2: Error creating bean with name 'gradeRepository' defined in com.school.management.repository.GradeRepository defined in @EnableJpaRepositories declared on JpaRepositoriesRegistrar.EnableJpaRepositoriesConfiguration: Could not create query for public abstract org.springframework.data.domain.Page com.school.management.repository.GradeRepository.findByClasseIdAndPeriod(java.lang.String,java.lang.String,org.springframework.data.domain.Pageable); Reason: Failed to create query for method public abstract org.springframework.data.domain.Page com.school.management.repository.GradeRepository.findByClasseIdAndPeriod(java.lang.String,java.lang.String,org.springframework.data.domain.Pageable); No property 'classeId' found for type 'Grade'
	at org.springframework.beans.factory.support.ConstructorResolver.createArgumentArray(ConstructorResolver.java:795)
	at org.springframework.beans.factory.support.ConstructorResolver.autowireConstructor(ConstructorResolver.java:237)
	at org.springframework.beans.factory.support.AbstractAutowireCapableBeanFactory.autowireConstructor(AbstractAutowireCapableBeanFactory.java:1375)
	at org.springframework.beans.factory.support.AbstractAutowireCapableBeanFactory.createBeanInstance(AbstractAutowireCapableBeanFactory.java:1212)
	at org.springframework.beans.factory.support.AbstractAutowireCapableBeanFactory.doCreateBean(AbstractAutowireCapableBeanFactory.java:562)
	at org.springframework.beans.factory.support.AbstractAutowireCapableBeanFactory.createBean(AbstractAutowireCapableBeanFactory.java:522)
	at org.springframework.beans.factory.support.AbstractBeanFactory.lambda$doGetBean$0(AbstractBeanFactory.java:337)
	at org.springframework.beans.factory.support.DefaultSingletonBeanRegistry.getSingleton(DefaultSingletonBeanRegistry.java:234)
	at org.springframework.beans.factory.support.AbstractBeanFactory.doGetBean(AbstractBeanFactory.java:335)
	at org.springframework.beans.factory.support.AbstractBeanFactory.getBean(AbstractBeanFactory.java:200)
	at org.springframework.beans.factory.support.DefaultListableBeanFactory.preInstantiateSingletons(DefaultListableBeanFactory.java:975)
	at org.springframework.context.support.AbstractApplicationContext.finishBeanFactoryInitialization(AbstractApplicationContext.java:971)
	at org.springframework.context.support.AbstractApplicationContext.refresh(AbstractApplicationContext.java:625)
	at org.springframework.boot.web.servlet.context.ServletWebServerApplicationContext.refresh(ServletWebServerApplicationContext.java:146)
	at org.springframework.boot.SpringApplication.refresh(SpringApplication.java:755)
	at org.springframework.boot.SpringApplication.refreshContext(SpringApplication.java:456)
	at org.springframework.boot.SpringApplication.run(SpringApplication.java:335)
	at org.springframework.boot.SpringApplication.run(SpringApplication.java:1364)
	at org.springframework.boot.SpringApplication.run(SpringApplication.java:1353)
	at com.school.management.SchoolManagementApplication.main(SchoolManagementApplication.java:11)
Caused by: org.springframework.beans.factory.UnsatisfiedDependencyException: Error creating bean with name 'gradeService' defined in file [C:\Users\GLOBAL STORE\Documents\Primary-School\backend\build\classes\java\main\com\school\management\service\GradeService.class]: Unsatisfied dependency expressed through constructor parameter 2: Error creating bean with name 'gradeRepository' defined in com.school.management.repository.GradeRepository defined in @EnableJpaRepositories declared on JpaRepositoriesRegistrar.EnableJpaRepositoriesConfiguration: Could not create query for public abstract org.springframework.data.domain.Page com.school.management.repository.GradeRepository.findByClasseIdAndPeriod(java.lang.String,java.lang.String,org.springframework.data.domain.Pageable); Reason: Failed to create query for method public abstract org.springframework.data.domain.Page com.school.management.repository.GradeRepository.findByClasseIdAndPeriod(java.lang.String,java.lang.String,org.springframework.data.domain.Pageable); No property 'classeId' found for type 'Grade'
	at org.springframework.beans.factory.support.ConstructorResolver.createArgumentArray(ConstructorResolver.java:795)
	at org.springframework.beans.factory.support.ConstructorResolver.autowireConstructor(ConstructorResolver.java:237)
	at org.springframework.beans.factory.support.AbstractAutowireCapableBeanFactory.autowireConstructor(AbstractAutowireCapableBeanFactory.java:1375)
	at org.springframework.beans.factory.support.AbstractAutowireCapableBeanFactory.createBeanInstance(AbstractAutowireCapableBeanFactory.java:1212)
	at org.springframework.beans.factory.support.AbstractAutowireCapableBeanFactory.doCreateBean(AbstractAutowireCapableBeanFactory.java:562)
	at org.springframework.beans.factory.support.AbstractAutowireCapableBeanFactory.createBean(AbstractAutowireCapableBeanFactory.java:522)
	at org.springframework.beans.factory.support.AbstractBeanFactory.lambda$doGetBean$0(AbstractBeanFactory.java:337)
	at org.springframework.beans.factory.support.DefaultSingletonBeanRegistry.getSingleton(DefaultSingletonBeanRegistry.java:234)
	at org.springframework.beans.factory.support.AbstractBeanFactory.doGetBean(AbstractBeanFactory.java:335)
	at org.springframework.beans.factory.support.AbstractBeanFactory.getBean(AbstractBeanFactory.java:200)
	at org.springframework.beans.factory.config.DependencyDescriptor.resolveCandidate(DependencyDescriptor.java:254)
	at org.springframework.beans.factory.support.DefaultListableBeanFactory.doResolveDependency(DefaultListableBeanFactory.java:1448)
	at org.springframework.beans.factory.support.DefaultListableBeanFactory.resolveDependency(DefaultListableBeanFactory.java:1358)
	at org.springframework.beans.factory.support.ConstructorResolver.resolveAutowiredArgument(ConstructorResolver.java:904)
	at org.springframework.beans.factory.support.ConstructorResolver.createArgumentArray(ConstructorResolver.java:782)
	... 19 common frames omitted
Caused by: org.springframework.beans.factory.BeanCreationException: Error creating bean with name 'gradeRepository' defined in com.school.management.repository.GradeRepository defined in @EnableJpaRepositories declared on JpaRepositoriesRegistrar.EnableJpaRepositoriesConfiguration: Could not create query for public abstract org.springframework.data.domain.Page com.school.management.repository.GradeRepository.findByClasseIdAndPeriod(java.lang.String,java.lang.String,org.springframework.data.domain.Pageable); Reason: Failed to create query for method public abstract org.springframework.data.domain.Page com.school.management.repository.GradeRepository.findByClasseIdAndPeriod(java.lang.String,java.lang.String,org.springframework.data.domain.Pageable); No property 'classeId' found for type 'Grade'
	at org.springframework.beans.factory.support.AbstractAutowireCapableBeanFactory.initializeBean(AbstractAutowireCapableBeanFactory.java:1806)
	at org.springframework.beans.factory.support.AbstractAutowireCapableBeanFactory.doCreateBean(AbstractAutowireCapableBeanFactory.java:600)
	at org.springframework.beans.factory.support.AbstractAutowireCapableBeanFactory.createBean(AbstractAutowireCapableBeanFactory.java:522)
	at org.springframework.beans.factory.support.AbstractBeanFactory.lambda$doGetBean$0(AbstractBeanFactory.java:337)
	at org.springframework.beans.factory.support.DefaultSingletonBeanRegistry.getSingleton(DefaultSingletonBeanRegistry.java:234)
	at org.springframework.beans.factory.support.AbstractBeanFactory.doGetBean(AbstractBeanFactory.java:335)
	at org.springframework.beans.factory.support.AbstractBeanFactory.getBean(AbstractBeanFactory.java:200)
	at org.springframework.beans.factory.config.DependencyDescriptor.resolveCandidate(DependencyDescriptor.java:254)
	at org.springframework.beans.factory.support.DefaultListableBeanFactory.doResolveDependency(DefaultListableBeanFactory.java:1448)
	at org.springframework.beans.factory.support.DefaultListableBeanFactory.resolveDependency(DefaultListableBeanFactory.java:1358)
	at org.springframework.beans.factory.support.ConstructorResolver.resolveAutowiredArgument(ConstructorResolver.java:904)
	at org.springframework.beans.factory.support.ConstructorResolver.createArgumentArray(ConstructorResolver.java:782)
	... 33 common frames omitted
Caused by: org.springframework.data.repository.query.QueryCreationException: Could not create query for public abstract org.springframework.data.domain.Page com.school.management.repository.GradeRepository.findByClasseIdAndPeriod(java.lang.String,java.lang.String,org.springframework.data.domain.Pageable); Reason: Failed to create query for method public abstract org.springframework.data.domain.Page com.school.management.repository.GradeRepository.findByClasseIdAndPeriod(java.lang.String,java.lang.String,org.springframework.data.domain.Pageable); No property 'classeId' found for type 'Grade'
	at org.springframework.data.repository.query.QueryCreationException.create(QueryCreationException.java:101)
	at org.springframework.data.repository.core.support.QueryExecutorMethodInterceptor.lookupQuery(QueryExecutorMethodInterceptor.java:119)
	at org.springframework.data.repository.core.support.QueryExecutorMethodInterceptor.mapMethodsToQuery(QueryExecutorMethodInterceptor.java:103)
	at org.springframework.data.repository.core.support.QueryExecutorMethodInterceptor.lambda$new$0(QueryExecutorMethodInterceptor.java:92)
	at java.base/java.util.Optional.map(Optional.java:260)
	at org.springframework.data.repository.core.support.QueryExecutorMethodInterceptor.<init>(QueryExecutorMethodInterceptor.java:92)
	at org.springframework.data.repository.core.support.RepositoryFactorySupport.getRepository(RepositoryFactorySupport.java:357)
	at org.springframework.data.repository.core.support.RepositoryFactoryBeanSupport.lambda$afterPropertiesSet$5(RepositoryFactoryBeanSupport.java:290)
	at org.springframework.data.util.Lazy.getNullable(Lazy.java:135)
	at org.springframework.data.util.Lazy.get(Lazy.java:113)
	at org.springframework.data.repository.core.support.RepositoryFactoryBeanSupport.afterPropertiesSet(RepositoryFactoryBeanSupport.java:296)
	at org.springframework.data.jpa.repository.support.JpaRepositoryFactoryBean.afterPropertiesSet(JpaRepositoryFactoryBean.java:132)
	at org.springframework.beans.factory.support.AbstractAutowireCapableBeanFactory.invokeInitMethods(AbstractAutowireCapableBeanFactory.java:1853)
	at org.springframework.beans.factory.support.AbstractAutowireCapableBeanFactory.initializeBean(AbstractAutowireCapableBeanFactory.java:1802)
	... 44 common frames omitted
Caused by: java.lang.IllegalArgumentException: Failed to create query for method public abstract org.springframework.data.domain.Page com.school.management.repository.GradeRepository.findByClasseIdAndPeriod(java.lang.String,java.lang.String,org.springframework.data.domain.Pageable); No property 'classeId' found for type 'Grade'
	at org.springframework.data.jpa.repository.query.PartTreeJpaQuery.<init>(PartTreeJpaQuery.java:107)
	at org.springframework.data.jpa.repository.query.JpaQueryLookupStrategy$CreateQueryLookupStrategy.resolveQuery(JpaQueryLookupStrategy.java:124)
	at org.springframework.data.jpa.repository.query.JpaQueryLookupStrategy$CreateIfNotFoundQueryLookupStrategy.resolveQuery(JpaQueryLookupStrategy.java:258)
	at org.springframework.data.jpa.repository.query.JpaQueryLookupStrategy$AbstractQueryLookupStrategy.resolveQuery(JpaQueryLookupStrategy.java:95)
	at org.springframework.data.repository.core.support.QueryExecutorMethodInterceptor.lookupQuery(QueryExecutorMethodInterceptor.java:115)
	... 56 common frames omitted
Caused by: org.springframework.data.mapping.PropertyReferenceException: No property 'classeId' found for type 'Grade'
	at org.springframework.data.mapping.PropertyPath.<init>(PropertyPath.java:94)
	at org.springframework.data.mapping.PropertyPath.create(PropertyPath.java:455)
	at org.springframework.data.mapping.PropertyPath.create(PropertyPath.java:431)
	at org.springframework.data.mapping.PropertyPath.lambda$from$0(PropertyPath.java:384)
	at java.base/java.util.concurrent.ConcurrentMap.computeIfAbsent(ConcurrentMap.java:330)
	at org.springframework.data.mapping.PropertyPath.from(PropertyPath.java:366)
	at org.springframework.data.mapping.PropertyPath.from(PropertyPath.java:344)
	at org.springframework.data.repository.query.parser.Part.<init>(Part.java:81)
	at org.springframework.data.repository.query.parser.PartTree$OrPart.lambda$new$0(PartTree.java:259)
	at java.base/java.util.stream.ReferencePipeline$3$1.accept(ReferencePipeline.java:197)
	at java.base/java.util.stream.ReferencePipeline$2$1.accept(ReferencePipeline.java:179)
	at java.base/java.util.Spliterators$ArraySpliterator.forEachRemaining(Spliterators.java:1024)
	at java.base/java.util.stream.AbstractPipeline.copyInto(AbstractPipeline.java:509)
	at java.base/java.util.stream.AbstractPipeline.wrapAndCopyInto(AbstractPipeline.java:499)
	at java.base/java.util.stream.ReduceOps$ReduceOp.evaluateSequential(ReduceOps.java:921)
	at java.base/java.util.stream.AbstractPipeline.evaluate(AbstractPipeline.java:234)
	at java.base/java.util.stream.ReferencePipeline.collect(ReferencePipeline.java:682)
	at org.springframework.data.repository.query.parser.PartTree$OrPart.<init>(PartTree.java:260)
	at org.springframework.data.repository.query.parser.PartTree$Predicate.lambda$new$0(PartTree.java:389)
	at java.base/java.util.stream.ReferencePipeline$3$1.accept(ReferencePipeline.java:197)
	at java.base/java.util.stream.ReferencePipeline$2$1.accept(ReferencePipeline.java:179)
	at java.base/java.util.Spliterators$ArraySpliterator.forEachRemaining(Spliterators.java:1024)
	at java.base/java.util.stream.AbstractPipeline.copyInto(AbstractPipeline.java:509)
	at java.base/java.util.stream.AbstractPipeline.wrapAndCopyInto(AbstractPipeline.java:499)
	at java.base/java.util.stream.ReduceOps$ReduceOp.evaluateSequential(ReduceOps.java:921)
	at java.base/java.util.stream.AbstractPipeline.evaluate(AbstractPipeline.java:234)
	at java.base/java.util.stream.ReferencePipeline.collect(ReferencePipeline.java:682)
	at org.springframework.data.repository.query.parser.PartTree$Predicate.<init>(PartTree.java:390)
	at org.springframework.data.repository.query.parser.PartTree.<init>(PartTree.java:103)
	at org.springframework.data.jpa.repository.query.PartTreeJpaQuery.<init>(PartTreeJpaQuery.java:101)
	... 60 common frames omitted
2025-06-07 22:36:57,004 INFO o.h.v.i.u.Version [background-preinit] HV000001: Hibernate Validator 8.0.1.Final
2025-06-07 22:36:57,131 INFO o.s.b.StartupInfoLogger [main] Starting SchoolManagementApplication using Java 21.0.6 with PID 25408 (C:\Users\GLOBAL STORE\Documents\Primary-School\backend\build\classes\java\main started by GLOBAL STORE in C:\Users\GLOBAL STORE\Documents\Primary-School\backend)
2025-06-07 22:36:57,132 DEBUG o.s.b.StartupInfoLogger [main] Running with Spring Boot v3.3.12, Spring v6.1.20
2025-06-07 22:36:57,133 INFO o.s.b.SpringApplication [main] No active profile set, falling back to 1 default profile: "default"
2025-06-07 22:37:00,159 INFO o.s.d.r.c.RepositoryConfigurationDelegate [main] Multiple Spring Data modules found, entering strict repository configuration mode
2025-06-07 22:37:00,162 INFO o.s.d.r.c.RepositoryConfigurationDelegate [main] Bootstrapping Spring Data JPA repositories in DEFAULT mode.
2025-06-07 22:37:00,741 INFO o.s.d.r.c.RepositoryConfigurationDelegate [main] Finished Spring Data repository scanning in 563 ms. Found 22 JPA repository interfaces.
2025-06-07 22:37:00,774 INFO o.s.d.r.c.RepositoryConfigurationDelegate [main] Multiple Spring Data modules found, entering strict repository configuration mode
2025-06-07 22:37:00,778 INFO o.s.d.r.c.RepositoryConfigurationDelegate [main] Bootstrapping Spring Data Redis repositories in DEFAULT mode.
2025-06-07 22:37:00,820 INFO o.s.d.r.c.RepositoryConfigurationExtensionSupport [main] Spring Data Redis - Could not safely identify store assignment for repository candidate interface com.school.management.repository.AffectationRepository; If you want this repository to be a Redis repository, consider annotating your entities with one of these annotations: org.springframework.data.redis.core.RedisHash (preferred), or consider extending one of the following types with your repository: org.springframework.data.keyvalue.repository.KeyValueRepository
2025-06-07 22:37:00,821 INFO o.s.d.r.c.RepositoryConfigurationExtensionSupport [main] Spring Data Redis - Could not safely identify store assignment for repository candidate interface com.school.management.repository.AnneeScolaireRepository; If you want this repository to be a Redis repository, consider annotating your entities with one of these annotations: org.springframework.data.redis.core.RedisHash (preferred), or consider extending one of the following types with your repository: org.springframework.data.keyvalue.repository.KeyValueRepository
2025-06-07 22:37:00,822 INFO o.s.d.r.c.RepositoryConfigurationExtensionSupport [main] Spring Data Redis - Could not safely identify store assignment for repository candidate interface com.school.management.repository.ClasseRepository; If you want this repository to be a Redis repository, consider annotating your entities with one of these annotations: org.springframework.data.redis.core.RedisHash (preferred), or consider extending one of the following types with your repository: org.springframework.data.keyvalue.repository.KeyValueRepository
2025-06-07 22:37:00,823 INFO o.s.d.r.c.RepositoryConfigurationExtensionSupport [main] Spring Data Redis - Could not safely identify store assignment for repository candidate interface com.school.management.repository.ClassRepository; If you want this repository to be a Redis repository, consider annotating your entities with one of these annotations: org.springframework.data.redis.core.RedisHash (preferred), or consider extending one of the following types with your repository: org.springframework.data.keyvalue.repository.KeyValueRepository
2025-06-07 22:37:00,823 INFO o.s.d.r.c.RepositoryConfigurationExtensionSupport [main] Spring Data Redis - Could not safely identify store assignment for repository candidate interface com.school.management.repository.DocumentRepository; If you want this repository to be a Redis repository, consider annotating your entities with one of these annotations: org.springframework.data.redis.core.RedisHash (preferred), or consider extending one of the following types with your repository: org.springframework.data.keyvalue.repository.KeyValueRepository
2025-06-07 22:37:00,824 INFO o.s.d.r.c.RepositoryConfigurationExtensionSupport [main] Spring Data Redis - Could not safely identify store assignment for repository candidate interface com.school.management.repository.EleveRepository; If you want this repository to be a Redis repository, consider annotating your entities with one of these annotations: org.springframework.data.redis.core.RedisHash (preferred), or consider extending one of the following types with your repository: org.springframework.data.keyvalue.repository.KeyValueRepository
2025-06-07 22:37:00,824 INFO o.s.d.r.c.RepositoryConfigurationExtensionSupport [main] Spring Data Redis - Could not safely identify store assignment for repository candidate interface com.school.management.repository.EnseignantRepository; If you want this repository to be a Redis repository, consider annotating your entities with one of these annotations: org.springframework.data.redis.core.RedisHash (preferred), or consider extending one of the following types with your repository: org.springframework.data.keyvalue.repository.KeyValueRepository
2025-06-07 22:37:00,825 INFO o.s.d.r.c.RepositoryConfigurationExtensionSupport [main] Spring Data Redis - Could not safely identify store assignment for repository candidate interface com.school.management.repository.GradeRepository; If you want this repository to be a Redis repository, consider annotating your entities with one of these annotations: org.springframework.data.redis.core.RedisHash (preferred), or consider extending one of the following types with your repository: org.springframework.data.keyvalue.repository.KeyValueRepository
2025-06-07 22:37:00,825 INFO o.s.d.r.c.RepositoryConfigurationExtensionSupport [main] Spring Data Redis - Could not safely identify store assignment for repository candidate interface com.school.management.repository.LogActiviteRepository; If you want this repository to be a Redis repository, consider annotating your entities with one of these annotations: org.springframework.data.redis.core.RedisHash (preferred), or consider extending one of the following types with your repository: org.springframework.data.keyvalue.repository.KeyValueRepository
2025-06-07 22:37:00,826 INFO o.s.d.r.c.RepositoryConfigurationExtensionSupport [main] Spring Data Redis - Could not safely identify store assignment for repository candidate interface com.school.management.repository.MatiereRepository; If you want this repository to be a Redis repository, consider annotating your entities with one of these annotations: org.springframework.data.redis.core.RedisHash (preferred), or consider extending one of the following types with your repository: org.springframework.data.keyvalue.repository.KeyValueRepository
2025-06-07 22:37:00,826 INFO o.s.d.r.c.RepositoryConfigurationExtensionSupport [main] Spring Data Redis - Could not safely identify store assignment for repository candidate interface com.school.management.repository.NoteRepository; If you want this repository to be a Redis repository, consider annotating your entities with one of these annotations: org.springframework.data.redis.core.RedisHash (preferred), or consider extending one of the following types with your repository: org.springframework.data.keyvalue.repository.KeyValueRepository
2025-06-07 22:37:00,826 INFO o.s.d.r.c.RepositoryConfigurationExtensionSupport [main] Spring Data Redis - Could not safely identify store assignment for repository candidate interface com.school.management.repository.NotificationRepository; If you want this repository to be a Redis repository, consider annotating your entities with one of these annotations: org.springframework.data.redis.core.RedisHash (preferred), or consider extending one of the following types with your repository: org.springframework.data.keyvalue.repository.KeyValueRepository
2025-06-07 22:37:00,827 INFO o.s.d.r.c.RepositoryConfigurationExtensionSupport [main] Spring Data Redis - Could not safely identify store assignment for repository candidate interface com.school.management.repository.PaiementRepository; If you want this repository to be a Redis repository, consider annotating your entities with one of these annotations: org.springframework.data.redis.core.RedisHash (preferred), or consider extending one of the following types with your repository: org.springframework.data.keyvalue.repository.KeyValueRepository
2025-06-07 22:37:00,827 INFO o.s.d.r.c.RepositoryConfigurationExtensionSupport [main] Spring Data Redis - Could not safely identify store assignment for repository candidate interface com.school.management.repository.ProfilUtilisateurRepository; If you want this repository to be a Redis repository, consider annotating your entities with one of these annotations: org.springframework.data.redis.core.RedisHash (preferred), or consider extending one of the following types with your repository: org.springframework.data.keyvalue.repository.KeyValueRepository
2025-06-07 22:37:00,827 INFO o.s.d.r.c.RepositoryConfigurationExtensionSupport [main] Spring Data Redis - Could not safely identify store assignment for repository candidate interface com.school.management.repository.RoleRepository; If you want this repository to be a Redis repository, consider annotating your entities with one of these annotations: org.springframework.data.redis.core.RedisHash (preferred), or consider extending one of the following types with your repository: org.springframework.data.keyvalue.repository.KeyValueRepository
2025-06-07 22:37:00,828 INFO o.s.d.r.c.RepositoryConfigurationExtensionSupport [main] Spring Data Redis - Could not safely identify store assignment for repository candidate interface com.school.management.repository.SectionRepository; If you want this repository to be a Redis repository, consider annotating your entities with one of these annotations: org.springframework.data.redis.core.RedisHash (preferred), or consider extending one of the following types with your repository: org.springframework.data.keyvalue.repository.KeyValueRepository
2025-06-07 22:37:00,828 INFO o.s.d.r.c.RepositoryConfigurationExtensionSupport [main] Spring Data Redis - Could not safely identify store assignment for repository candidate interface com.school.management.repository.SequenceRepository; If you want this repository to be a Redis repository, consider annotating your entities with one of these annotations: org.springframework.data.redis.core.RedisHash (preferred), or consider extending one of the following types with your repository: org.springframework.data.keyvalue.repository.KeyValueRepository
2025-06-07 22:37:00,829 INFO o.s.d.r.c.RepositoryConfigurationExtensionSupport [main] Spring Data Redis - Could not safely identify store assignment for repository candidate interface com.school.management.repository.StatutAnneeRepository; If you want this repository to be a Redis repository, consider annotating your entities with one of these annotations: org.springframework.data.redis.core.RedisHash (preferred), or consider extending one of the following types with your repository: org.springframework.data.keyvalue.repository.KeyValueRepository
2025-06-07 22:37:00,830 INFO o.s.d.r.c.RepositoryConfigurationExtensionSupport [main] Spring Data Redis - Could not safely identify store assignment for repository candidate interface com.school.management.repository.StudentRepository; If you want this repository to be a Redis repository, consider annotating your entities with one of these annotations: org.springframework.data.redis.core.RedisHash (preferred), or consider extending one of the following types with your repository: org.springframework.data.keyvalue.repository.KeyValueRepository
2025-06-07 22:37:00,831 INFO o.s.d.r.c.RepositoryConfigurationExtensionSupport [main] Spring Data Redis - Could not safely identify store assignment for repository candidate interface com.school.management.repository.TrimestreRepository; If you want this repository to be a Redis repository, consider annotating your entities with one of these annotations: org.springframework.data.redis.core.RedisHash (preferred), or consider extending one of the following types with your repository: org.springframework.data.keyvalue.repository.KeyValueRepository
2025-06-07 22:37:00,832 INFO o.s.d.r.c.RepositoryConfigurationExtensionSupport [main] Spring Data Redis - Could not safely identify store assignment for repository candidate interface com.school.management.repository.TypeAffectationRepository; If you want this repository to be a Redis repository, consider annotating your entities with one of these annotations: org.springframework.data.redis.core.RedisHash (preferred), or consider extending one of the following types with your repository: org.springframework.data.keyvalue.repository.KeyValueRepository
2025-06-07 22:37:00,832 INFO o.s.d.r.c.RepositoryConfigurationExtensionSupport [main] Spring Data Redis - Could not safely identify store assignment for repository candidate interface com.school.management.repository.UtilisateurRepository; If you want this repository to be a Redis repository, consider annotating your entities with one of these annotations: org.springframework.data.redis.core.RedisHash (preferred), or consider extending one of the following types with your repository: org.springframework.data.keyvalue.repository.KeyValueRepository
2025-06-07 22:37:00,833 INFO o.s.d.r.c.RepositoryConfigurationDelegate [main] Finished Spring Data repository scanning in 28 ms. Found 0 Redis repository interfaces.
2025-06-07 22:37:02,578 INFO o.s.b.w.e.t.TomcatWebServer [main] Tomcat initialized with port 8080 (http)
2025-06-07 22:37:02,610 INFO o.a.j.l.DirectJDKLog [main] Initializing ProtocolHandler ["http-nio-8080"]
2025-06-07 22:37:02,615 INFO o.a.j.l.DirectJDKLog [main] Starting service [Tomcat]
2025-06-07 22:37:02,615 INFO o.a.j.l.DirectJDKLog [main] Starting Servlet engine: [Apache Tomcat/10.1.41]
2025-06-07 22:37:02,713 INFO o.a.j.l.DirectJDKLog [main] Initializing Spring embedded WebApplicationContext
2025-06-07 22:37:02,717 INFO o.s.b.w.s.c.ServletWebServerApplicationContext [main] Root WebApplicationContext: initialization completed in 5469 ms
2025-06-07 22:37:03,309 INFO o.h.j.i.u.LogHelper [main] HHH000204: Processing PersistenceUnitInfo [name: default]
2025-06-07 22:37:03,525 INFO o.h.Version [main] HHH000412: Hibernate ORM core version 6.5.3.Final
2025-06-07 22:37:03,674 INFO o.h.c.i.RegionFactoryInitiator [main] HHH000026: Second-level cache disabled
2025-06-07 22:37:04,536 INFO o.s.o.j.p.SpringPersistenceUnitInfo [main] No LoadTimeWeaver setup: ignoring JPA class transformer
2025-06-07 22:37:04,636 INFO c.z.h.HikariDataSource [main] HikariPool-1 - Starting...
2025-06-07 22:37:05,110 INFO c.z.h.p.HikariPool [main] HikariPool-1 - Added connection conn0: url=jdbc:h2:mem:testdb user=SA
2025-06-07 22:37:05,114 INFO c.z.h.HikariDataSource [main] HikariPool-1 - Start completed.
2025-06-07 22:37:05,185 WARN o.h.e.j.d.i.DialectFactoryImpl [main] HHH90000025: H2Dialect does not need to be specified explicitly using 'hibernate.dialect' (remove the property setting and it will be selected by default)
2025-06-07 22:37:05,756 ERROR o.s.o.j.AbstractEntityManagerFactoryBean [main] Failed to initialize JPA EntityManagerFactory: Association 'com.school.management.model.Grade.classe' targets the type 'java.lang.Class' which is not an '@Entity' type
2025-06-07 22:37:05,758 ERROR o.s.b.w.e.t.TomcatStarter [main] Error starting Tomcat context. Exception: org.springframework.beans.factory.UnsatisfiedDependencyException. Message: Error creating bean with name 'securityConfig' defined in file [C:\Users\GLOBAL STORE\Documents\Primary-School\backend\build\classes\java\main\com\school\management\config\SecurityConfig.class]: Unsatisfied dependency expressed through constructor parameter 0: Error creating bean with name 'utilisateurRepository' defined in com.school.management.repository.UtilisateurRepository defined in @EnableJpaRepositories declared on JpaRepositoriesRegistrar.EnableJpaRepositoriesConfiguration: Cannot resolve reference to bean 'jpaSharedEM_entityManagerFactory' while setting bean property 'entityManager'
2025-06-07 22:37:05,833 INFO o.a.j.l.DirectJDKLog [main] Stopping service [Tomcat]
2025-06-07 22:37:05,837 WARN o.a.j.l.DirectJDKLog [main] The web application [api] appears to have started a thread named [HikariPool-1 housekeeper] but has failed to stop it. This is very likely to create a memory leak. Stack trace of thread:
 java.base/jdk.internal.misc.Unsafe.park(Native Method)
 java.base/java.util.concurrent.locks.LockSupport.parkNanos(LockSupport.java:269)
 java.base/java.util.concurrent.locks.AbstractQueuedSynchronizer$ConditionObject.awaitNanos(AbstractQueuedSynchronizer.java:1763)
 java.base/java.util.concurrent.ScheduledThreadPoolExecutor$DelayedWorkQueue.take(ScheduledThreadPoolExecutor.java:1182)
 java.base/java.util.concurrent.ScheduledThreadPoolExecutor$DelayedWorkQueue.take(ScheduledThreadPoolExecutor.java:899)
 java.base/java.util.concurrent.ThreadPoolExecutor.getTask(ThreadPoolExecutor.java:1070)
 java.base/java.util.concurrent.ThreadPoolExecutor.runWorker(ThreadPoolExecutor.java:1130)
 java.base/java.util.concurrent.ThreadPoolExecutor$Worker.run(ThreadPoolExecutor.java:642)
 java.base/java.lang.Thread.run(Thread.java:1583)
2025-06-07 22:37:05,838 WARN o.a.j.l.DirectJDKLog [main] The web application [api] appears to have started a thread named [HikariPool-1 connection adder] but has failed to stop it. This is very likely to create a memory leak. Stack trace of thread:
 java.base/jdk.internal.misc.Unsafe.park(Native Method)
 java.base/java.util.concurrent.locks.LockSupport.parkNanos(LockSupport.java:269)
 java.base/java.util.concurrent.locks.AbstractQueuedSynchronizer$ConditionObject.awaitNanos(AbstractQueuedSynchronizer.java:1763)
 java.base/java.util.concurrent.LinkedBlockingQueue.poll(LinkedBlockingQueue.java:460)
 java.base/java.util.concurrent.ThreadPoolExecutor.getTask(ThreadPoolExecutor.java:1069)
 java.base/java.util.concurrent.ThreadPoolExecutor.runWorker(ThreadPoolExecutor.java:1130)
 java.base/java.util.concurrent.ThreadPoolExecutor$Worker.run(ThreadPoolExecutor.java:642)
 java.base/java.lang.Thread.run(Thread.java:1583)
2025-06-07 22:37:05,842 WARN o.s.c.s.AbstractApplicationContext [main] Exception encountered during context initialization - cancelling refresh attempt: org.springframework.context.ApplicationContextException: Unable to start web server
2025-06-07 22:37:05,842 INFO c.z.h.HikariDataSource [main] HikariPool-1 - Shutdown initiated...
2025-06-07 22:37:05,845 INFO c.z.h.HikariDataSource [main] HikariPool-1 - Shutdown completed.
2025-06-07 22:37:05,869 INFO o.s.b.a.l.ConditionEvaluationReportLogger [main] 

Error starting ApplicationContext. To display the condition evaluation report re-run your application with 'debug' enabled.
2025-06-07 22:37:05,908 ERROR o.s.b.SpringApplication [main] Application run failed
org.springframework.context.ApplicationContextException: Unable to start web server
	at org.springframework.boot.web.servlet.context.ServletWebServerApplicationContext.onRefresh(ServletWebServerApplicationContext.java:170)
	at org.springframework.context.support.AbstractApplicationContext.refresh(AbstractApplicationContext.java:619)
	at org.springframework.boot.web.servlet.context.ServletWebServerApplicationContext.refresh(ServletWebServerApplicationContext.java:146)
	at org.springframework.boot.SpringApplication.refresh(SpringApplication.java:755)
	at org.springframework.boot.SpringApplication.refreshContext(SpringApplication.java:456)
	at org.springframework.boot.SpringApplication.run(SpringApplication.java:335)
	at org.springframework.boot.SpringApplication.run(SpringApplication.java:1364)
	at org.springframework.boot.SpringApplication.run(SpringApplication.java:1353)
	at com.school.management.SchoolManagementApplication.main(SchoolManagementApplication.java:11)
Caused by: org.springframework.boot.web.server.WebServerException: Unable to start embedded Tomcat
	at org.springframework.boot.web.embedded.tomcat.TomcatWebServer.initialize(TomcatWebServer.java:147)
	at org.springframework.boot.web.embedded.tomcat.TomcatWebServer.<init>(TomcatWebServer.java:107)
	at org.springframework.boot.web.embedded.tomcat.TomcatServletWebServerFactory.getTomcatWebServer(TomcatServletWebServerFactory.java:520)
	at org.springframework.boot.web.embedded.tomcat.TomcatServletWebServerFactory.getWebServer(TomcatServletWebServerFactory.java:222)
	at org.springframework.boot.web.servlet.context.ServletWebServerApplicationContext.createWebServer(ServletWebServerApplicationContext.java:193)
	at org.springframework.boot.web.servlet.context.ServletWebServerApplicationContext.onRefresh(ServletWebServerApplicationContext.java:167)
	... 8 common frames omitted
Caused by: org.springframework.beans.factory.UnsatisfiedDependencyException: Error creating bean with name 'securityConfig' defined in file [C:\Users\GLOBAL STORE\Documents\Primary-School\backend\build\classes\java\main\com\school\management\config\SecurityConfig.class]: Unsatisfied dependency expressed through constructor parameter 0: Error creating bean with name 'utilisateurRepository' defined in com.school.management.repository.UtilisateurRepository defined in @EnableJpaRepositories declared on JpaRepositoriesRegistrar.EnableJpaRepositoriesConfiguration: Cannot resolve reference to bean 'jpaSharedEM_entityManagerFactory' while setting bean property 'entityManager'
	at org.springframework.beans.factory.support.ConstructorResolver.createArgumentArray(ConstructorResolver.java:795)
	at org.springframework.beans.factory.support.ConstructorResolver.autowireConstructor(ConstructorResolver.java:237)
	at org.springframework.beans.factory.support.AbstractAutowireCapableBeanFactory.autowireConstructor(AbstractAutowireCapableBeanFactory.java:1375)
	at org.springframework.beans.factory.support.AbstractAutowireCapableBeanFactory.createBeanInstance(AbstractAutowireCapableBeanFactory.java:1212)
	at org.springframework.beans.factory.support.AbstractAutowireCapableBeanFactory.doCreateBean(AbstractAutowireCapableBeanFactory.java:562)
	at org.springframework.beans.factory.support.AbstractAutowireCapableBeanFactory.createBean(AbstractAutowireCapableBeanFactory.java:522)
	at org.springframework.beans.factory.support.AbstractBeanFactory.lambda$doGetBean$0(AbstractBeanFactory.java:337)
	at org.springframework.beans.factory.support.DefaultSingletonBeanRegistry.getSingleton(DefaultSingletonBeanRegistry.java:234)
	at org.springframework.beans.factory.support.AbstractBeanFactory.doGetBean(AbstractBeanFactory.java:335)
	at org.springframework.beans.factory.support.AbstractBeanFactory.getBean(AbstractBeanFactory.java:200)
	at org.springframework.beans.factory.support.ConstructorResolver.instantiateUsingFactoryMethod(ConstructorResolver.java:409)
	at org.springframework.beans.factory.support.AbstractAutowireCapableBeanFactory.instantiateUsingFactoryMethod(AbstractAutowireCapableBeanFactory.java:1355)
	at org.springframework.beans.factory.support.AbstractAutowireCapableBeanFactory.createBeanInstance(AbstractAutowireCapableBeanFactory.java:1185)
	at org.springframework.beans.factory.support.AbstractAutowireCapableBeanFactory.doCreateBean(AbstractAutowireCapableBeanFactory.java:562)
	at org.springframework.beans.factory.support.AbstractAutowireCapableBeanFactory.createBean(AbstractAutowireCapableBeanFactory.java:522)
	at org.springframework.beans.factory.support.AbstractBeanFactory.lambda$doGetBean$0(AbstractBeanFactory.java:337)
	at org.springframework.beans.factory.support.DefaultSingletonBeanRegistry.getSingleton(DefaultSingletonBeanRegistry.java:234)
	at org.springframework.beans.factory.support.AbstractBeanFactory.doGetBean(AbstractBeanFactory.java:335)
	at org.springframework.beans.factory.support.AbstractBeanFactory.getBean(AbstractBeanFactory.java:205)
	at org.springframework.boot.web.servlet.ServletContextInitializerBeans.getOrderedBeansOfType(ServletContextInitializerBeans.java:211)
	at org.springframework.boot.web.servlet.ServletContextInitializerBeans.addAsRegistrationBean(ServletContextInitializerBeans.java:174)
	at org.springframework.boot.web.servlet.ServletContextInitializerBeans.addAsRegistrationBean(ServletContextInitializerBeans.java:169)
	at org.springframework.boot.web.servlet.ServletContextInitializerBeans.addAdaptableBeans(ServletContextInitializerBeans.java:154)
	at org.springframework.boot.web.servlet.ServletContextInitializerBeans.<init>(ServletContextInitializerBeans.java:87)
	at org.springframework.boot.web.servlet.context.ServletWebServerApplicationContext.getServletContextInitializerBeans(ServletWebServerApplicationContext.java:271)
	at org.springframework.boot.web.servlet.context.ServletWebServerApplicationContext.selfInitialize(ServletWebServerApplicationContext.java:245)
	at org.springframework.boot.web.embedded.tomcat.TomcatStarter.onStartup(TomcatStarter.java:52)
	at org.apache.catalina.core.StandardContext.startInternal(StandardContext.java:4464)
	at org.apache.catalina.util.LifecycleBase.start(LifecycleBase.java:164)
	at org.apache.catalina.core.ContainerBase$StartChild.call(ContainerBase.java:1203)
	at org.apache.catalina.core.ContainerBase$StartChild.call(ContainerBase.java:1193)
	at java.base/java.util.concurrent.FutureTask.run(FutureTask.java:317)
	at org.apache.tomcat.util.threads.InlineExecutorService.execute(InlineExecutorService.java:75)
	at java.base/java.util.concurrent.AbstractExecutorService.submit(AbstractExecutorService.java:145)
	at org.apache.catalina.core.ContainerBase.startInternal(ContainerBase.java:749)
	at org.apache.catalina.core.StandardHost.startInternal(StandardHost.java:772)
	at org.apache.catalina.util.LifecycleBase.start(LifecycleBase.java:164)
	at org.apache.catalina.core.ContainerBase$StartChild.call(ContainerBase.java:1203)
	at org.apache.catalina.core.ContainerBase$StartChild.call(ContainerBase.java:1193)
	at java.base/java.util.concurrent.FutureTask.run(FutureTask.java:317)
	at org.apache.tomcat.util.threads.InlineExecutorService.execute(InlineExecutorService.java:75)
	at java.base/java.util.concurrent.AbstractExecutorService.submit(AbstractExecutorService.java:145)
	at org.apache.catalina.core.ContainerBase.startInternal(ContainerBase.java:749)
	at org.apache.catalina.core.StandardEngine.startInternal(StandardEngine.java:203)
	at org.apache.catalina.util.LifecycleBase.start(LifecycleBase.java:164)
	at org.apache.catalina.core.StandardService.startInternal(StandardService.java:412)
	at org.apache.catalina.util.LifecycleBase.start(LifecycleBase.java:164)
	at org.apache.catalina.core.StandardServer.startInternal(StandardServer.java:870)
	at org.apache.catalina.util.LifecycleBase.start(LifecycleBase.java:164)
	at org.apache.catalina.startup.Tomcat.start(Tomcat.java:438)
	at org.springframework.boot.web.embedded.tomcat.TomcatWebServer.initialize(TomcatWebServer.java:128)
	... 13 common frames omitted
Caused by: org.springframework.beans.factory.BeanCreationException: Error creating bean with name 'utilisateurRepository' defined in com.school.management.repository.UtilisateurRepository defined in @EnableJpaRepositories declared on JpaRepositoriesRegistrar.EnableJpaRepositoriesConfiguration: Cannot resolve reference to bean 'jpaSharedEM_entityManagerFactory' while setting bean property 'entityManager'
	at org.springframework.beans.factory.support.BeanDefinitionValueResolver.resolveReference(BeanDefinitionValueResolver.java:377)
	at org.springframework.beans.factory.support.BeanDefinitionValueResolver.resolveValueIfNecessary(BeanDefinitionValueResolver.java:135)
	at org.springframework.beans.factory.support.AbstractAutowireCapableBeanFactory.applyPropertyValues(AbstractAutowireCapableBeanFactory.java:1705)
	at org.springframework.beans.factory.support.AbstractAutowireCapableBeanFactory.populateBean(AbstractAutowireCapableBeanFactory.java:1454)
	at org.springframework.beans.factory.support.AbstractAutowireCapableBeanFactory.doCreateBean(AbstractAutowireCapableBeanFactory.java:599)
	at org.springframework.beans.factory.support.AbstractAutowireCapableBeanFactory.createBean(AbstractAutowireCapableBeanFactory.java:522)
	at org.springframework.beans.factory.support.AbstractBeanFactory.lambda$doGetBean$0(AbstractBeanFactory.java:337)
	at org.springframework.beans.factory.support.DefaultSingletonBeanRegistry.getSingleton(DefaultSingletonBeanRegistry.java:234)
	at org.springframework.beans.factory.support.AbstractBeanFactory.doGetBean(AbstractBeanFactory.java:335)
	at org.springframework.beans.factory.support.AbstractBeanFactory.getBean(AbstractBeanFactory.java:200)
	at org.springframework.beans.factory.config.DependencyDescriptor.resolveCandidate(DependencyDescriptor.java:254)
	at org.springframework.beans.factory.support.DefaultListableBeanFactory.doResolveDependency(DefaultListableBeanFactory.java:1448)
	at org.springframework.beans.factory.support.DefaultListableBeanFactory.resolveDependency(DefaultListableBeanFactory.java:1358)
	at org.springframework.beans.factory.support.ConstructorResolver.resolveAutowiredArgument(ConstructorResolver.java:904)
	at org.springframework.beans.factory.support.ConstructorResolver.createArgumentArray(ConstructorResolver.java:782)
	... 63 common frames omitted
Caused by: org.springframework.beans.factory.BeanCreationException: Error creating bean with name 'jpaSharedEM_entityManagerFactory': Cannot resolve reference to bean 'entityManagerFactory' while setting constructor argument
	at org.springframework.beans.factory.support.BeanDefinitionValueResolver.resolveReference(BeanDefinitionValueResolver.java:377)
	at org.springframework.beans.factory.support.BeanDefinitionValueResolver.resolveValueIfNecessary(BeanDefinitionValueResolver.java:135)
	at org.springframework.beans.factory.support.ConstructorResolver.resolveConstructorArguments(ConstructorResolver.java:682)
	at org.springframework.beans.factory.support.ConstructorResolver.instantiateUsingFactoryMethod(ConstructorResolver.java:509)
	at org.springframework.beans.factory.support.AbstractAutowireCapableBeanFactory.instantiateUsingFactoryMethod(AbstractAutowireCapableBeanFactory.java:1355)
	at org.springframework.beans.factory.support.AbstractAutowireCapableBeanFactory.createBeanInstance(AbstractAutowireCapableBeanFactory.java:1185)
	at org.springframework.beans.factory.support.AbstractAutowireCapableBeanFactory.doCreateBean(AbstractAutowireCapableBeanFactory.java:562)
	at org.springframework.beans.factory.support.AbstractAutowireCapableBeanFactory.createBean(AbstractAutowireCapableBeanFactory.java:522)
	at org.springframework.beans.factory.support.AbstractBeanFactory.lambda$doGetBean$0(AbstractBeanFactory.java:337)
	at org.springframework.beans.factory.support.DefaultSingletonBeanRegistry.getSingleton(DefaultSingletonBeanRegistry.java:234)
	at org.springframework.beans.factory.support.AbstractBeanFactory.doGetBean(AbstractBeanFactory.java:335)
	at org.springframework.beans.factory.support.AbstractBeanFactory.getBean(AbstractBeanFactory.java:200)
	at org.springframework.beans.factory.support.BeanDefinitionValueResolver.resolveReference(BeanDefinitionValueResolver.java:365)
	... 77 common frames omitted
Caused by: org.springframework.beans.factory.BeanCreationException: Error creating bean with name 'entityManagerFactory' defined in class path resource [org/springframework/boot/autoconfigure/orm/jpa/HibernateJpaConfiguration.class]: Association 'com.school.management.model.Grade.classe' targets the type 'java.lang.Class' which is not an '@Entity' type
	at org.springframework.beans.factory.support.AbstractAutowireCapableBeanFactory.initializeBean(AbstractAutowireCapableBeanFactory.java:1806)
	at org.springframework.beans.factory.support.AbstractAutowireCapableBeanFactory.doCreateBean(AbstractAutowireCapableBeanFactory.java:600)
	at org.springframework.beans.factory.support.AbstractAutowireCapableBeanFactory.createBean(AbstractAutowireCapableBeanFactory.java:522)
	at org.springframework.beans.factory.support.AbstractBeanFactory.lambda$doGetBean$0(AbstractBeanFactory.java:337)
	at org.springframework.beans.factory.support.DefaultSingletonBeanRegistry.getSingleton(DefaultSingletonBeanRegistry.java:234)
	at org.springframework.beans.factory.support.AbstractBeanFactory.doGetBean(AbstractBeanFactory.java:335)
	at org.springframework.beans.factory.support.AbstractBeanFactory.getBean(AbstractBeanFactory.java:200)
	at org.springframework.beans.factory.support.BeanDefinitionValueResolver.resolveReference(BeanDefinitionValueResolver.java:365)
	... 89 common frames omitted
Caused by: org.hibernate.AnnotationException: Association 'com.school.management.model.Grade.classe' targets the type 'java.lang.Class' which is not an '@Entity' type
	at org.hibernate.boot.model.internal.ToOneFkSecondPass.doSecondPass(ToOneFkSecondPass.java:110)
	at org.hibernate.boot.internal.InFlightMetadataCollectorImpl.processEndOfQueue(InFlightMetadataCollectorImpl.java:1906)
	at org.hibernate.boot.internal.InFlightMetadataCollectorImpl.processFkSecondPassesInOrder(InFlightMetadataCollectorImpl.java:1855)
	at org.hibernate.boot.internal.InFlightMetadataCollectorImpl.processSecondPasses(InFlightMetadataCollectorImpl.java:1764)
	at org.hibernate.boot.model.process.spi.MetadataBuildingProcess.complete(MetadataBuildingProcess.java:334)
	at org.hibernate.jpa.boot.internal.EntityManagerFactoryBuilderImpl.metadata(EntityManagerFactoryBuilderImpl.java:1431)
	at org.hibernate.jpa.boot.internal.EntityManagerFactoryBuilderImpl.build(EntityManagerFactoryBuilderImpl.java:1502)
	at org.springframework.orm.jpa.vendor.SpringHibernateJpaPersistenceProvider.createContainerEntityManagerFactory(SpringHibernateJpaPersistenceProvider.java:75)
	at org.springframework.orm.jpa.LocalContainerEntityManagerFactoryBean.createNativeEntityManagerFactory(LocalContainerEntityManagerFactoryBean.java:390)
	at org.springframework.orm.jpa.AbstractEntityManagerFactoryBean.buildNativeEntityManagerFactory(AbstractEntityManagerFactoryBean.java:409)
	at org.springframework.orm.jpa.AbstractEntityManagerFactoryBean.afterPropertiesSet(AbstractEntityManagerFactoryBean.java:396)
	at org.springframework.orm.jpa.LocalContainerEntityManagerFactoryBean.afterPropertiesSet(LocalContainerEntityManagerFactoryBean.java:366)
	at org.springframework.beans.factory.support.AbstractAutowireCapableBeanFactory.invokeInitMethods(AbstractAutowireCapableBeanFactory.java:1853)
	at org.springframework.beans.factory.support.AbstractAutowireCapableBeanFactory.initializeBean(AbstractAutowireCapableBeanFactory.java:1802)
	... 96 common frames omitted
2025-06-07 22:41:45,646 INFO o.h.v.i.u.Version [background-preinit] HV000001: Hibernate Validator 8.0.1.Final
2025-06-07 22:41:45,823 INFO o.s.b.StartupInfoLogger [main] Starting SchoolManagementApplication using Java 21.0.6 with PID 11548 (C:\Users\GLOBAL STORE\Documents\Primary-School\backend\build\classes\java\main started by GLOBAL STORE in C:\Users\GLOBAL STORE\Documents\Primary-School\backend)
2025-06-07 22:41:45,823 DEBUG o.s.b.StartupInfoLogger [main] Running with Spring Boot v3.3.12, Spring v6.1.20
2025-06-07 22:41:45,824 INFO o.s.b.SpringApplication [main] No active profile set, falling back to 1 default profile: "default"
2025-06-07 22:41:48,538 INFO o.s.d.r.c.RepositoryConfigurationDelegate [main] Multiple Spring Data modules found, entering strict repository configuration mode
2025-06-07 22:41:48,542 INFO o.s.d.r.c.RepositoryConfigurationDelegate [main] Bootstrapping Spring Data JPA repositories in DEFAULT mode.
2025-06-07 22:41:49,446 INFO o.s.d.r.c.RepositoryConfigurationDelegate [main] Finished Spring Data repository scanning in 888 ms. Found 22 JPA repository interfaces.
2025-06-07 22:41:49,483 INFO o.s.d.r.c.RepositoryConfigurationDelegate [main] Multiple Spring Data modules found, entering strict repository configuration mode
2025-06-07 22:41:49,486 INFO o.s.d.r.c.RepositoryConfigurationDelegate [main] Bootstrapping Spring Data Redis repositories in DEFAULT mode.
2025-06-07 22:41:49,531 INFO o.s.d.r.c.RepositoryConfigurationExtensionSupport [main] Spring Data Redis - Could not safely identify store assignment for repository candidate interface com.school.management.repository.AffectationRepository; If you want this repository to be a Redis repository, consider annotating your entities with one of these annotations: org.springframework.data.redis.core.RedisHash (preferred), or consider extending one of the following types with your repository: org.springframework.data.keyvalue.repository.KeyValueRepository
2025-06-07 22:41:49,533 INFO o.s.d.r.c.RepositoryConfigurationExtensionSupport [main] Spring Data Redis - Could not safely identify store assignment for repository candidate interface com.school.management.repository.AnneeScolaireRepository; If you want this repository to be a Redis repository, consider annotating your entities with one of these annotations: org.springframework.data.redis.core.RedisHash (preferred), or consider extending one of the following types with your repository: org.springframework.data.keyvalue.repository.KeyValueRepository
2025-06-07 22:41:49,534 INFO o.s.d.r.c.RepositoryConfigurationExtensionSupport [main] Spring Data Redis - Could not safely identify store assignment for repository candidate interface com.school.management.repository.ClasseRepository; If you want this repository to be a Redis repository, consider annotating your entities with one of these annotations: org.springframework.data.redis.core.RedisHash (preferred), or consider extending one of the following types with your repository: org.springframework.data.keyvalue.repository.KeyValueRepository
2025-06-07 22:41:49,535 INFO o.s.d.r.c.RepositoryConfigurationExtensionSupport [main] Spring Data Redis - Could not safely identify store assignment for repository candidate interface com.school.management.repository.ClassRepository; If you want this repository to be a Redis repository, consider annotating your entities with one of these annotations: org.springframework.data.redis.core.RedisHash (preferred), or consider extending one of the following types with your repository: org.springframework.data.keyvalue.repository.KeyValueRepository
2025-06-07 22:41:49,536 INFO o.s.d.r.c.RepositoryConfigurationExtensionSupport [main] Spring Data Redis - Could not safely identify store assignment for repository candidate interface com.school.management.repository.DocumentRepository; If you want this repository to be a Redis repository, consider annotating your entities with one of these annotations: org.springframework.data.redis.core.RedisHash (preferred), or consider extending one of the following types with your repository: org.springframework.data.keyvalue.repository.KeyValueRepository
2025-06-07 22:41:49,536 INFO o.s.d.r.c.RepositoryConfigurationExtensionSupport [main] Spring Data Redis - Could not safely identify store assignment for repository candidate interface com.school.management.repository.EleveRepository; If you want this repository to be a Redis repository, consider annotating your entities with one of these annotations: org.springframework.data.redis.core.RedisHash (preferred), or consider extending one of the following types with your repository: org.springframework.data.keyvalue.repository.KeyValueRepository
2025-06-07 22:41:49,537 INFO o.s.d.r.c.RepositoryConfigurationExtensionSupport [main] Spring Data Redis - Could not safely identify store assignment for repository candidate interface com.school.management.repository.EnseignantRepository; If you want this repository to be a Redis repository, consider annotating your entities with one of these annotations: org.springframework.data.redis.core.RedisHash (preferred), or consider extending one of the following types with your repository: org.springframework.data.keyvalue.repository.KeyValueRepository
2025-06-07 22:41:49,537 INFO o.s.d.r.c.RepositoryConfigurationExtensionSupport [main] Spring Data Redis - Could not safely identify store assignment for repository candidate interface com.school.management.repository.GradeRepository; If you want this repository to be a Redis repository, consider annotating your entities with one of these annotations: org.springframework.data.redis.core.RedisHash (preferred), or consider extending one of the following types with your repository: org.springframework.data.keyvalue.repository.KeyValueRepository
2025-06-07 22:41:49,538 INFO o.s.d.r.c.RepositoryConfigurationExtensionSupport [main] Spring Data Redis - Could not safely identify store assignment for repository candidate interface com.school.management.repository.LogActiviteRepository; If you want this repository to be a Redis repository, consider annotating your entities with one of these annotations: org.springframework.data.redis.core.RedisHash (preferred), or consider extending one of the following types with your repository: org.springframework.data.keyvalue.repository.KeyValueRepository
2025-06-07 22:41:49,538 INFO o.s.d.r.c.RepositoryConfigurationExtensionSupport [main] Spring Data Redis - Could not safely identify store assignment for repository candidate interface com.school.management.repository.MatiereRepository; If you want this repository to be a Redis repository, consider annotating your entities with one of these annotations: org.springframework.data.redis.core.RedisHash (preferred), or consider extending one of the following types with your repository: org.springframework.data.keyvalue.repository.KeyValueRepository
2025-06-07 22:41:49,539 INFO o.s.d.r.c.RepositoryConfigurationExtensionSupport [main] Spring Data Redis - Could not safely identify store assignment for repository candidate interface com.school.management.repository.NoteRepository; If you want this repository to be a Redis repository, consider annotating your entities with one of these annotations: org.springframework.data.redis.core.RedisHash (preferred), or consider extending one of the following types with your repository: org.springframework.data.keyvalue.repository.KeyValueRepository
2025-06-07 22:41:49,539 INFO o.s.d.r.c.RepositoryConfigurationExtensionSupport [main] Spring Data Redis - Could not safely identify store assignment for repository candidate interface com.school.management.repository.NotificationRepository; If you want this repository to be a Redis repository, consider annotating your entities with one of these annotations: org.springframework.data.redis.core.RedisHash (preferred), or consider extending one of the following types with your repository: org.springframework.data.keyvalue.repository.KeyValueRepository
2025-06-07 22:41:49,540 INFO o.s.d.r.c.RepositoryConfigurationExtensionSupport [main] Spring Data Redis - Could not safely identify store assignment for repository candidate interface com.school.management.repository.PaiementRepository; If you want this repository to be a Redis repository, consider annotating your entities with one of these annotations: org.springframework.data.redis.core.RedisHash (preferred), or consider extending one of the following types with your repository: org.springframework.data.keyvalue.repository.KeyValueRepository
2025-06-07 22:41:49,540 INFO o.s.d.r.c.RepositoryConfigurationExtensionSupport [main] Spring Data Redis - Could not safely identify store assignment for repository candidate interface com.school.management.repository.ProfilUtilisateurRepository; If you want this repository to be a Redis repository, consider annotating your entities with one of these annotations: org.springframework.data.redis.core.RedisHash (preferred), or consider extending one of the following types with your repository: org.springframework.data.keyvalue.repository.KeyValueRepository
2025-06-07 22:41:49,540 INFO o.s.d.r.c.RepositoryConfigurationExtensionSupport [main] Spring Data Redis - Could not safely identify store assignment for repository candidate interface com.school.management.repository.RoleRepository; If you want this repository to be a Redis repository, consider annotating your entities with one of these annotations: org.springframework.data.redis.core.RedisHash (preferred), or consider extending one of the following types with your repository: org.springframework.data.keyvalue.repository.KeyValueRepository
2025-06-07 22:41:49,541 INFO o.s.d.r.c.RepositoryConfigurationExtensionSupport [main] Spring Data Redis - Could not safely identify store assignment for repository candidate interface com.school.management.repository.SectionRepository; If you want this repository to be a Redis repository, consider annotating your entities with one of these annotations: org.springframework.data.redis.core.RedisHash (preferred), or consider extending one of the following types with your repository: org.springframework.data.keyvalue.repository.KeyValueRepository
2025-06-07 22:41:49,541 INFO o.s.d.r.c.RepositoryConfigurationExtensionSupport [main] Spring Data Redis - Could not safely identify store assignment for repository candidate interface com.school.management.repository.SequenceRepository; If you want this repository to be a Redis repository, consider annotating your entities with one of these annotations: org.springframework.data.redis.core.RedisHash (preferred), or consider extending one of the following types with your repository: org.springframework.data.keyvalue.repository.KeyValueRepository
2025-06-07 22:41:49,542 INFO o.s.d.r.c.RepositoryConfigurationExtensionSupport [main] Spring Data Redis - Could not safely identify store assignment for repository candidate interface com.school.management.repository.StatutAnneeRepository; If you want this repository to be a Redis repository, consider annotating your entities with one of these annotations: org.springframework.data.redis.core.RedisHash (preferred), or consider extending one of the following types with your repository: org.springframework.data.keyvalue.repository.KeyValueRepository
2025-06-07 22:41:49,542 INFO o.s.d.r.c.RepositoryConfigurationExtensionSupport [main] Spring Data Redis - Could not safely identify store assignment for repository candidate interface com.school.management.repository.StudentRepository; If you want this repository to be a Redis repository, consider annotating your entities with one of these annotations: org.springframework.data.redis.core.RedisHash (preferred), or consider extending one of the following types with your repository: org.springframework.data.keyvalue.repository.KeyValueRepository
2025-06-07 22:41:49,543 INFO o.s.d.r.c.RepositoryConfigurationExtensionSupport [main] Spring Data Redis - Could not safely identify store assignment for repository candidate interface com.school.management.repository.TrimestreRepository; If you want this repository to be a Redis repository, consider annotating your entities with one of these annotations: org.springframework.data.redis.core.RedisHash (preferred), or consider extending one of the following types with your repository: org.springframework.data.keyvalue.repository.KeyValueRepository
2025-06-07 22:41:49,543 INFO o.s.d.r.c.RepositoryConfigurationExtensionSupport [main] Spring Data Redis - Could not safely identify store assignment for repository candidate interface com.school.management.repository.TypeAffectationRepository; If you want this repository to be a Redis repository, consider annotating your entities with one of these annotations: org.springframework.data.redis.core.RedisHash (preferred), or consider extending one of the following types with your repository: org.springframework.data.keyvalue.repository.KeyValueRepository
2025-06-07 22:41:49,543 INFO o.s.d.r.c.RepositoryConfigurationExtensionSupport [main] Spring Data Redis - Could not safely identify store assignment for repository candidate interface com.school.management.repository.UtilisateurRepository; If you want this repository to be a Redis repository, consider annotating your entities with one of these annotations: org.springframework.data.redis.core.RedisHash (preferred), or consider extending one of the following types with your repository: org.springframework.data.keyvalue.repository.KeyValueRepository
2025-06-07 22:41:49,544 INFO o.s.d.r.c.RepositoryConfigurationDelegate [main] Finished Spring Data repository scanning in 26 ms. Found 0 Redis repository interfaces.
2025-06-07 22:41:51,547 INFO o.s.b.w.e.t.TomcatWebServer [main] Tomcat initialized with port 8080 (http)
2025-06-07 22:41:51,577 INFO o.a.j.l.DirectJDKLog [main] Initializing ProtocolHandler ["http-nio-8080"]
2025-06-07 22:41:51,581 INFO o.a.j.l.DirectJDKLog [main] Starting service [Tomcat]
2025-06-07 22:41:51,582 INFO o.a.j.l.DirectJDKLog [main] Starting Servlet engine: [Apache Tomcat/10.1.41]
2025-06-07 22:41:51,681 INFO o.a.j.l.DirectJDKLog [main] Initializing Spring embedded WebApplicationContext
2025-06-07 22:41:51,683 INFO o.s.b.w.s.c.ServletWebServerApplicationContext [main] Root WebApplicationContext: initialization completed in 5755 ms
2025-06-07 22:41:52,205 INFO o.h.j.i.u.LogHelper [main] HHH000204: Processing PersistenceUnitInfo [name: default]
2025-06-07 22:41:52,401 INFO o.h.Version [main] HHH000412: Hibernate ORM core version 6.5.3.Final
2025-06-07 22:41:52,503 INFO o.h.c.i.RegionFactoryInitiator [main] HHH000026: Second-level cache disabled
2025-06-07 22:41:53,320 INFO o.s.o.j.p.SpringPersistenceUnitInfo [main] No LoadTimeWeaver setup: ignoring JPA class transformer
2025-06-07 22:41:53,404 INFO c.z.h.HikariDataSource [main] HikariPool-1 - Starting...
2025-06-07 22:41:53,917 INFO c.z.h.p.HikariPool [main] HikariPool-1 - Added connection conn0: url=jdbc:h2:mem:testdb user=SA
2025-06-07 22:41:53,922 INFO c.z.h.HikariDataSource [main] HikariPool-1 - Start completed.
2025-06-07 22:41:53,998 WARN o.h.e.j.d.i.DialectFactoryImpl [main] HHH90000025: H2Dialect does not need to be specified explicitly using 'hibernate.dialect' (remove the property setting and it will be selected by default)
2025-06-07 22:41:56,959 INFO o.h.e.t.j.p.i.JtaPlatformInitiator [main] HHH000489: No JTA platform available (set 'hibernate.transaction.jta.platform' to enable JTA platform integration)
2025-06-07 22:41:57,003 DEBUG o.h.e.j.s.SqlStatementLogger [main] 
    drop table if exists "affectation" cascade 
2025-06-07 22:41:57,010 DEBUG o.h.e.j.s.SqlStatementLogger [main] 
    drop table if exists "annee_scolaire" cascade 
2025-06-07 22:41:57,010 DEBUG o.h.e.j.s.SqlStatementLogger [main] 
    drop table if exists "classes" cascade 
2025-06-07 22:41:57,011 DEBUG o.h.e.j.s.SqlStatementLogger [main] 
    drop table if exists "document" cascade 
2025-06-07 22:41:57,011 DEBUG o.h.e.j.s.SqlStatementLogger [main] 
    drop table if exists "eleve" cascade 
2025-06-07 22:41:57,013 DEBUG o.h.e.j.s.SqlStatementLogger [main] 
    drop table if exists "enseignant" cascade 
2025-06-07 22:41:57,014 DEBUG o.h.e.j.s.SqlStatementLogger [main] 
    drop table if exists "grade" cascade 
2025-06-07 22:41:57,015 DEBUG o.h.e.j.s.SqlStatementLogger [main] 
    drop table if exists "log_activite" cascade 
2025-06-07 22:41:57,016 DEBUG o.h.e.j.s.SqlStatementLogger [main] 
    drop table if exists "matiere" cascade 
2025-06-07 22:41:57,016 DEBUG o.h.e.j.s.SqlStatementLogger [main] 
    drop table if exists "note" cascade 
2025-06-07 22:41:57,017 DEBUG o.h.e.j.s.SqlStatementLogger [main] 
    drop table if exists "notifications" cascade 
2025-06-07 22:41:57,017 DEBUG o.h.e.j.s.SqlStatementLogger [main] 
    drop table if exists "paiements" cascade 
2025-06-07 22:41:57,018 DEBUG o.h.e.j.s.SqlStatementLogger [main] 
    drop table if exists "parents" cascade 
2025-06-07 22:41:57,018 DEBUG o.h.e.j.s.SqlStatementLogger [main] 
    drop table if exists "profil_utilisateur" cascade 
2025-06-07 22:41:57,019 DEBUG o.h.e.j.s.SqlStatementLogger [main] 
    drop table if exists "role" cascade 
2025-06-07 22:41:57,019 DEBUG o.h.e.j.s.SqlStatementLogger [main] 
    drop table if exists "sections" cascade 
2025-06-07 22:41:57,020 DEBUG o.h.e.j.s.SqlStatementLogger [main] 
    drop table if exists "sequence" cascade 
2025-06-07 22:41:57,020 DEBUG o.h.e.j.s.SqlStatementLogger [main] 
    drop table if exists "statut_annee" cascade 
2025-06-07 22:41:57,021 DEBUG o.h.e.j.s.SqlStatementLogger [main] 
    drop table if exists "student_progress_report" cascade 
2025-06-07 22:41:57,022 DEBUG o.h.e.j.s.SqlStatementLogger [main] 
    drop table if exists "students" cascade 
2025-06-07 22:41:57,022 DEBUG o.h.e.j.s.SqlStatementLogger [main] 
    drop table if exists "subject" cascade 
2025-06-07 22:41:57,023 DEBUG o.h.e.j.s.SqlStatementLogger [main] 
    drop table if exists "trimestre" cascade 
2025-06-07 22:41:57,024 DEBUG o.h.e.j.s.SqlStatementLogger [main] 
    drop table if exists "type_affectation" cascade 
2025-06-07 22:41:57,024 DEBUG o.h.e.j.s.SqlStatementLogger [main] 
    drop table if exists "utilisateur" cascade 
2025-06-07 22:41:57,040 DEBUG o.h.e.j.s.SqlStatementLogger [main] 
    create table "affectation" (
        "date_debut" date,
        "date_fin" date,
        "annee_scolaire_id" bigint not null,
        "classe_id" bigint not null,
        "created_at" timestamp(6),
        "enseignant_id" bigint not null,
        "id" bigint generated by default as identity,
        "matiere_id" bigint not null,
        "updated_at" timestamp(6),
        "type_code" varchar(20) not null,
        primary key ("id")
    )
2025-06-07 22:41:57,055 DEBUG o.h.e.j.s.SqlStatementLogger [main] 
    create table "annee_scolaire" (
        "date_debut" date not null,
        "date_fin" date not null,
        "created_at" timestamp(6),
        "id" bigint generated by default as identity,
        "updated_at" timestamp(6),
        "statut_code" varchar(20) not null,
        "libelle" varchar(50) not null,
        primary key ("id")
    )
2025-06-07 22:41:57,057 DEBUG o.h.e.j.s.SqlStatementLogger [main] 
    create table "classes" (
        "actif" boolean,
        "capacite" integer,
        "created_at" timestamp(6),
        "id" bigint generated by default as identity,
        "updated_at" timestamp(6),
        "annee_scolaire" varchar(9) not null,
        "niveau" varchar(50) not null,
        "nom" varchar(100) not null,
        "description" varchar(500),
        primary key ("id")
    )
2025-06-07 22:41:57,060 DEBUG o.h.e.j.s.SqlStatementLogger [main] 
    create table "document" (
        "date_ajout" timestamp(6),
        "eleve_id" bigint,
        "id" bigint generated by default as identity,
        "chemin_fichier" varchar(255) not null,
        "type_document" enum ('AUTRE','BULLETIN','RECU') not null,
        primary key ("id")
    )
2025-06-07 22:41:57,063 DEBUG o.h.e.j.s.SqlStatementLogger [main] 
    create table "eleve" (
        "actif" boolean,
        "date_naissance" date,
        "classe_id" bigint,
        "created_at" timestamp(6),
        "date_inscription" timestamp(6),
        "id" bigint generated by default as identity,
        "parent_id" bigint,
        "section_id" bigint,
        "updated_at" timestamp(6),
        "genre" varchar(20),
        "email" varchar(100) not null unique,
        "nom" varchar(100) not null,
        "prenom" varchar(100) not null,
        "adresse" varchar(200),
        primary key ("id")
    )
2025-06-07 22:41:57,068 DEBUG o.h.e.j.s.SqlStatementLogger [main] 
    create table "enseignant" (
        "actif" boolean,
        "created_at" timestamp(6),
        "date_embauche" timestamp(6),
        "id" bigint generated by default as identity,
        "section_id" bigint,
        "updated_at" timestamp(6),
        "telephone" varchar(20),
        "niveau" varchar(50),
        "email" varchar(100) not null unique,
        "nom" varchar(100) not null,
        "prenom" varchar(100) not null,
        "specialite" varchar(100),
        primary key ("id")
    )
2025-06-07 22:41:57,070 DEBUG o.h.e.j.s.SqlStatementLogger [main] 
    create table "grade" (
        "grade" float(53) not null,
        "class_id" bigint,
        "created_at" timestamp(6),
        "id" bigint generated by default as identity,
        "student_id" bigint not null,
        "subject_id" bigint not null,
        "updated_at" timestamp(6),
        "period" varchar(20) not null,
        "comments" varchar(500),
        primary key ("id")
    )
2025-06-07 22:41:57,074 DEBUG o.h.e.j.s.SqlStatementLogger [main] 
    create table "log_activite" (
        "date_action" timestamp(6),
        "id" bigint generated by default as identity,
        "reference_id" bigint,
        "utilisateur_id" bigint not null,
        "ip_adresse" varchar(45),
        "table_cible" varchar(100),
        "action" varchar(255) not null,
        primary key ("id")
    )
2025-06-07 22:41:57,076 DEBUG o.h.e.j.s.SqlStatementLogger [main] 
    create table "matiere" (
        "coefficient" numeric(5,2) not null,
        "created_at" timestamp(6),
        "id" bigint generated by default as identity,
        "updated_at" timestamp(6),
        "nom" varchar(100) not null,
        primary key ("id")
    )
2025-06-07 22:41:57,081 DEBUG o.h.e.j.s.SqlStatementLogger [main] 
    create table "note" (
        "note" numeric(5,2) not null,
        "created_at" timestamp(6) not null,
        "eleve_id" bigint not null,
        "id" bigint generated by default as identity,
        "matiere_id" bigint not null,
        "sequence_id" bigint not null,
        "trimestre_id" bigint,
        "updated_at" timestamp(6),
        "commentaire" varchar(255),
        primary key ("id")
    )
2025-06-07 22:41:57,087 DEBUG o.h.e.j.s.SqlStatementLogger [main] 
    create table "notifications" (
        "read" boolean,
        "created_at" timestamp(6),
        "id" bigint generated by default as identity,
        "user_id" bigint,
        "message" varchar(255) not null,
        primary key ("id")
    )
2025-06-07 22:41:57,091 DEBUG o.h.e.j.s.SqlStatementLogger [main] 
    create table "paiements" (
        "date_paiement" date,
        "montant" numeric(38,2) not null,
        "eleve_id" bigint not null,
        "id" bigint generated by default as identity,
        "description" varchar(255),
        "type_paiement" varchar(255),
        primary key ("id")
    )
2025-06-07 22:41:57,093 DEBUG o.h.e.j.s.SqlStatementLogger [main] 
    create table "parents" (
        "id" bigint generated by default as identity,
        "adresse" varchar(255),
        "email" varchar(255) unique,
        "nom" varchar(255) not null,
        "prenom" varchar(255) not null,
        "profession" varchar(255),
        "telephone" varchar(255),
        primary key ("id")
    )
2025-06-07 22:41:57,101 DEBUG o.h.e.j.s.SqlStatementLogger [main] 
    create table "profil_utilisateur" (
        "created_at" timestamp(6),
        "id" bigint generated by default as identity,
        "reference_id" bigint not null,
        "updated_at" timestamp(6),
        "utilisateur_id" bigint not null,
        "type_personne" enum ('AGENT','ELEVE','ENSEIGNANT','PARENT') not null,
        primary key ("id")
    )
2025-06-07 22:41:57,104 DEBUG o.h.e.j.s.SqlStatementLogger [main] 
    create table "role" (
        "id" bigint generated by default as identity,
        "libelle" varchar(50) not null unique,
        primary key ("id")
    )
2025-06-07 22:41:57,108 DEBUG o.h.e.j.s.SqlStatementLogger [main] 
    create table "sections" (
        "id" bigint generated by default as identity,
        "description" varchar(255),
        "nom" varchar(255) not null,
        primary key ("id")
    )
2025-06-07 22:41:57,111 DEBUG o.h.e.j.s.SqlStatementLogger [main] 
    create table "sequence" (
        "numero" integer not null,
        "created_at" timestamp(6),
        "id" bigint generated by default as identity,
        "trimestre_id" bigint not null,
        "updated_at" timestamp(6),
        "libelle" varchar(50) not null,
        primary key ("id")
    )
2025-06-07 22:41:57,117 DEBUG o.h.e.j.s.SqlStatementLogger [main] 
    create table "statut_annee" (
        "code" varchar(20) not null,
        "libelle" varchar(100) not null,
        primary key ("code")
    )
2025-06-07 22:41:57,122 DEBUG o.h.e.j.s.SqlStatementLogger [main] 
    create table "student_progress_report" (
        "attendance_rate" float(53),
        "average_grade" float(53),
        "created_at" timestamp(6),
        "id" bigint generated by default as identity,
        "student_id" bigint not null,
        "updated_at" timestamp(6),
        "period" varchar(20) not null,
        "comments" varchar(1000),
        primary key ("id")
    )
2025-06-07 22:41:57,127 DEBUG o.h.e.j.s.SqlStatementLogger [main] 
    create table "students" (
        "actif" boolean,
        "date_naissance" date not null,
        "genre" varchar(1),
        "classe_id" bigint,
        "created_at" timestamp(6),
        "date_inscription" timestamp(6) not null,
        "id" bigint generated by default as identity,
        "section_id" bigint,
        "updated_at" timestamp(6),
        "telephone" varchar(20),
        "section_name" varchar(50),
        "email" varchar(100) not null unique,
        "nom" varchar(100) not null,
        "nom_classe" varchar(100),
        "nom_parent" varchar(100),
        "prenom" varchar(100) not null,
        "adresse" varchar(200),
        primary key ("id")
    )
2025-06-07 22:41:57,134 DEBUG o.h.e.j.s.SqlStatementLogger [main] 
    create table "subject" (
        "actif" boolean,
        "coefficient" integer,
        "created_at" timestamp(6),
        "id" bigint generated by default as identity,
        "updated_at" timestamp(6),
        "code" varchar(20) not null unique,
        "nom" varchar(100) not null,
        "description" varchar(500),
        primary key ("id")
    )
2025-06-07 22:41:57,137 DEBUG o.h.e.j.s.SqlStatementLogger [main] 
    create table "trimestre" (
        "numero" integer not null,
        "annee_scolaire_id" bigint not null,
        "created_at" timestamp(6),
        "id" bigint generated by default as identity,
        "updated_at" timestamp(6),
        "libelle" varchar(50) not null,
        primary key ("id")
    )
2025-06-07 22:41:57,139 DEBUG o.h.e.j.s.SqlStatementLogger [main] 
    create table "type_affectation" (
        "code" varchar(20) not null,
        "libelle" varchar(100) not null,
        primary key ("code")
    )
2025-06-07 22:41:57,143 DEBUG o.h.e.j.s.SqlStatementLogger [main] 
    create table "utilisateur" (
        "actif" boolean,
        "created_at" timestamp(6),
        "id" bigint generated by default as identity,
        "last_login" timestamp(6),
        "role_id" bigint not null,
        "updated_at" timestamp(6),
        "email" varchar(100) not null unique,
        "nom" varchar(100) not null,
        "mot_de_passe" varchar(255) not null,
        "reset_token" varchar(255),
        "type_personne" enum ('ADMIN','AGENT','ELEVE','ENSEIGNANT','PARENT') not null,
        primary key ("id")
    )
2025-06-07 22:41:57,148 DEBUG o.h.e.j.s.SqlStatementLogger [main] 
    alter table if exists "affectation" 
       add constraint "FK9eu96qf7kye9sf1pmecfd0yfm" 
       foreign key ("annee_scolaire_id") 
       references "annee_scolaire"
2025-06-07 22:41:57,186 DEBUG o.h.e.j.s.SqlStatementLogger [main] 
    alter table if exists "affectation" 
       add constraint "FKpe0bo22qt45crdtir2olejjyg" 
       foreign key ("classe_id") 
       references "classes"
2025-06-07 22:41:57,189 DEBUG o.h.e.j.s.SqlStatementLogger [main] 
    alter table if exists "affectation" 
       add constraint "FK3av7c7bm789r6knql1ykv0iuh" 
       foreign key ("enseignant_id") 
       references "enseignant"
2025-06-07 22:41:57,192 DEBUG o.h.e.j.s.SqlStatementLogger [main] 
    alter table if exists "affectation" 
       add constraint "FKbd6pqb4xm1b2f6dsjng6t9vy1" 
       foreign key ("matiere_id") 
       references "matiere"
2025-06-07 22:41:57,198 DEBUG o.h.e.j.s.SqlStatementLogger [main] 
    alter table if exists "document" 
       add constraint "FK4uxipd5g6ulta9p7gt3992osv" 
       foreign key ("eleve_id") 
       references "eleve"
2025-06-07 22:41:57,202 DEBUG o.h.e.j.s.SqlStatementLogger [main] 
    alter table if exists "eleve" 
       add constraint "FKak1ytyiywaoq3w1wjuwpdu81p" 
       foreign key ("classe_id") 
       references "classes"
2025-06-07 22:41:57,208 DEBUG o.h.e.j.s.SqlStatementLogger [main] 
    alter table if exists "eleve" 
       add constraint "FK31spnejrvma8oawmo11nku169" 
       foreign key ("parent_id") 
       references "parents"
2025-06-07 22:41:57,217 DEBUG o.h.e.j.s.SqlStatementLogger [main] 
    alter table if exists "eleve" 
       add constraint "FKfpstf9bai3b6n4qu9wsx077ja" 
       foreign key ("section_id") 
       references "sections"
2025-06-07 22:41:57,220 DEBUG o.h.e.j.s.SqlStatementLogger [main] 
    alter table if exists "enseignant" 
       add constraint "FKh4do9onk9pwd1p5hpdl2jlvsw" 
       foreign key ("section_id") 
       references "sections"
2025-06-07 22:41:57,223 DEBUG o.h.e.j.s.SqlStatementLogger [main] 
    alter table if exists "grade" 
       add constraint "FKgiu3c6gitjoy8oc3h6ekh616g" 
       foreign key ("class_id") 
       references "classes"
2025-06-07 22:41:57,226 DEBUG o.h.e.j.s.SqlStatementLogger [main] 
    alter table if exists "grade" 
       add constraint "FKipf4njw2w6vostd6y4ti401mm" 
       foreign key ("student_id") 
       references "utilisateur"
2025-06-07 22:41:57,231 DEBUG o.h.e.j.s.SqlStatementLogger [main] 
    alter table if exists "grade" 
       add constraint "FKga475phybm7f4xh2qgjlm4tef" 
       foreign key ("subject_id") 
       references "subject"
2025-06-07 22:41:57,236 DEBUG o.h.e.j.s.SqlStatementLogger [main] 
    alter table if exists "log_activite" 
       add constraint "FKrfsnh1x7lprexosg0odve3edk" 
       foreign key ("utilisateur_id") 
       references "utilisateur"
2025-06-07 22:41:57,238 DEBUG o.h.e.j.s.SqlStatementLogger [main] 
    alter table if exists "note" 
       add constraint "FKckjcf0lcp26yn81tkbiyyvpxs" 
       foreign key ("eleve_id") 
       references "eleve"
2025-06-07 22:41:57,241 DEBUG o.h.e.j.s.SqlStatementLogger [main] 
    alter table if exists "note" 
       add constraint "FKce6fgrwojbdjuyfobkryhsubc" 
       foreign key ("matiere_id") 
       references "matiere"
2025-06-07 22:41:57,244 DEBUG o.h.e.j.s.SqlStatementLogger [main] 
    alter table if exists "note" 
       add constraint "FKnx3h3lbhngn4he4lrc8ylhrxh" 
       foreign key ("sequence_id") 
       references "sequence"
2025-06-07 22:41:57,257 DEBUG o.h.e.j.s.SqlStatementLogger [main] 
    alter table if exists "note" 
       add constraint "FKsq8sa1xg25htraxpx0ylx3lgk" 
       foreign key ("trimestre_id") 
       references "trimestre"
2025-06-07 22:41:57,262 DEBUG o.h.e.j.s.SqlStatementLogger [main] 
    alter table if exists "paiements" 
       add constraint "FKafefes0eqpleg9i7g6mvt6xhh" 
       foreign key ("eleve_id") 
       references "eleve"
2025-06-07 22:41:57,273 DEBUG o.h.e.j.s.SqlStatementLogger [main] 
    alter table if exists "profil_utilisateur" 
       add constraint "FK177de5xq3y87tjxuwctokx341" 
       foreign key ("utilisateur_id") 
       references "utilisateur"
2025-06-07 22:41:57,280 DEBUG o.h.e.j.s.SqlStatementLogger [main] 
    alter table if exists "sequence" 
       add constraint "FKclybiy2bjbpf0ejgg6rq51ynf" 
       foreign key ("trimestre_id") 
       references "trimestre"
2025-06-07 22:41:57,286 DEBUG o.h.e.j.s.SqlStatementLogger [main] 
    alter table if exists "student_progress_report" 
       add constraint "FK1u5j5o832a13lgcq3foy1g3rr" 
       foreign key ("student_id") 
       references "utilisateur"
2025-06-07 22:41:57,288 DEBUG o.h.e.j.s.SqlStatementLogger [main] 
    alter table if exists "students" 
       add constraint "FKtb9nirq953dcf0onxisl98ni1" 
       foreign key ("classe_id") 
       references "classes"
2025-06-07 22:41:57,291 DEBUG o.h.e.j.s.SqlStatementLogger [main] 
    alter table if exists "students" 
       add constraint "FKgkvw6901117nqyb8tyx3gmpk5" 
       foreign key ("section_id") 
       references "sections"
2025-06-07 22:41:57,294 DEBUG o.h.e.j.s.SqlStatementLogger [main] 
    alter table if exists "trimestre" 
       add constraint "FKql50yxg7ydwdp4uom1mltlbkr" 
       foreign key ("annee_scolaire_id") 
       references "annee_scolaire"
2025-06-07 22:41:57,299 DEBUG o.h.e.j.s.SqlStatementLogger [main] 
    alter table if exists "utilisateur" 
       add constraint "FKmjx8u4qqtx1pp4g0tpmuf3yb9" 
       foreign key ("role_id") 
       references "role"
2025-06-07 22:41:57,318 INFO o.s.o.j.AbstractEntityManagerFactoryBean [main] Initialized JPA EntityManagerFactory for persistence unit 'default'
2025-06-07 22:41:58,093 DEBUG o.s.w.f.GenericFilterBean [main] Filter 'jwtAuthenticationFilter' configured for use
2025-06-07 22:41:58,115 INFO c.s.m.c.WebSocketConfig [main] Initialisation de WebSocketConfig
2025-06-07 22:41:58,304 INFO o.s.d.j.r.q.QueryEnhancerFactory [main] Hibernate is in classpath; If applicable, HQL parser will be used.
2025-06-07 22:41:59,369 INFO c.s.m.c.WebSocketConfig [main] Configuration du message broker
2025-06-07 22:41:59,487 WARN o.s.c.s.AbstractApplicationContext [main] Exception encountered during context initialization - cancelling refresh attempt: org.springframework.beans.factory.UnsatisfiedDependencyException: Error creating bean with name 'reportController' defined in file [C:\Users\GLOBAL STORE\Documents\Primary-School\backend\build\classes\java\main\com\school\management\controller\ReportController.class]: Unsatisfied dependency expressed through constructor parameter 0: No qualifying bean of type 'com.school.service.ReportService' available: expected at least 1 bean which qualifies as autowire candidate. Dependency annotations: {}
2025-06-07 22:41:59,489 INFO o.s.o.j.AbstractEntityManagerFactoryBean [main] Closing JPA EntityManagerFactory for persistence unit 'default'
2025-06-07 22:41:59,491 DEBUG o.h.e.j.s.SqlStatementLogger [main] 
    drop table if exists "affectation" cascade 
2025-06-07 22:41:59,494 DEBUG o.h.e.j.s.SqlStatementLogger [main] 
    drop table if exists "annee_scolaire" cascade 
2025-06-07 22:41:59,497 DEBUG o.h.e.j.s.SqlStatementLogger [main] 
    drop table if exists "classes" cascade 
2025-06-07 22:41:59,501 DEBUG o.h.e.j.s.SqlStatementLogger [main] 
    drop table if exists "document" cascade 
2025-06-07 22:41:59,502 DEBUG o.h.e.j.s.SqlStatementLogger [main] 
    drop table if exists "eleve" cascade 
2025-06-07 22:41:59,504 DEBUG o.h.e.j.s.SqlStatementLogger [main] 
    drop table if exists "enseignant" cascade 
2025-06-07 22:41:59,505 DEBUG o.h.e.j.s.SqlStatementLogger [main] 
    drop table if exists "grade" cascade 
2025-06-07 22:41:59,506 DEBUG o.h.e.j.s.SqlStatementLogger [main] 
    drop table if exists "log_activite" cascade 
2025-06-07 22:41:59,507 DEBUG o.h.e.j.s.SqlStatementLogger [main] 
    drop table if exists "matiere" cascade 
2025-06-07 22:41:59,507 DEBUG o.h.e.j.s.SqlStatementLogger [main] 
    drop table if exists "note" cascade 
2025-06-07 22:41:59,508 DEBUG o.h.e.j.s.SqlStatementLogger [main] 
    drop table if exists "notifications" cascade 
2025-06-07 22:41:59,508 DEBUG o.h.e.j.s.SqlStatementLogger [main] 
    drop table if exists "paiements" cascade 
2025-06-07 22:41:59,509 DEBUG o.h.e.j.s.SqlStatementLogger [main] 
    drop table if exists "parents" cascade 
2025-06-07 22:41:59,510 DEBUG o.h.e.j.s.SqlStatementLogger [main] 
    drop table if exists "profil_utilisateur" cascade 
2025-06-07 22:41:59,511 DEBUG o.h.e.j.s.SqlStatementLogger [main] 
    drop table if exists "role" cascade 
2025-06-07 22:41:59,514 DEBUG o.h.e.j.s.SqlStatementLogger [main] 
    drop table if exists "sections" cascade 
2025-06-07 22:41:59,516 DEBUG o.h.e.j.s.SqlStatementLogger [main] 
    drop table if exists "sequence" cascade 
2025-06-07 22:41:59,517 DEBUG o.h.e.j.s.SqlStatementLogger [main] 
    drop table if exists "statut_annee" cascade 
2025-06-07 22:41:59,518 DEBUG o.h.e.j.s.SqlStatementLogger [main] 
    drop table if exists "student_progress_report" cascade 
2025-06-07 22:41:59,518 DEBUG o.h.e.j.s.SqlStatementLogger [main] 
    drop table if exists "students" cascade 
2025-06-07 22:41:59,519 DEBUG o.h.e.j.s.SqlStatementLogger [main] 
    drop table if exists "subject" cascade 
2025-06-07 22:41:59,520 DEBUG o.h.e.j.s.SqlStatementLogger [main] 
    drop table if exists "trimestre" cascade 
2025-06-07 22:41:59,520 DEBUG o.h.e.j.s.SqlStatementLogger [main] 
    drop table if exists "type_affectation" cascade 
2025-06-07 22:41:59,521 DEBUG o.h.e.j.s.SqlStatementLogger [main] 
    drop table if exists "utilisateur" cascade 
2025-06-07 22:41:59,524 INFO c.z.h.HikariDataSource [main] HikariPool-1 - Shutdown initiated...
2025-06-07 22:41:59,526 INFO c.z.h.HikariDataSource [main] HikariPool-1 - Shutdown completed.
2025-06-07 22:41:59,529 INFO o.a.j.l.DirectJDKLog [main] Stopping service [Tomcat]
2025-06-07 22:41:59,559 INFO o.s.b.a.l.ConditionEvaluationReportLogger [main] 

Error starting ApplicationContext. To display the condition evaluation report re-run your application with 'debug' enabled.
2025-06-07 22:41:59,655 ERROR o.s.b.d.LoggingFailureAnalysisReporter [main] 

***************************
APPLICATION FAILED TO START
***************************

Description:

Parameter 0 of constructor in com.school.management.controller.ReportController required a bean of type 'com.school.service.ReportService' that could not be found.


Action:

Consider defining a bean of type 'com.school.service.ReportService' in your configuration.

