2025-06-06 00:27:00,044 INFO o.h.v.i.u.Version [background-preinit] HV000001: Hibernate Validator 8.0.1.Final
2025-06-06 00:27:00,290 INFO o.s.b.StartupInfoLogger [main] Starting SchoolManagementApplication using Java 21.0.6 with PID 18560 (C:\Users\GLOBAL STORE\Documents\Primary-School\backend\build\classes\java\main started by GLOBAL STORE in C:\Users\GLOBAL STORE\Documents\Primary-School\backend)
2025-06-06 00:27:00,292 DEBUG o.s.b.StartupInfoLogger [main] Running with Spring Boot v3.3.0, Spring v6.1.8
2025-06-06 00:27:00,300 INFO o.s.b.SpringApplication [main] No active profile set, falling back to 1 default profile: "default"
2025-06-06 00:27:03,781 INFO o.s.d.r.c.RepositoryConfigurationDelegate [main] Multiple Spring Data modules found, entering strict repository configuration mode
2025-06-06 00:27:03,781 INFO o.s.d.r.c.RepositoryConfigurationDelegate [main] Bootstrapping Spring Data JPA repositories in DEFAULT mode.
2025-06-06 00:27:04,385 WARN o.s.c.s.AbstractApplicationContext [main] Exception encountered during context initialization - cancelling refresh attempt: org.springframework.beans.factory.support.BeanDefinitionOverrideException: Invalid bean definition with name 'noteRepository' defined in com.school.management.repository.NoteRepository defined in @EnableJpaRepositories declared on JpaRepositoriesRegistrar.EnableJpaRepositoriesConfiguration: Cannot register bean definition [Root bean: class [org.springframework.data.jpa.repository.support.JpaRepositoryFactoryBean]; scope=; abstract=false; lazyInit=false; autowireMode=0; dependencyCheck=0; autowireCandidate=true; primary=false; factoryBeanName=null; factoryMethodName=null; initMethodNames=null; destroyMethodNames=null; defined in com.school.management.repository.NoteRepository defined in @EnableJpaRepositories declared on JpaRepositoriesRegistrar.EnableJpaRepositoriesConfiguration] for bean 'noteRepository' since there is already [Root bean: class [org.springframework.data.jpa.repository.support.JpaRepositoryFactoryBean]; scope=; abstract=false; lazyInit=false; autowireMode=0; dependencyCheck=0; autowireCandidate=true; primary=false; factoryBeanName=null; factoryMethodName=null; initMethodNames=null; destroyMethodNames=null; defined in com.school.management.service.NoteRepository defined in @EnableJpaRepositories declared on JpaRepositoriesRegistrar.EnableJpaRepositoriesConfiguration] bound.
2025-06-06 00:27:04,419 INFO o.s.b.a.l.ConditionEvaluationReportLogger [main] 

Error starting ApplicationContext. To display the condition evaluation report re-run your application with 'debug' enabled.
2025-06-06 00:27:04,491 ERROR o.s.b.d.LoggingFailureAnalysisReporter [main] 

***************************
APPLICATION FAILED TO START
***************************

Description:

The bean 'noteRepository', defined in com.school.management.repository.NoteRepository defined in @EnableJpaRepositories declared on JpaRepositoriesRegistrar.EnableJpaRepositoriesConfiguration, could not be registered. A bean with that name has already been defined in com.school.management.service.NoteRepository defined in @EnableJpaRepositories declared on JpaRepositoriesRegistrar.EnableJpaRepositoriesConfiguration and overriding is disabled.

Action:

Consider renaming one of the beans or enabling overriding by setting spring.main.allow-bean-definition-overriding=true

2025-06-06 00:28:34,930 INFO o.h.v.i.u.Version [background-preinit] HV000001: Hibernate Validator 8.0.1.Final
2025-06-06 00:28:35,130 INFO o.s.b.StartupInfoLogger [main] Starting SchoolManagementApplication using Java 21.0.6 with PID 10216 (C:\Users\GLOBAL STORE\Documents\Primary-School\backend\build\classes\java\main started by GLOBAL STORE in C:\Users\GLOBAL STORE\Documents\Primary-School\backend)
2025-06-06 00:28:35,132 DEBUG o.s.b.StartupInfoLogger [main] Running with Spring Boot v3.3.0, Spring v6.1.8
2025-06-06 00:28:35,134 INFO o.s.b.SpringApplication [main] No active profile set, falling back to 1 default profile: "default"
2025-06-06 00:28:37,939 INFO o.s.d.r.c.RepositoryConfigurationDelegate [main] Multiple Spring Data modules found, entering strict repository configuration mode
2025-06-06 00:28:37,947 INFO o.s.d.r.c.RepositoryConfigurationDelegate [main] Bootstrapping Spring Data JPA repositories in DEFAULT mode.
2025-06-06 00:28:38,536 WARN o.s.c.s.AbstractApplicationContext [main] Exception encountered during context initialization - cancelling refresh attempt: org.springframework.beans.factory.support.BeanDefinitionOverrideException: Invalid bean definition with name 'noteRepository' defined in com.school.management.repository.NoteRepository defined in @EnableJpaRepositories declared on JpaRepositoriesRegistrar.EnableJpaRepositoriesConfiguration: Cannot register bean definition [Root bean: class [org.springframework.data.jpa.repository.support.JpaRepositoryFactoryBean]; scope=; abstract=false; lazyInit=false; autowireMode=0; dependencyCheck=0; autowireCandidate=true; primary=false; factoryBeanName=null; factoryMethodName=null; initMethodNames=null; destroyMethodNames=null; defined in com.school.management.repository.NoteRepository defined in @EnableJpaRepositories declared on JpaRepositoriesRegistrar.EnableJpaRepositoriesConfiguration] for bean 'noteRepository' since there is already [Root bean: class [org.springframework.data.jpa.repository.support.JpaRepositoryFactoryBean]; scope=; abstract=false; lazyInit=false; autowireMode=0; dependencyCheck=0; autowireCandidate=true; primary=false; factoryBeanName=null; factoryMethodName=null; initMethodNames=null; destroyMethodNames=null; defined in com.school.management.service.NoteRepository defined in @EnableJpaRepositories declared on JpaRepositoriesRegistrar.EnableJpaRepositoriesConfiguration] bound.
2025-06-06 00:28:38,568 INFO o.s.b.a.l.ConditionEvaluationReportLogger [main] 

Error starting ApplicationContext. To display the condition evaluation report re-run your application with 'debug' enabled.
2025-06-06 00:28:38,625 ERROR o.s.b.d.LoggingFailureAnalysisReporter [main] 

***************************
APPLICATION FAILED TO START
***************************

Description:

The bean 'noteRepository', defined in com.school.management.repository.NoteRepository defined in @EnableJpaRepositories declared on JpaRepositoriesRegistrar.EnableJpaRepositoriesConfiguration, could not be registered. A bean with that name has already been defined in com.school.management.service.NoteRepository defined in @EnableJpaRepositories declared on JpaRepositoriesRegistrar.EnableJpaRepositoriesConfiguration and overriding is disabled.

Action:

Consider renaming one of the beans or enabling overriding by setting spring.main.allow-bean-definition-overriding=true

2025-06-06 00:41:43,690 INFO o.h.v.i.u.Version [background-preinit] HV000001: Hibernate Validator 8.0.1.Final
2025-06-06 00:41:44,027 INFO o.s.b.StartupInfoLogger [main] Starting SchoolManagementApplication using Java 21.0.6 with PID 17224 (C:\Users\GLOBAL STORE\Documents\Primary-School\backend\build\classes\java\main started by GLOBAL STORE in C:\Users\GLOBAL STORE\Documents\Primary-School\backend)
2025-06-06 00:41:44,028 DEBUG o.s.b.StartupInfoLogger [main] Running with Spring Boot v3.3.0, Spring v6.1.8
2025-06-06 00:41:44,029 INFO o.s.b.SpringApplication [main] No active profile set, falling back to 1 default profile: "default"
2025-06-06 00:41:47,134 INFO o.s.d.r.c.RepositoryConfigurationDelegate [main] Multiple Spring Data modules found, entering strict repository configuration mode
2025-06-06 00:41:47,134 INFO o.s.d.r.c.RepositoryConfigurationDelegate [main] Bootstrapping Spring Data JPA repositories in DEFAULT mode.
2025-06-06 00:41:47,670 INFO o.s.d.r.c.RepositoryConfigurationDelegate [main] Finished Spring Data repository scanning in 498 ms. Found 22 JPA repository interfaces.
2025-06-06 00:41:47,702 INFO o.s.d.r.c.RepositoryConfigurationDelegate [main] Multiple Spring Data modules found, entering strict repository configuration mode
2025-06-06 00:41:47,702 INFO o.s.d.r.c.RepositoryConfigurationDelegate [main] Bootstrapping Spring Data Redis repositories in DEFAULT mode.
2025-06-06 00:41:47,743 INFO o.s.d.r.c.RepositoryConfigurationExtensionSupport [main] Spring Data Redis - Could not safely identify store assignment for repository candidate interface com.school.management.repository.AffectationRepository; If you want this repository to be a Redis repository, consider annotating your entities with one of these annotations: org.springframework.data.redis.core.RedisHash (preferred), or consider extending one of the following types with your repository: org.springframework.data.keyvalue.repository.KeyValueRepository
2025-06-06 00:41:47,743 INFO o.s.d.r.c.RepositoryConfigurationExtensionSupport [main] Spring Data Redis - Could not safely identify store assignment for repository candidate interface com.school.management.repository.AnneeScolaireRepository; If you want this repository to be a Redis repository, consider annotating your entities with one of these annotations: org.springframework.data.redis.core.RedisHash (preferred), or consider extending one of the following types with your repository: org.springframework.data.keyvalue.repository.KeyValueRepository
2025-06-06 00:41:47,743 INFO o.s.d.r.c.RepositoryConfigurationExtensionSupport [main] Spring Data Redis - Could not safely identify store assignment for repository candidate interface com.school.management.repository.ClasseRepository; If you want this repository to be a Redis repository, consider annotating your entities with one of these annotations: org.springframework.data.redis.core.RedisHash (preferred), or consider extending one of the following types with your repository: org.springframework.data.keyvalue.repository.KeyValueRepository
2025-06-06 00:41:47,743 INFO o.s.d.r.c.RepositoryConfigurationExtensionSupport [main] Spring Data Redis - Could not safely identify store assignment for repository candidate interface com.school.management.repository.ClassRepository; If you want this repository to be a Redis repository, consider annotating your entities with one of these annotations: org.springframework.data.redis.core.RedisHash (preferred), or consider extending one of the following types with your repository: org.springframework.data.keyvalue.repository.KeyValueRepository
2025-06-06 00:41:47,743 INFO o.s.d.r.c.RepositoryConfigurationExtensionSupport [main] Spring Data Redis - Could not safely identify store assignment for repository candidate interface com.school.management.repository.DocumentRepository; If you want this repository to be a Redis repository, consider annotating your entities with one of these annotations: org.springframework.data.redis.core.RedisHash (preferred), or consider extending one of the following types with your repository: org.springframework.data.keyvalue.repository.KeyValueRepository
2025-06-06 00:41:47,743 INFO o.s.d.r.c.RepositoryConfigurationExtensionSupport [main] Spring Data Redis - Could not safely identify store assignment for repository candidate interface com.school.management.repository.EleveRepository; If you want this repository to be a Redis repository, consider annotating your entities with one of these annotations: org.springframework.data.redis.core.RedisHash (preferred), or consider extending one of the following types with your repository: org.springframework.data.keyvalue.repository.KeyValueRepository
2025-06-06 00:41:47,743 INFO o.s.d.r.c.RepositoryConfigurationExtensionSupport [main] Spring Data Redis - Could not safely identify store assignment for repository candidate interface com.school.management.repository.EnseignantRepository; If you want this repository to be a Redis repository, consider annotating your entities with one of these annotations: org.springframework.data.redis.core.RedisHash (preferred), or consider extending one of the following types with your repository: org.springframework.data.keyvalue.repository.KeyValueRepository
2025-06-06 00:41:47,743 INFO o.s.d.r.c.RepositoryConfigurationExtensionSupport [main] Spring Data Redis - Could not safely identify store assignment for repository candidate interface com.school.management.repository.GradeRepository; If you want this repository to be a Redis repository, consider annotating your entities with one of these annotations: org.springframework.data.redis.core.RedisHash (preferred), or consider extending one of the following types with your repository: org.springframework.data.keyvalue.repository.KeyValueRepository
2025-06-06 00:41:47,752 INFO o.s.d.r.c.RepositoryConfigurationExtensionSupport [main] Spring Data Redis - Could not safely identify store assignment for repository candidate interface com.school.management.repository.LogActiviteRepository; If you want this repository to be a Redis repository, consider annotating your entities with one of these annotations: org.springframework.data.redis.core.RedisHash (preferred), or consider extending one of the following types with your repository: org.springframework.data.keyvalue.repository.KeyValueRepository
2025-06-06 00:41:47,752 INFO o.s.d.r.c.RepositoryConfigurationExtensionSupport [main] Spring Data Redis - Could not safely identify store assignment for repository candidate interface com.school.management.repository.MatiereRepository; If you want this repository to be a Redis repository, consider annotating your entities with one of these annotations: org.springframework.data.redis.core.RedisHash (preferred), or consider extending one of the following types with your repository: org.springframework.data.keyvalue.repository.KeyValueRepository
2025-06-06 00:41:47,752 INFO o.s.d.r.c.RepositoryConfigurationExtensionSupport [main] Spring Data Redis - Could not safely identify store assignment for repository candidate interface com.school.management.repository.NoteRepository; If you want this repository to be a Redis repository, consider annotating your entities with one of these annotations: org.springframework.data.redis.core.RedisHash (preferred), or consider extending one of the following types with your repository: org.springframework.data.keyvalue.repository.KeyValueRepository
2025-06-06 00:41:47,752 INFO o.s.d.r.c.RepositoryConfigurationExtensionSupport [main] Spring Data Redis - Could not safely identify store assignment for repository candidate interface com.school.management.repository.NotificationRepository; If you want this repository to be a Redis repository, consider annotating your entities with one of these annotations: org.springframework.data.redis.core.RedisHash (preferred), or consider extending one of the following types with your repository: org.springframework.data.keyvalue.repository.KeyValueRepository
2025-06-06 00:41:47,752 INFO o.s.d.r.c.RepositoryConfigurationExtensionSupport [main] Spring Data Redis - Could not safely identify store assignment for repository candidate interface com.school.management.repository.PaiementRepository; If you want this repository to be a Redis repository, consider annotating your entities with one of these annotations: org.springframework.data.redis.core.RedisHash (preferred), or consider extending one of the following types with your repository: org.springframework.data.keyvalue.repository.KeyValueRepository
2025-06-06 00:41:47,752 INFO o.s.d.r.c.RepositoryConfigurationExtensionSupport [main] Spring Data Redis - Could not safely identify store assignment for repository candidate interface com.school.management.repository.ProfilUtilisateurRepository; If you want this repository to be a Redis repository, consider annotating your entities with one of these annotations: org.springframework.data.redis.core.RedisHash (preferred), or consider extending one of the following types with your repository: org.springframework.data.keyvalue.repository.KeyValueRepository
2025-06-06 00:41:47,752 INFO o.s.d.r.c.RepositoryConfigurationExtensionSupport [main] Spring Data Redis - Could not safely identify store assignment for repository candidate interface com.school.management.repository.RoleRepository; If you want this repository to be a Redis repository, consider annotating your entities with one of these annotations: org.springframework.data.redis.core.RedisHash (preferred), or consider extending one of the following types with your repository: org.springframework.data.keyvalue.repository.KeyValueRepository
2025-06-06 00:41:47,752 INFO o.s.d.r.c.RepositoryConfigurationExtensionSupport [main] Spring Data Redis - Could not safely identify store assignment for repository candidate interface com.school.management.repository.SectionRepository; If you want this repository to be a Redis repository, consider annotating your entities with one of these annotations: org.springframework.data.redis.core.RedisHash (preferred), or consider extending one of the following types with your repository: org.springframework.data.keyvalue.repository.KeyValueRepository
2025-06-06 00:41:47,752 INFO o.s.d.r.c.RepositoryConfigurationExtensionSupport [main] Spring Data Redis - Could not safely identify store assignment for repository candidate interface com.school.management.repository.SequenceRepository; If you want this repository to be a Redis repository, consider annotating your entities with one of these annotations: org.springframework.data.redis.core.RedisHash (preferred), or consider extending one of the following types with your repository: org.springframework.data.keyvalue.repository.KeyValueRepository
2025-06-06 00:41:47,752 INFO o.s.d.r.c.RepositoryConfigurationExtensionSupport [main] Spring Data Redis - Could not safely identify store assignment for repository candidate interface com.school.management.repository.StatutAnneeRepository; If you want this repository to be a Redis repository, consider annotating your entities with one of these annotations: org.springframework.data.redis.core.RedisHash (preferred), or consider extending one of the following types with your repository: org.springframework.data.keyvalue.repository.KeyValueRepository
2025-06-06 00:41:47,752 INFO o.s.d.r.c.RepositoryConfigurationExtensionSupport [main] Spring Data Redis - Could not safely identify store assignment for repository candidate interface com.school.management.repository.StudentRepository; If you want this repository to be a Redis repository, consider annotating your entities with one of these annotations: org.springframework.data.redis.core.RedisHash (preferred), or consider extending one of the following types with your repository: org.springframework.data.keyvalue.repository.KeyValueRepository
2025-06-06 00:41:47,752 INFO o.s.d.r.c.RepositoryConfigurationExtensionSupport [main] Spring Data Redis - Could not safely identify store assignment for repository candidate interface com.school.management.repository.TrimestreRepository; If you want this repository to be a Redis repository, consider annotating your entities with one of these annotations: org.springframework.data.redis.core.RedisHash (preferred), or consider extending one of the following types with your repository: org.springframework.data.keyvalue.repository.KeyValueRepository
2025-06-06 00:41:47,752 INFO o.s.d.r.c.RepositoryConfigurationExtensionSupport [main] Spring Data Redis - Could not safely identify store assignment for repository candidate interface com.school.management.repository.TypeAffectationRepository; If you want this repository to be a Redis repository, consider annotating your entities with one of these annotations: org.springframework.data.redis.core.RedisHash (preferred), or consider extending one of the following types with your repository: org.springframework.data.keyvalue.repository.KeyValueRepository
2025-06-06 00:41:47,752 INFO o.s.d.r.c.RepositoryConfigurationExtensionSupport [main] Spring Data Redis - Could not safely identify store assignment for repository candidate interface com.school.management.repository.UtilisateurRepository; If you want this repository to be a Redis repository, consider annotating your entities with one of these annotations: org.springframework.data.redis.core.RedisHash (preferred), or consider extending one of the following types with your repository: org.springframework.data.keyvalue.repository.KeyValueRepository
2025-06-06 00:41:47,752 INFO o.s.d.r.c.RepositoryConfigurationDelegate [main] Finished Spring Data repository scanning in 26 ms. Found 0 Redis repository interfaces.
2025-06-06 00:41:49,612 INFO o.s.b.w.e.t.TomcatWebServer [main] Tomcat initialized with port 8080 (http)
2025-06-06 00:41:49,637 INFO o.a.j.l.DirectJDKLog [main] Initializing ProtocolHandler ["http-nio-8080"]
2025-06-06 00:41:49,637 INFO o.a.j.l.DirectJDKLog [main] Starting service [Tomcat]
2025-06-06 00:41:49,637 INFO o.a.j.l.DirectJDKLog [main] Starting Servlet engine: [Apache Tomcat/10.1.24]
2025-06-06 00:41:49,744 INFO o.a.j.l.DirectJDKLog [main] Initializing Spring embedded WebApplicationContext
2025-06-06 00:41:49,744 INFO o.s.b.w.s.c.ServletWebServerApplicationContext [main] Root WebApplicationContext: initialization completed in 5547 ms
2025-06-06 00:41:50,381 INFO o.h.j.i.u.LogHelper [main] HHH000204: Processing PersistenceUnitInfo [name: default]
2025-06-06 00:41:50,568 INFO o.h.Version [main] HHH000412: Hibernate ORM core version 6.5.2.Final
2025-06-06 00:41:50,650 INFO o.h.c.i.RegionFactoryInitiator [main] HHH000026: Second-level cache disabled
2025-06-06 00:41:51,429 INFO o.s.o.j.p.SpringPersistenceUnitInfo [main] No LoadTimeWeaver setup: ignoring JPA class transformer
2025-06-06 00:41:51,494 INFO c.z.h.HikariDataSource [main] HikariPool-1 - Starting...
2025-06-06 00:41:52,503 INFO c.z.h.p.HikariPool [main] HikariPool-1 - Added connection com.mysql.cj.jdbc.ConnectionImpl@663f24e6
2025-06-06 00:41:52,512 INFO c.z.h.HikariDataSource [main] HikariPool-1 - Start completed.
2025-06-06 00:41:52,666 WARN o.h.e.j.d.i.DialectFactoryImpl [main] HHH90000025: MySQL8Dialect does not need to be specified explicitly using 'hibernate.dialect' (remove the property setting and it will be selected by default)
2025-06-06 00:41:52,666 WARN o.h.e.j.d.i.DialectFactoryImpl [main] HHH90000026: MySQL8Dialect has been deprecated; use org.hibernate.dialect.MySQLDialect instead
2025-06-06 00:41:55,183 INFO o.h.e.t.j.p.i.JtaPlatformInitiator [main] HHH000489: No JTA platform available (set 'hibernate.transaction.jta.platform' to enable JTA platform integration)
2025-06-06 00:41:55,994 WARN o.h.t.s.i.ExceptionHandlerLoggedImpl [main] GenerationTarget encountered exception accepting command : Error executing DDL "
    create table notifications (
        id bigint not null auto_increment,
        created_at datetime(6),
        message varchar(255) not null,
        read bit,
        user_id bigint,
        primary key (id)
    ) engine=InnoDB" via JDBC [Erreur de syntaxe près de 'read bit,
        user_id bigint,
        primary key (id)
    ) engine=InnoD' à la ligne 5]
org.hibernate.tool.schema.spi.CommandAcceptanceException: Error executing DDL "
    create table notifications (
        id bigint not null auto_increment,
        created_at datetime(6),
        message varchar(255) not null,
        read bit,
        user_id bigint,
        primary key (id)
    ) engine=InnoDB" via JDBC [Erreur de syntaxe près de 'read bit,
        user_id bigint,
        primary key (id)
    ) engine=InnoD' à la ligne 5]
	at org.hibernate.tool.schema.internal.exec.GenerationTargetToDatabase.accept(GenerationTargetToDatabase.java:94)
	at org.hibernate.tool.schema.internal.AbstractSchemaMigrator.applySqlString(AbstractSchemaMigrator.java:575)
	at org.hibernate.tool.schema.internal.AbstractSchemaMigrator.applySqlStrings(AbstractSchemaMigrator.java:515)
	at org.hibernate.tool.schema.internal.AbstractSchemaMigrator.createTable(AbstractSchemaMigrator.java:315)
	at org.hibernate.tool.schema.internal.GroupedSchemaMigratorImpl.performTablesMigration(GroupedSchemaMigratorImpl.java:80)
	at org.hibernate.tool.schema.internal.AbstractSchemaMigrator.performMigration(AbstractSchemaMigrator.java:232)
	at org.hibernate.tool.schema.internal.AbstractSchemaMigrator.doMigration(AbstractSchemaMigrator.java:117)
	at org.hibernate.tool.schema.spi.SchemaManagementToolCoordinator.performDatabaseAction(SchemaManagementToolCoordinator.java:280)
	at org.hibernate.tool.schema.spi.SchemaManagementToolCoordinator.lambda$process$5(SchemaManagementToolCoordinator.java:144)
	at java.base/java.util.HashMap.forEach(HashMap.java:1429)
	at org.hibernate.tool.schema.spi.SchemaManagementToolCoordinator.process(SchemaManagementToolCoordinator.java:141)
	at org.hibernate.boot.internal.SessionFactoryObserverForSchemaExport.sessionFactoryCreated(SessionFactoryObserverForSchemaExport.java:37)
	at org.hibernate.internal.SessionFactoryObserverChain.sessionFactoryCreated(SessionFactoryObserverChain.java:35)
	at org.hibernate.internal.SessionFactoryImpl.<init>(SessionFactoryImpl.java:322)
	at org.hibernate.boot.internal.SessionFactoryBuilderImpl.build(SessionFactoryBuilderImpl.java:457)
	at org.hibernate.jpa.boot.internal.EntityManagerFactoryBuilderImpl.build(EntityManagerFactoryBuilderImpl.java:1506)
	at org.springframework.orm.jpa.vendor.SpringHibernateJpaPersistenceProvider.createContainerEntityManagerFactory(SpringHibernateJpaPersistenceProvider.java:75)
	at org.springframework.orm.jpa.LocalContainerEntityManagerFactoryBean.createNativeEntityManagerFactory(LocalContainerEntityManagerFactoryBean.java:390)
	at org.springframework.orm.jpa.AbstractEntityManagerFactoryBean.buildNativeEntityManagerFactory(AbstractEntityManagerFactoryBean.java:409)
	at org.springframework.orm.jpa.AbstractEntityManagerFactoryBean.afterPropertiesSet(AbstractEntityManagerFactoryBean.java:396)
	at org.springframework.orm.jpa.LocalContainerEntityManagerFactoryBean.afterPropertiesSet(LocalContainerEntityManagerFactoryBean.java:366)
	at org.springframework.beans.factory.support.AbstractAutowireCapableBeanFactory.invokeInitMethods(AbstractAutowireCapableBeanFactory.java:1835)
	at org.springframework.beans.factory.support.AbstractAutowireCapableBeanFactory.initializeBean(AbstractAutowireCapableBeanFactory.java:1784)
	at org.springframework.beans.factory.support.AbstractAutowireCapableBeanFactory.doCreateBean(AbstractAutowireCapableBeanFactory.java:600)
	at org.springframework.beans.factory.support.AbstractAutowireCapableBeanFactory.createBean(AbstractAutowireCapableBeanFactory.java:522)
	at org.springframework.beans.factory.support.AbstractBeanFactory.lambda$doGetBean$0(AbstractBeanFactory.java:337)
	at org.springframework.beans.factory.support.DefaultSingletonBeanRegistry.getSingleton(DefaultSingletonBeanRegistry.java:234)
	at org.springframework.beans.factory.support.AbstractBeanFactory.doGetBean(AbstractBeanFactory.java:335)
	at org.springframework.beans.factory.support.AbstractBeanFactory.getBean(AbstractBeanFactory.java:205)
	at org.springframework.context.support.AbstractApplicationContext.finishBeanFactoryInitialization(AbstractApplicationContext.java:952)
	at org.springframework.context.support.AbstractApplicationContext.refresh(AbstractApplicationContext.java:624)
	at org.springframework.boot.web.servlet.context.ServletWebServerApplicationContext.refresh(ServletWebServerApplicationContext.java:146)
	at org.springframework.boot.SpringApplication.refresh(SpringApplication.java:754)
	at org.springframework.boot.SpringApplication.refreshContext(SpringApplication.java:456)
	at org.springframework.boot.SpringApplication.run(SpringApplication.java:335)
	at org.springframework.boot.SpringApplication.run(SpringApplication.java:1363)
	at org.springframework.boot.SpringApplication.run(SpringApplication.java:1352)
	at com.school.management.SchoolManagementApplication.main(SchoolManagementApplication.java:11)
Caused by: java.sql.SQLSyntaxErrorException: Erreur de syntaxe près de 'read bit,
        user_id bigint,
        primary key (id)
    ) engine=InnoD' à la ligne 5
	at com.mysql.cj.jdbc.exceptions.SQLError.createSQLException(SQLError.java:121)
	at com.mysql.cj.jdbc.exceptions.SQLExceptionsMapping.translateException(SQLExceptionsMapping.java:122)
	at com.mysql.cj.jdbc.StatementImpl.executeInternal(StatementImpl.java:770)
	at com.mysql.cj.jdbc.StatementImpl.execute(StatementImpl.java:653)
	at com.zaxxer.hikari.pool.ProxyStatement.execute(ProxyStatement.java:94)
	at com.zaxxer.hikari.pool.HikariProxyStatement.execute(HikariProxyStatement.java)
	at org.hibernate.tool.schema.internal.exec.GenerationTargetToDatabase.accept(GenerationTargetToDatabase.java:80)
	... 37 common frames omitted
2025-06-06 00:41:56,761 WARN o.h.t.s.i.ExceptionHandlerLoggedImpl [main] GenerationTarget encountered exception accepting command : Error executing DDL "
    alter table grade 
       add constraint FK65scf5pqiupf01gtvxgf02xfs 
       foreign key (student_id) 
       references utilisateur (id)" via JDBC [Failed to open the referenced table 'utilisateur']
org.hibernate.tool.schema.spi.CommandAcceptanceException: Error executing DDL "
    alter table grade 
       add constraint FK65scf5pqiupf01gtvxgf02xfs 
       foreign key (student_id) 
       references utilisateur (id)" via JDBC [Failed to open the referenced table 'utilisateur']
	at org.hibernate.tool.schema.internal.exec.GenerationTargetToDatabase.accept(GenerationTargetToDatabase.java:94)
	at org.hibernate.tool.schema.internal.AbstractSchemaMigrator.applySqlString(AbstractSchemaMigrator.java:575)
	at org.hibernate.tool.schema.internal.AbstractSchemaMigrator.applySqlStrings(AbstractSchemaMigrator.java:515)
	at org.hibernate.tool.schema.internal.AbstractSchemaMigrator.applyForeignKeys(AbstractSchemaMigrator.java:447)
	at org.hibernate.tool.schema.internal.AbstractSchemaMigrator.performMigration(AbstractSchemaMigrator.java:268)
	at org.hibernate.tool.schema.internal.AbstractSchemaMigrator.doMigration(AbstractSchemaMigrator.java:117)
	at org.hibernate.tool.schema.spi.SchemaManagementToolCoordinator.performDatabaseAction(SchemaManagementToolCoordinator.java:280)
	at org.hibernate.tool.schema.spi.SchemaManagementToolCoordinator.lambda$process$5(SchemaManagementToolCoordinator.java:144)
	at java.base/java.util.HashMap.forEach(HashMap.java:1429)
	at org.hibernate.tool.schema.spi.SchemaManagementToolCoordinator.process(SchemaManagementToolCoordinator.java:141)
	at org.hibernate.boot.internal.SessionFactoryObserverForSchemaExport.sessionFactoryCreated(SessionFactoryObserverForSchemaExport.java:37)
	at org.hibernate.internal.SessionFactoryObserverChain.sessionFactoryCreated(SessionFactoryObserverChain.java:35)
	at org.hibernate.internal.SessionFactoryImpl.<init>(SessionFactoryImpl.java:322)
	at org.hibernate.boot.internal.SessionFactoryBuilderImpl.build(SessionFactoryBuilderImpl.java:457)
	at org.hibernate.jpa.boot.internal.EntityManagerFactoryBuilderImpl.build(EntityManagerFactoryBuilderImpl.java:1506)
	at org.springframework.orm.jpa.vendor.SpringHibernateJpaPersistenceProvider.createContainerEntityManagerFactory(SpringHibernateJpaPersistenceProvider.java:75)
	at org.springframework.orm.jpa.LocalContainerEntityManagerFactoryBean.createNativeEntityManagerFactory(LocalContainerEntityManagerFactoryBean.java:390)
	at org.springframework.orm.jpa.AbstractEntityManagerFactoryBean.buildNativeEntityManagerFactory(AbstractEntityManagerFactoryBean.java:409)
	at org.springframework.orm.jpa.AbstractEntityManagerFactoryBean.afterPropertiesSet(AbstractEntityManagerFactoryBean.java:396)
	at org.springframework.orm.jpa.LocalContainerEntityManagerFactoryBean.afterPropertiesSet(LocalContainerEntityManagerFactoryBean.java:366)
	at org.springframework.beans.factory.support.AbstractAutowireCapableBeanFactory.invokeInitMethods(AbstractAutowireCapableBeanFactory.java:1835)
	at org.springframework.beans.factory.support.AbstractAutowireCapableBeanFactory.initializeBean(AbstractAutowireCapableBeanFactory.java:1784)
	at org.springframework.beans.factory.support.AbstractAutowireCapableBeanFactory.doCreateBean(AbstractAutowireCapableBeanFactory.java:600)
	at org.springframework.beans.factory.support.AbstractAutowireCapableBeanFactory.createBean(AbstractAutowireCapableBeanFactory.java:522)
	at org.springframework.beans.factory.support.AbstractBeanFactory.lambda$doGetBean$0(AbstractBeanFactory.java:337)
	at org.springframework.beans.factory.support.DefaultSingletonBeanRegistry.getSingleton(DefaultSingletonBeanRegistry.java:234)
	at org.springframework.beans.factory.support.AbstractBeanFactory.doGetBean(AbstractBeanFactory.java:335)
	at org.springframework.beans.factory.support.AbstractBeanFactory.getBean(AbstractBeanFactory.java:205)
	at org.springframework.context.support.AbstractApplicationContext.finishBeanFactoryInitialization(AbstractApplicationContext.java:952)
	at org.springframework.context.support.AbstractApplicationContext.refresh(AbstractApplicationContext.java:624)
	at org.springframework.boot.web.servlet.context.ServletWebServerApplicationContext.refresh(ServletWebServerApplicationContext.java:146)
	at org.springframework.boot.SpringApplication.refresh(SpringApplication.java:754)
	at org.springframework.boot.SpringApplication.refreshContext(SpringApplication.java:456)
	at org.springframework.boot.SpringApplication.run(SpringApplication.java:335)
	at org.springframework.boot.SpringApplication.run(SpringApplication.java:1363)
	at org.springframework.boot.SpringApplication.run(SpringApplication.java:1352)
	at com.school.management.SchoolManagementApplication.main(SchoolManagementApplication.java:11)
Caused by: java.sql.SQLException: Failed to open the referenced table 'utilisateur'
	at com.mysql.cj.jdbc.exceptions.SQLError.createSQLException(SQLError.java:130)
	at com.mysql.cj.jdbc.exceptions.SQLExceptionsMapping.translateException(SQLExceptionsMapping.java:122)
	at com.mysql.cj.jdbc.StatementImpl.executeInternal(StatementImpl.java:770)
	at com.mysql.cj.jdbc.StatementImpl.execute(StatementImpl.java:653)
	at com.zaxxer.hikari.pool.ProxyStatement.execute(ProxyStatement.java:94)
	at com.zaxxer.hikari.pool.HikariProxyStatement.execute(HikariProxyStatement.java)
	at org.hibernate.tool.schema.internal.exec.GenerationTargetToDatabase.accept(GenerationTargetToDatabase.java:80)
	... 36 common frames omitted
2025-06-06 00:41:57,066 WARN o.h.t.s.i.ExceptionHandlerLoggedImpl [main] GenerationTarget encountered exception accepting command : Error executing DDL "
    alter table paiements 
       add constraint FKa2gysb7sesilnnjpi0v4ks23c 
       foreign key (eleve_id) 
       references eleve (id)" via JDBC [Failed to open the referenced table 'eleve']
org.hibernate.tool.schema.spi.CommandAcceptanceException: Error executing DDL "
    alter table paiements 
       add constraint FKa2gysb7sesilnnjpi0v4ks23c 
       foreign key (eleve_id) 
       references eleve (id)" via JDBC [Failed to open the referenced table 'eleve']
	at org.hibernate.tool.schema.internal.exec.GenerationTargetToDatabase.accept(GenerationTargetToDatabase.java:94)
	at org.hibernate.tool.schema.internal.AbstractSchemaMigrator.applySqlString(AbstractSchemaMigrator.java:575)
	at org.hibernate.tool.schema.internal.AbstractSchemaMigrator.applySqlStrings(AbstractSchemaMigrator.java:515)
	at org.hibernate.tool.schema.internal.AbstractSchemaMigrator.applyForeignKeys(AbstractSchemaMigrator.java:447)
	at org.hibernate.tool.schema.internal.AbstractSchemaMigrator.performMigration(AbstractSchemaMigrator.java:268)
	at org.hibernate.tool.schema.internal.AbstractSchemaMigrator.doMigration(AbstractSchemaMigrator.java:117)
	at org.hibernate.tool.schema.spi.SchemaManagementToolCoordinator.performDatabaseAction(SchemaManagementToolCoordinator.java:280)
	at org.hibernate.tool.schema.spi.SchemaManagementToolCoordinator.lambda$process$5(SchemaManagementToolCoordinator.java:144)
	at java.base/java.util.HashMap.forEach(HashMap.java:1429)
	at org.hibernate.tool.schema.spi.SchemaManagementToolCoordinator.process(SchemaManagementToolCoordinator.java:141)
	at org.hibernate.boot.internal.SessionFactoryObserverForSchemaExport.sessionFactoryCreated(SessionFactoryObserverForSchemaExport.java:37)
	at org.hibernate.internal.SessionFactoryObserverChain.sessionFactoryCreated(SessionFactoryObserverChain.java:35)
	at org.hibernate.internal.SessionFactoryImpl.<init>(SessionFactoryImpl.java:322)
	at org.hibernate.boot.internal.SessionFactoryBuilderImpl.build(SessionFactoryBuilderImpl.java:457)
	at org.hibernate.jpa.boot.internal.EntityManagerFactoryBuilderImpl.build(EntityManagerFactoryBuilderImpl.java:1506)
	at org.springframework.orm.jpa.vendor.SpringHibernateJpaPersistenceProvider.createContainerEntityManagerFactory(SpringHibernateJpaPersistenceProvider.java:75)
	at org.springframework.orm.jpa.LocalContainerEntityManagerFactoryBean.createNativeEntityManagerFactory(LocalContainerEntityManagerFactoryBean.java:390)
	at org.springframework.orm.jpa.AbstractEntityManagerFactoryBean.buildNativeEntityManagerFactory(AbstractEntityManagerFactoryBean.java:409)
	at org.springframework.orm.jpa.AbstractEntityManagerFactoryBean.afterPropertiesSet(AbstractEntityManagerFactoryBean.java:396)
	at org.springframework.orm.jpa.LocalContainerEntityManagerFactoryBean.afterPropertiesSet(LocalContainerEntityManagerFactoryBean.java:366)
	at org.springframework.beans.factory.support.AbstractAutowireCapableBeanFactory.invokeInitMethods(AbstractAutowireCapableBeanFactory.java:1835)
	at org.springframework.beans.factory.support.AbstractAutowireCapableBeanFactory.initializeBean(AbstractAutowireCapableBeanFactory.java:1784)
	at org.springframework.beans.factory.support.AbstractAutowireCapableBeanFactory.doCreateBean(AbstractAutowireCapableBeanFactory.java:600)
	at org.springframework.beans.factory.support.AbstractAutowireCapableBeanFactory.createBean(AbstractAutowireCapableBeanFactory.java:522)
	at org.springframework.beans.factory.support.AbstractBeanFactory.lambda$doGetBean$0(AbstractBeanFactory.java:337)
	at org.springframework.beans.factory.support.DefaultSingletonBeanRegistry.getSingleton(DefaultSingletonBeanRegistry.java:234)
	at org.springframework.beans.factory.support.AbstractBeanFactory.doGetBean(AbstractBeanFactory.java:335)
	at org.springframework.beans.factory.support.AbstractBeanFactory.getBean(AbstractBeanFactory.java:205)
	at org.springframework.context.support.AbstractApplicationContext.finishBeanFactoryInitialization(AbstractApplicationContext.java:952)
	at org.springframework.context.support.AbstractApplicationContext.refresh(AbstractApplicationContext.java:624)
	at org.springframework.boot.web.servlet.context.ServletWebServerApplicationContext.refresh(ServletWebServerApplicationContext.java:146)
	at org.springframework.boot.SpringApplication.refresh(SpringApplication.java:754)
	at org.springframework.boot.SpringApplication.refreshContext(SpringApplication.java:456)
	at org.springframework.boot.SpringApplication.run(SpringApplication.java:335)
	at org.springframework.boot.SpringApplication.run(SpringApplication.java:1363)
	at org.springframework.boot.SpringApplication.run(SpringApplication.java:1352)
	at com.school.management.SchoolManagementApplication.main(SchoolManagementApplication.java:11)
Caused by: java.sql.SQLException: Failed to open the referenced table 'eleve'
	at com.mysql.cj.jdbc.exceptions.SQLError.createSQLException(SQLError.java:130)
	at com.mysql.cj.jdbc.exceptions.SQLExceptionsMapping.translateException(SQLExceptionsMapping.java:122)
	at com.mysql.cj.jdbc.StatementImpl.executeInternal(StatementImpl.java:770)
	at com.mysql.cj.jdbc.StatementImpl.execute(StatementImpl.java:653)
	at com.zaxxer.hikari.pool.ProxyStatement.execute(ProxyStatement.java:94)
	at com.zaxxer.hikari.pool.HikariProxyStatement.execute(HikariProxyStatement.java)
	at org.hibernate.tool.schema.internal.exec.GenerationTargetToDatabase.accept(GenerationTargetToDatabase.java:80)
	... 36 common frames omitted
2025-06-06 00:41:57,158 WARN o.h.t.s.i.ExceptionHandlerLoggedImpl [main] GenerationTarget encountered exception accepting command : Error executing DDL "
    alter table student_progress_report 
       add constraint FKa399yrjjpj6y3idqg9q5594n 
       foreign key (student_id) 
       references utilisateur (id)" via JDBC [Failed to open the referenced table 'utilisateur']
org.hibernate.tool.schema.spi.CommandAcceptanceException: Error executing DDL "
    alter table student_progress_report 
       add constraint FKa399yrjjpj6y3idqg9q5594n 
       foreign key (student_id) 
       references utilisateur (id)" via JDBC [Failed to open the referenced table 'utilisateur']
	at org.hibernate.tool.schema.internal.exec.GenerationTargetToDatabase.accept(GenerationTargetToDatabase.java:94)
	at org.hibernate.tool.schema.internal.AbstractSchemaMigrator.applySqlString(AbstractSchemaMigrator.java:575)
	at org.hibernate.tool.schema.internal.AbstractSchemaMigrator.applySqlStrings(AbstractSchemaMigrator.java:515)
	at org.hibernate.tool.schema.internal.AbstractSchemaMigrator.applyForeignKeys(AbstractSchemaMigrator.java:447)
	at org.hibernate.tool.schema.internal.AbstractSchemaMigrator.performMigration(AbstractSchemaMigrator.java:268)
	at org.hibernate.tool.schema.internal.AbstractSchemaMigrator.doMigration(AbstractSchemaMigrator.java:117)
	at org.hibernate.tool.schema.spi.SchemaManagementToolCoordinator.performDatabaseAction(SchemaManagementToolCoordinator.java:280)
	at org.hibernate.tool.schema.spi.SchemaManagementToolCoordinator.lambda$process$5(SchemaManagementToolCoordinator.java:144)
	at java.base/java.util.HashMap.forEach(HashMap.java:1429)
	at org.hibernate.tool.schema.spi.SchemaManagementToolCoordinator.process(SchemaManagementToolCoordinator.java:141)
	at org.hibernate.boot.internal.SessionFactoryObserverForSchemaExport.sessionFactoryCreated(SessionFactoryObserverForSchemaExport.java:37)
	at org.hibernate.internal.SessionFactoryObserverChain.sessionFactoryCreated(SessionFactoryObserverChain.java:35)
	at org.hibernate.internal.SessionFactoryImpl.<init>(SessionFactoryImpl.java:322)
	at org.hibernate.boot.internal.SessionFactoryBuilderImpl.build(SessionFactoryBuilderImpl.java:457)
	at org.hibernate.jpa.boot.internal.EntityManagerFactoryBuilderImpl.build(EntityManagerFactoryBuilderImpl.java:1506)
	at org.springframework.orm.jpa.vendor.SpringHibernateJpaPersistenceProvider.createContainerEntityManagerFactory(SpringHibernateJpaPersistenceProvider.java:75)
	at org.springframework.orm.jpa.LocalContainerEntityManagerFactoryBean.createNativeEntityManagerFactory(LocalContainerEntityManagerFactoryBean.java:390)
	at org.springframework.orm.jpa.AbstractEntityManagerFactoryBean.buildNativeEntityManagerFactory(AbstractEntityManagerFactoryBean.java:409)
	at org.springframework.orm.jpa.AbstractEntityManagerFactoryBean.afterPropertiesSet(AbstractEntityManagerFactoryBean.java:396)
	at org.springframework.orm.jpa.LocalContainerEntityManagerFactoryBean.afterPropertiesSet(LocalContainerEntityManagerFactoryBean.java:366)
	at org.springframework.beans.factory.support.AbstractAutowireCapableBeanFactory.invokeInitMethods(AbstractAutowireCapableBeanFactory.java:1835)
	at org.springframework.beans.factory.support.AbstractAutowireCapableBeanFactory.initializeBean(AbstractAutowireCapableBeanFactory.java:1784)
	at org.springframework.beans.factory.support.AbstractAutowireCapableBeanFactory.doCreateBean(AbstractAutowireCapableBeanFactory.java:600)
	at org.springframework.beans.factory.support.AbstractAutowireCapableBeanFactory.createBean(AbstractAutowireCapableBeanFactory.java:522)
	at org.springframework.beans.factory.support.AbstractBeanFactory.lambda$doGetBean$0(AbstractBeanFactory.java:337)
	at org.springframework.beans.factory.support.DefaultSingletonBeanRegistry.getSingleton(DefaultSingletonBeanRegistry.java:234)
	at org.springframework.beans.factory.support.AbstractBeanFactory.doGetBean(AbstractBeanFactory.java:335)
	at org.springframework.beans.factory.support.AbstractBeanFactory.getBean(AbstractBeanFactory.java:205)
	at org.springframework.context.support.AbstractApplicationContext.finishBeanFactoryInitialization(AbstractApplicationContext.java:952)
	at org.springframework.context.support.AbstractApplicationContext.refresh(AbstractApplicationContext.java:624)
	at org.springframework.boot.web.servlet.context.ServletWebServerApplicationContext.refresh(ServletWebServerApplicationContext.java:146)
	at org.springframework.boot.SpringApplication.refresh(SpringApplication.java:754)
	at org.springframework.boot.SpringApplication.refreshContext(SpringApplication.java:456)
	at org.springframework.boot.SpringApplication.run(SpringApplication.java:335)
	at org.springframework.boot.SpringApplication.run(SpringApplication.java:1363)
	at org.springframework.boot.SpringApplication.run(SpringApplication.java:1352)
	at com.school.management.SchoolManagementApplication.main(SchoolManagementApplication.java:11)
Caused by: java.sql.SQLException: Failed to open the referenced table 'utilisateur'
	at com.mysql.cj.jdbc.exceptions.SQLError.createSQLException(SQLError.java:130)
	at com.mysql.cj.jdbc.exceptions.SQLExceptionsMapping.translateException(SQLExceptionsMapping.java:122)
	at com.mysql.cj.jdbc.StatementImpl.executeInternal(StatementImpl.java:770)
	at com.mysql.cj.jdbc.StatementImpl.execute(StatementImpl.java:653)
	at com.zaxxer.hikari.pool.ProxyStatement.execute(ProxyStatement.java:94)
	at com.zaxxer.hikari.pool.HikariProxyStatement.execute(HikariProxyStatement.java)
	at org.hibernate.tool.schema.internal.exec.GenerationTargetToDatabase.accept(GenerationTargetToDatabase.java:80)
	... 36 common frames omitted
2025-06-06 00:41:57,362 INFO o.s.o.j.AbstractEntityManagerFactoryBean [main] Initialized JPA EntityManagerFactory for persistence unit 'default'
2025-06-06 00:41:58,047 WARN o.s.c.s.AbstractApplicationContext [main] Exception encountered during context initialization - cancelling refresh attempt: org.springframework.beans.factory.UnsatisfiedDependencyException: Error creating bean with name 'gradeController' defined in file [C:\Users\GLOBAL STORE\Documents\Primary-School\backend\build\classes\java\main\com\school\management\controller\GradeController.class]: Unsatisfied dependency expressed through constructor parameter 0: No qualifying bean of type 'com.school.service.GradeService' available: expected at least 1 bean which qualifies as autowire candidate. Dependency annotations: {}
2025-06-06 00:41:58,047 INFO o.s.o.j.AbstractEntityManagerFactoryBean [main] Closing JPA EntityManagerFactory for persistence unit 'default'
2025-06-06 00:41:58,055 INFO c.z.h.HikariDataSource [main] HikariPool-1 - Shutdown initiated...
2025-06-06 00:41:58,063 INFO c.z.h.HikariDataSource [main] HikariPool-1 - Shutdown completed.
2025-06-06 00:41:58,063 INFO o.a.j.l.DirectJDKLog [main] Stopping service [Tomcat]
2025-06-06 00:41:58,101 INFO o.s.b.a.l.ConditionEvaluationReportLogger [main] 

Error starting ApplicationContext. To display the condition evaluation report re-run your application with 'debug' enabled.
2025-06-06 00:41:58,157 ERROR o.s.b.d.LoggingFailureAnalysisReporter [main] 

***************************
APPLICATION FAILED TO START
***************************

Description:

Parameter 0 of constructor in com.school.management.controller.GradeController required a bean of type 'com.school.service.GradeService' that could not be found.


Action:

Consider defining a bean of type 'com.school.service.GradeService' in your configuration.

2025-06-06 00:45:24,787 INFO o.h.v.i.u.Version [background-preinit] HV000001: Hibernate Validator 8.0.1.Final
2025-06-06 00:45:24,890 INFO o.s.b.StartupInfoLogger [main] Starting SchoolManagementApplication using Java 21.0.2 with PID 29392 (C:\Users\GLOBAL STORE\Documents\Primary-School\backend\build\classes\java\main started by GLOBAL STORE in C:\Users\GLOBAL STORE\Documents\Primary-School\backend)
2025-06-06 00:45:24,891 DEBUG o.s.b.StartupInfoLogger [main] Running with Spring Boot v3.3.0, Spring v6.1.8
2025-06-06 00:45:24,892 INFO o.s.b.SpringApplication [main] No active profile set, falling back to 1 default profile: "default"
2025-06-06 00:45:27,324 INFO o.s.d.r.c.RepositoryConfigurationDelegate [main] Multiple Spring Data modules found, entering strict repository configuration mode
2025-06-06 00:45:27,332 INFO o.s.d.r.c.RepositoryConfigurationDelegate [main] Bootstrapping Spring Data JPA repositories in DEFAULT mode.
2025-06-06 00:45:27,726 INFO o.s.d.r.c.RepositoryConfigurationDelegate [main] Finished Spring Data repository scanning in 381 ms. Found 22 JPA repository interfaces.
2025-06-06 00:45:27,742 INFO o.s.d.r.c.RepositoryConfigurationDelegate [main] Multiple Spring Data modules found, entering strict repository configuration mode
2025-06-06 00:45:27,751 INFO o.s.d.r.c.RepositoryConfigurationDelegate [main] Bootstrapping Spring Data Redis repositories in DEFAULT mode.
2025-06-06 00:45:27,775 INFO o.s.d.r.c.RepositoryConfigurationExtensionSupport [main] Spring Data Redis - Could not safely identify store assignment for repository candidate interface com.school.management.repository.AffectationRepository; If you want this repository to be a Redis repository, consider annotating your entities with one of these annotations: org.springframework.data.redis.core.RedisHash (preferred), or consider extending one of the following types with your repository: org.springframework.data.keyvalue.repository.KeyValueRepository
2025-06-06 00:45:27,775 INFO o.s.d.r.c.RepositoryConfigurationExtensionSupport [main] Spring Data Redis - Could not safely identify store assignment for repository candidate interface com.school.management.repository.AnneeScolaireRepository; If you want this repository to be a Redis repository, consider annotating your entities with one of these annotations: org.springframework.data.redis.core.RedisHash (preferred), or consider extending one of the following types with your repository: org.springframework.data.keyvalue.repository.KeyValueRepository
2025-06-06 00:45:27,775 INFO o.s.d.r.c.RepositoryConfigurationExtensionSupport [main] Spring Data Redis - Could not safely identify store assignment for repository candidate interface com.school.management.repository.ClasseRepository; If you want this repository to be a Redis repository, consider annotating your entities with one of these annotations: org.springframework.data.redis.core.RedisHash (preferred), or consider extending one of the following types with your repository: org.springframework.data.keyvalue.repository.KeyValueRepository
2025-06-06 00:45:27,775 INFO o.s.d.r.c.RepositoryConfigurationExtensionSupport [main] Spring Data Redis - Could not safely identify store assignment for repository candidate interface com.school.management.repository.ClassRepository; If you want this repository to be a Redis repository, consider annotating your entities with one of these annotations: org.springframework.data.redis.core.RedisHash (preferred), or consider extending one of the following types with your repository: org.springframework.data.keyvalue.repository.KeyValueRepository
2025-06-06 00:45:27,775 INFO o.s.d.r.c.RepositoryConfigurationExtensionSupport [main] Spring Data Redis - Could not safely identify store assignment for repository candidate interface com.school.management.repository.DocumentRepository; If you want this repository to be a Redis repository, consider annotating your entities with one of these annotations: org.springframework.data.redis.core.RedisHash (preferred), or consider extending one of the following types with your repository: org.springframework.data.keyvalue.repository.KeyValueRepository
2025-06-06 00:45:27,775 INFO o.s.d.r.c.RepositoryConfigurationExtensionSupport [main] Spring Data Redis - Could not safely identify store assignment for repository candidate interface com.school.management.repository.EleveRepository; If you want this repository to be a Redis repository, consider annotating your entities with one of these annotations: org.springframework.data.redis.core.RedisHash (preferred), or consider extending one of the following types with your repository: org.springframework.data.keyvalue.repository.KeyValueRepository
2025-06-06 00:45:27,775 INFO o.s.d.r.c.RepositoryConfigurationExtensionSupport [main] Spring Data Redis - Could not safely identify store assignment for repository candidate interface com.school.management.repository.EnseignantRepository; If you want this repository to be a Redis repository, consider annotating your entities with one of these annotations: org.springframework.data.redis.core.RedisHash (preferred), or consider extending one of the following types with your repository: org.springframework.data.keyvalue.repository.KeyValueRepository
2025-06-06 00:45:27,775 INFO o.s.d.r.c.RepositoryConfigurationExtensionSupport [main] Spring Data Redis - Could not safely identify store assignment for repository candidate interface com.school.management.repository.GradeRepository; If you want this repository to be a Redis repository, consider annotating your entities with one of these annotations: org.springframework.data.redis.core.RedisHash (preferred), or consider extending one of the following types with your repository: org.springframework.data.keyvalue.repository.KeyValueRepository
2025-06-06 00:45:27,775 INFO o.s.d.r.c.RepositoryConfigurationExtensionSupport [main] Spring Data Redis - Could not safely identify store assignment for repository candidate interface com.school.management.repository.LogActiviteRepository; If you want this repository to be a Redis repository, consider annotating your entities with one of these annotations: org.springframework.data.redis.core.RedisHash (preferred), or consider extending one of the following types with your repository: org.springframework.data.keyvalue.repository.KeyValueRepository
2025-06-06 00:45:27,775 INFO o.s.d.r.c.RepositoryConfigurationExtensionSupport [main] Spring Data Redis - Could not safely identify store assignment for repository candidate interface com.school.management.repository.MatiereRepository; If you want this repository to be a Redis repository, consider annotating your entities with one of these annotations: org.springframework.data.redis.core.RedisHash (preferred), or consider extending one of the following types with your repository: org.springframework.data.keyvalue.repository.KeyValueRepository
2025-06-06 00:45:27,775 INFO o.s.d.r.c.RepositoryConfigurationExtensionSupport [main] Spring Data Redis - Could not safely identify store assignment for repository candidate interface com.school.management.repository.NoteRepository; If you want this repository to be a Redis repository, consider annotating your entities with one of these annotations: org.springframework.data.redis.core.RedisHash (preferred), or consider extending one of the following types with your repository: org.springframework.data.keyvalue.repository.KeyValueRepository
2025-06-06 00:45:27,775 INFO o.s.d.r.c.RepositoryConfigurationExtensionSupport [main] Spring Data Redis - Could not safely identify store assignment for repository candidate interface com.school.management.repository.NotificationRepository; If you want this repository to be a Redis repository, consider annotating your entities with one of these annotations: org.springframework.data.redis.core.RedisHash (preferred), or consider extending one of the following types with your repository: org.springframework.data.keyvalue.repository.KeyValueRepository
2025-06-06 00:45:27,775 INFO o.s.d.r.c.RepositoryConfigurationExtensionSupport [main] Spring Data Redis - Could not safely identify store assignment for repository candidate interface com.school.management.repository.PaiementRepository; If you want this repository to be a Redis repository, consider annotating your entities with one of these annotations: org.springframework.data.redis.core.RedisHash (preferred), or consider extending one of the following types with your repository: org.springframework.data.keyvalue.repository.KeyValueRepository
2025-06-06 00:45:27,775 INFO o.s.d.r.c.RepositoryConfigurationExtensionSupport [main] Spring Data Redis - Could not safely identify store assignment for repository candidate interface com.school.management.repository.ProfilUtilisateurRepository; If you want this repository to be a Redis repository, consider annotating your entities with one of these annotations: org.springframework.data.redis.core.RedisHash (preferred), or consider extending one of the following types with your repository: org.springframework.data.keyvalue.repository.KeyValueRepository
2025-06-06 00:45:27,775 INFO o.s.d.r.c.RepositoryConfigurationExtensionSupport [main] Spring Data Redis - Could not safely identify store assignment for repository candidate interface com.school.management.repository.RoleRepository; If you want this repository to be a Redis repository, consider annotating your entities with one of these annotations: org.springframework.data.redis.core.RedisHash (preferred), or consider extending one of the following types with your repository: org.springframework.data.keyvalue.repository.KeyValueRepository
2025-06-06 00:45:27,783 INFO o.s.d.r.c.RepositoryConfigurationExtensionSupport [main] Spring Data Redis - Could not safely identify store assignment for repository candidate interface com.school.management.repository.SectionRepository; If you want this repository to be a Redis repository, consider annotating your entities with one of these annotations: org.springframework.data.redis.core.RedisHash (preferred), or consider extending one of the following types with your repository: org.springframework.data.keyvalue.repository.KeyValueRepository
2025-06-06 00:45:27,783 INFO o.s.d.r.c.RepositoryConfigurationExtensionSupport [main] Spring Data Redis - Could not safely identify store assignment for repository candidate interface com.school.management.repository.SequenceRepository; If you want this repository to be a Redis repository, consider annotating your entities with one of these annotations: org.springframework.data.redis.core.RedisHash (preferred), or consider extending one of the following types with your repository: org.springframework.data.keyvalue.repository.KeyValueRepository
2025-06-06 00:45:27,783 INFO o.s.d.r.c.RepositoryConfigurationExtensionSupport [main] Spring Data Redis - Could not safely identify store assignment for repository candidate interface com.school.management.repository.StatutAnneeRepository; If you want this repository to be a Redis repository, consider annotating your entities with one of these annotations: org.springframework.data.redis.core.RedisHash (preferred), or consider extending one of the following types with your repository: org.springframework.data.keyvalue.repository.KeyValueRepository
2025-06-06 00:45:27,783 INFO o.s.d.r.c.RepositoryConfigurationExtensionSupport [main] Spring Data Redis - Could not safely identify store assignment for repository candidate interface com.school.management.repository.StudentRepository; If you want this repository to be a Redis repository, consider annotating your entities with one of these annotations: org.springframework.data.redis.core.RedisHash (preferred), or consider extending one of the following types with your repository: org.springframework.data.keyvalue.repository.KeyValueRepository
2025-06-06 00:45:27,783 INFO o.s.d.r.c.RepositoryConfigurationExtensionSupport [main] Spring Data Redis - Could not safely identify store assignment for repository candidate interface com.school.management.repository.TrimestreRepository; If you want this repository to be a Redis repository, consider annotating your entities with one of these annotations: org.springframework.data.redis.core.RedisHash (preferred), or consider extending one of the following types with your repository: org.springframework.data.keyvalue.repository.KeyValueRepository
2025-06-06 00:45:27,783 INFO o.s.d.r.c.RepositoryConfigurationExtensionSupport [main] Spring Data Redis - Could not safely identify store assignment for repository candidate interface com.school.management.repository.TypeAffectationRepository; If you want this repository to be a Redis repository, consider annotating your entities with one of these annotations: org.springframework.data.redis.core.RedisHash (preferred), or consider extending one of the following types with your repository: org.springframework.data.keyvalue.repository.KeyValueRepository
2025-06-06 00:45:27,783 INFO o.s.d.r.c.RepositoryConfigurationExtensionSupport [main] Spring Data Redis - Could not safely identify store assignment for repository candidate interface com.school.management.repository.UtilisateurRepository; If you want this repository to be a Redis repository, consider annotating your entities with one of these annotations: org.springframework.data.redis.core.RedisHash (preferred), or consider extending one of the following types with your repository: org.springframework.data.keyvalue.repository.KeyValueRepository
2025-06-06 00:45:27,783 INFO o.s.d.r.c.RepositoryConfigurationDelegate [main] Finished Spring Data repository scanning in 20 ms. Found 0 Redis repository interfaces.
2025-06-06 00:45:29,770 INFO o.s.b.w.e.t.TomcatWebServer [main] Tomcat initialized with port 8080 (http)
2025-06-06 00:45:29,786 INFO o.a.j.l.DirectJDKLog [main] Initializing ProtocolHandler ["http-nio-8080"]
2025-06-06 00:45:29,794 INFO o.a.j.l.DirectJDKLog [main] Starting service [Tomcat]
2025-06-06 00:45:29,794 INFO o.a.j.l.DirectJDKLog [main] Starting Servlet engine: [Apache Tomcat/10.1.24]
2025-06-06 00:45:29,875 INFO o.a.j.l.DirectJDKLog [main] Initializing Spring embedded WebApplicationContext
2025-06-06 00:45:29,883 INFO o.s.b.w.s.c.ServletWebServerApplicationContext [main] Root WebApplicationContext: initialization completed in 4905 ms
2025-06-06 00:45:30,545 INFO o.h.j.i.u.LogHelper [main] HHH000204: Processing PersistenceUnitInfo [name: default]
2025-06-06 00:45:30,701 INFO o.h.Version [main] HHH000412: Hibernate ORM core version 6.5.2.Final
2025-06-06 00:45:30,767 INFO o.h.c.i.RegionFactoryInitiator [main] HHH000026: Second-level cache disabled
2025-06-06 00:45:31,452 INFO o.s.o.j.p.SpringPersistenceUnitInfo [main] No LoadTimeWeaver setup: ignoring JPA class transformer
2025-06-06 00:45:31,517 INFO c.z.h.HikariDataSource [main] HikariPool-1 - Starting...
2025-06-06 00:45:32,357 INFO c.z.h.p.HikariPool [main] HikariPool-1 - Added connection com.mysql.cj.jdbc.ConnectionImpl@69dc7b24
2025-06-06 00:45:32,357 INFO c.z.h.HikariDataSource [main] HikariPool-1 - Start completed.
2025-06-06 00:45:32,441 WARN o.h.e.j.d.i.DialectFactoryImpl [main] HHH90000025: MySQL8Dialect does not need to be specified explicitly using 'hibernate.dialect' (remove the property setting and it will be selected by default)
2025-06-06 00:45:32,441 WARN o.h.e.j.d.i.DialectFactoryImpl [main] HHH90000026: MySQL8Dialect has been deprecated; use org.hibernate.dialect.MySQLDialect instead
2025-06-06 00:45:35,800 INFO o.h.e.t.j.p.i.JtaPlatformInitiator [main] HHH000489: No JTA platform available (set 'hibernate.transaction.jta.platform' to enable JTA platform integration)
2025-06-06 00:45:36,007 WARN o.h.t.s.i.ExceptionHandlerLoggedImpl [main] GenerationTarget encountered exception accepting command : Error executing DDL "
    create table notifications (
        id bigint not null auto_increment,
        created_at datetime(6),
        message varchar(255) not null,
        read bit,
        user_id bigint,
        primary key (id)
    ) engine=InnoDB" via JDBC [Erreur de syntaxe près de 'read bit,
        user_id bigint,
        primary key (id)
    ) engine=InnoD' à la ligne 5]
org.hibernate.tool.schema.spi.CommandAcceptanceException: Error executing DDL "
    create table notifications (
        id bigint not null auto_increment,
        created_at datetime(6),
        message varchar(255) not null,
        read bit,
        user_id bigint,
        primary key (id)
    ) engine=InnoDB" via JDBC [Erreur de syntaxe près de 'read bit,
        user_id bigint,
        primary key (id)
    ) engine=InnoD' à la ligne 5]
	at org.hibernate.tool.schema.internal.exec.GenerationTargetToDatabase.accept(GenerationTargetToDatabase.java:94)
	at org.hibernate.tool.schema.internal.AbstractSchemaMigrator.applySqlString(AbstractSchemaMigrator.java:575)
	at org.hibernate.tool.schema.internal.AbstractSchemaMigrator.applySqlStrings(AbstractSchemaMigrator.java:515)
	at org.hibernate.tool.schema.internal.AbstractSchemaMigrator.createTable(AbstractSchemaMigrator.java:315)
	at org.hibernate.tool.schema.internal.GroupedSchemaMigratorImpl.performTablesMigration(GroupedSchemaMigratorImpl.java:80)
	at org.hibernate.tool.schema.internal.AbstractSchemaMigrator.performMigration(AbstractSchemaMigrator.java:232)
	at org.hibernate.tool.schema.internal.AbstractSchemaMigrator.doMigration(AbstractSchemaMigrator.java:117)
	at org.hibernate.tool.schema.spi.SchemaManagementToolCoordinator.performDatabaseAction(SchemaManagementToolCoordinator.java:280)
	at org.hibernate.tool.schema.spi.SchemaManagementToolCoordinator.lambda$process$5(SchemaManagementToolCoordinator.java:144)
	at java.base/java.util.HashMap.forEach(HashMap.java:1429)
	at org.hibernate.tool.schema.spi.SchemaManagementToolCoordinator.process(SchemaManagementToolCoordinator.java:141)
	at org.hibernate.boot.internal.SessionFactoryObserverForSchemaExport.sessionFactoryCreated(SessionFactoryObserverForSchemaExport.java:37)
	at org.hibernate.internal.SessionFactoryObserverChain.sessionFactoryCreated(SessionFactoryObserverChain.java:35)
	at org.hibernate.internal.SessionFactoryImpl.<init>(SessionFactoryImpl.java:322)
	at org.hibernate.boot.internal.SessionFactoryBuilderImpl.build(SessionFactoryBuilderImpl.java:457)
	at org.hibernate.jpa.boot.internal.EntityManagerFactoryBuilderImpl.build(EntityManagerFactoryBuilderImpl.java:1506)
	at org.springframework.orm.jpa.vendor.SpringHibernateJpaPersistenceProvider.createContainerEntityManagerFactory(SpringHibernateJpaPersistenceProvider.java:75)
	at org.springframework.orm.jpa.LocalContainerEntityManagerFactoryBean.createNativeEntityManagerFactory(LocalContainerEntityManagerFactoryBean.java:390)
	at org.springframework.orm.jpa.AbstractEntityManagerFactoryBean.buildNativeEntityManagerFactory(AbstractEntityManagerFactoryBean.java:409)
	at org.springframework.orm.jpa.AbstractEntityManagerFactoryBean.afterPropertiesSet(AbstractEntityManagerFactoryBean.java:396)
	at org.springframework.orm.jpa.LocalContainerEntityManagerFactoryBean.afterPropertiesSet(LocalContainerEntityManagerFactoryBean.java:366)
	at org.springframework.beans.factory.support.AbstractAutowireCapableBeanFactory.invokeInitMethods(AbstractAutowireCapableBeanFactory.java:1835)
	at org.springframework.beans.factory.support.AbstractAutowireCapableBeanFactory.initializeBean(AbstractAutowireCapableBeanFactory.java:1784)
	at org.springframework.beans.factory.support.AbstractAutowireCapableBeanFactory.doCreateBean(AbstractAutowireCapableBeanFactory.java:600)
	at org.springframework.beans.factory.support.AbstractAutowireCapableBeanFactory.createBean(AbstractAutowireCapableBeanFactory.java:522)
	at org.springframework.beans.factory.support.AbstractBeanFactory.lambda$doGetBean$0(AbstractBeanFactory.java:337)
	at org.springframework.beans.factory.support.DefaultSingletonBeanRegistry.getSingleton(DefaultSingletonBeanRegistry.java:234)
	at org.springframework.beans.factory.support.AbstractBeanFactory.doGetBean(AbstractBeanFactory.java:335)
	at org.springframework.beans.factory.support.AbstractBeanFactory.getBean(AbstractBeanFactory.java:205)
	at org.springframework.context.support.AbstractApplicationContext.finishBeanFactoryInitialization(AbstractApplicationContext.java:952)
	at org.springframework.context.support.AbstractApplicationContext.refresh(AbstractApplicationContext.java:624)
	at org.springframework.boot.web.servlet.context.ServletWebServerApplicationContext.refresh(ServletWebServerApplicationContext.java:146)
	at org.springframework.boot.SpringApplication.refresh(SpringApplication.java:754)
	at org.springframework.boot.SpringApplication.refreshContext(SpringApplication.java:456)
	at org.springframework.boot.SpringApplication.run(SpringApplication.java:335)
	at org.springframework.boot.SpringApplication.run(SpringApplication.java:1363)
	at org.springframework.boot.SpringApplication.run(SpringApplication.java:1352)
	at com.school.management.SchoolManagementApplication.main(SchoolManagementApplication.java:11)
Caused by: java.sql.SQLSyntaxErrorException: Erreur de syntaxe près de 'read bit,
        user_id bigint,
        primary key (id)
    ) engine=InnoD' à la ligne 5
	at com.mysql.cj.jdbc.exceptions.SQLError.createSQLException(SQLError.java:121)
	at com.mysql.cj.jdbc.exceptions.SQLExceptionsMapping.translateException(SQLExceptionsMapping.java:122)
	at com.mysql.cj.jdbc.StatementImpl.executeInternal(StatementImpl.java:770)
	at com.mysql.cj.jdbc.StatementImpl.execute(StatementImpl.java:653)
	at com.zaxxer.hikari.pool.ProxyStatement.execute(ProxyStatement.java:94)
	at com.zaxxer.hikari.pool.HikariProxyStatement.execute(HikariProxyStatement.java)
	at org.hibernate.tool.schema.internal.exec.GenerationTargetToDatabase.accept(GenerationTargetToDatabase.java:80)
	... 37 common frames omitted
2025-06-06 00:45:37,667 WARN o.h.t.s.i.ExceptionHandlerLoggedImpl [main] GenerationTarget encountered exception accepting command : Error executing DDL "
    alter table grade 
       add constraint FK65scf5pqiupf01gtvxgf02xfs 
       foreign key (student_id) 
       references utilisateur (id)" via JDBC [Failed to open the referenced table 'utilisateur']
org.hibernate.tool.schema.spi.CommandAcceptanceException: Error executing DDL "
    alter table grade 
       add constraint FK65scf5pqiupf01gtvxgf02xfs 
       foreign key (student_id) 
       references utilisateur (id)" via JDBC [Failed to open the referenced table 'utilisateur']
	at org.hibernate.tool.schema.internal.exec.GenerationTargetToDatabase.accept(GenerationTargetToDatabase.java:94)
	at org.hibernate.tool.schema.internal.AbstractSchemaMigrator.applySqlString(AbstractSchemaMigrator.java:575)
	at org.hibernate.tool.schema.internal.AbstractSchemaMigrator.applySqlStrings(AbstractSchemaMigrator.java:515)
	at org.hibernate.tool.schema.internal.AbstractSchemaMigrator.applyForeignKeys(AbstractSchemaMigrator.java:447)
	at org.hibernate.tool.schema.internal.AbstractSchemaMigrator.performMigration(AbstractSchemaMigrator.java:268)
	at org.hibernate.tool.schema.internal.AbstractSchemaMigrator.doMigration(AbstractSchemaMigrator.java:117)
	at org.hibernate.tool.schema.spi.SchemaManagementToolCoordinator.performDatabaseAction(SchemaManagementToolCoordinator.java:280)
	at org.hibernate.tool.schema.spi.SchemaManagementToolCoordinator.lambda$process$5(SchemaManagementToolCoordinator.java:144)
	at java.base/java.util.HashMap.forEach(HashMap.java:1429)
	at org.hibernate.tool.schema.spi.SchemaManagementToolCoordinator.process(SchemaManagementToolCoordinator.java:141)
	at org.hibernate.boot.internal.SessionFactoryObserverForSchemaExport.sessionFactoryCreated(SessionFactoryObserverForSchemaExport.java:37)
	at org.hibernate.internal.SessionFactoryObserverChain.sessionFactoryCreated(SessionFactoryObserverChain.java:35)
	at org.hibernate.internal.SessionFactoryImpl.<init>(SessionFactoryImpl.java:322)
	at org.hibernate.boot.internal.SessionFactoryBuilderImpl.build(SessionFactoryBuilderImpl.java:457)
	at org.hibernate.jpa.boot.internal.EntityManagerFactoryBuilderImpl.build(EntityManagerFactoryBuilderImpl.java:1506)
	at org.springframework.orm.jpa.vendor.SpringHibernateJpaPersistenceProvider.createContainerEntityManagerFactory(SpringHibernateJpaPersistenceProvider.java:75)
	at org.springframework.orm.jpa.LocalContainerEntityManagerFactoryBean.createNativeEntityManagerFactory(LocalContainerEntityManagerFactoryBean.java:390)
	at org.springframework.orm.jpa.AbstractEntityManagerFactoryBean.buildNativeEntityManagerFactory(AbstractEntityManagerFactoryBean.java:409)
	at org.springframework.orm.jpa.AbstractEntityManagerFactoryBean.afterPropertiesSet(AbstractEntityManagerFactoryBean.java:396)
	at org.springframework.orm.jpa.LocalContainerEntityManagerFactoryBean.afterPropertiesSet(LocalContainerEntityManagerFactoryBean.java:366)
	at org.springframework.beans.factory.support.AbstractAutowireCapableBeanFactory.invokeInitMethods(AbstractAutowireCapableBeanFactory.java:1835)
	at org.springframework.beans.factory.support.AbstractAutowireCapableBeanFactory.initializeBean(AbstractAutowireCapableBeanFactory.java:1784)
	at org.springframework.beans.factory.support.AbstractAutowireCapableBeanFactory.doCreateBean(AbstractAutowireCapableBeanFactory.java:600)
	at org.springframework.beans.factory.support.AbstractAutowireCapableBeanFactory.createBean(AbstractAutowireCapableBeanFactory.java:522)
	at org.springframework.beans.factory.support.AbstractBeanFactory.lambda$doGetBean$0(AbstractBeanFactory.java:337)
	at org.springframework.beans.factory.support.DefaultSingletonBeanRegistry.getSingleton(DefaultSingletonBeanRegistry.java:234)
	at org.springframework.beans.factory.support.AbstractBeanFactory.doGetBean(AbstractBeanFactory.java:335)
	at org.springframework.beans.factory.support.AbstractBeanFactory.getBean(AbstractBeanFactory.java:205)
	at org.springframework.context.support.AbstractApplicationContext.finishBeanFactoryInitialization(AbstractApplicationContext.java:952)
	at org.springframework.context.support.AbstractApplicationContext.refresh(AbstractApplicationContext.java:624)
	at org.springframework.boot.web.servlet.context.ServletWebServerApplicationContext.refresh(ServletWebServerApplicationContext.java:146)
	at org.springframework.boot.SpringApplication.refresh(SpringApplication.java:754)
	at org.springframework.boot.SpringApplication.refreshContext(SpringApplication.java:456)
	at org.springframework.boot.SpringApplication.run(SpringApplication.java:335)
	at org.springframework.boot.SpringApplication.run(SpringApplication.java:1363)
	at org.springframework.boot.SpringApplication.run(SpringApplication.java:1352)
	at com.school.management.SchoolManagementApplication.main(SchoolManagementApplication.java:11)
Caused by: java.sql.SQLException: Failed to open the referenced table 'utilisateur'
	at com.mysql.cj.jdbc.exceptions.SQLError.createSQLException(SQLError.java:130)
	at com.mysql.cj.jdbc.exceptions.SQLExceptionsMapping.translateException(SQLExceptionsMapping.java:122)
	at com.mysql.cj.jdbc.StatementImpl.executeInternal(StatementImpl.java:770)
	at com.mysql.cj.jdbc.StatementImpl.execute(StatementImpl.java:653)
	at com.zaxxer.hikari.pool.ProxyStatement.execute(ProxyStatement.java:94)
	at com.zaxxer.hikari.pool.HikariProxyStatement.execute(HikariProxyStatement.java)
	at org.hibernate.tool.schema.internal.exec.GenerationTargetToDatabase.accept(GenerationTargetToDatabase.java:80)
	... 36 common frames omitted
2025-06-06 00:45:37,979 WARN o.h.t.s.i.ExceptionHandlerLoggedImpl [main] GenerationTarget encountered exception accepting command : Error executing DDL "
    alter table paiements 
       add constraint FKa2gysb7sesilnnjpi0v4ks23c 
       foreign key (eleve_id) 
       references eleve (id)" via JDBC [Failed to open the referenced table 'eleve']
org.hibernate.tool.schema.spi.CommandAcceptanceException: Error executing DDL "
    alter table paiements 
       add constraint FKa2gysb7sesilnnjpi0v4ks23c 
       foreign key (eleve_id) 
       references eleve (id)" via JDBC [Failed to open the referenced table 'eleve']
	at org.hibernate.tool.schema.internal.exec.GenerationTargetToDatabase.accept(GenerationTargetToDatabase.java:94)
	at org.hibernate.tool.schema.internal.AbstractSchemaMigrator.applySqlString(AbstractSchemaMigrator.java:575)
	at org.hibernate.tool.schema.internal.AbstractSchemaMigrator.applySqlStrings(AbstractSchemaMigrator.java:515)
	at org.hibernate.tool.schema.internal.AbstractSchemaMigrator.applyForeignKeys(AbstractSchemaMigrator.java:447)
	at org.hibernate.tool.schema.internal.AbstractSchemaMigrator.performMigration(AbstractSchemaMigrator.java:268)
	at org.hibernate.tool.schema.internal.AbstractSchemaMigrator.doMigration(AbstractSchemaMigrator.java:117)
	at org.hibernate.tool.schema.spi.SchemaManagementToolCoordinator.performDatabaseAction(SchemaManagementToolCoordinator.java:280)
	at org.hibernate.tool.schema.spi.SchemaManagementToolCoordinator.lambda$process$5(SchemaManagementToolCoordinator.java:144)
	at java.base/java.util.HashMap.forEach(HashMap.java:1429)
	at org.hibernate.tool.schema.spi.SchemaManagementToolCoordinator.process(SchemaManagementToolCoordinator.java:141)
	at org.hibernate.boot.internal.SessionFactoryObserverForSchemaExport.sessionFactoryCreated(SessionFactoryObserverForSchemaExport.java:37)
	at org.hibernate.internal.SessionFactoryObserverChain.sessionFactoryCreated(SessionFactoryObserverChain.java:35)
	at org.hibernate.internal.SessionFactoryImpl.<init>(SessionFactoryImpl.java:322)
	at org.hibernate.boot.internal.SessionFactoryBuilderImpl.build(SessionFactoryBuilderImpl.java:457)
	at org.hibernate.jpa.boot.internal.EntityManagerFactoryBuilderImpl.build(EntityManagerFactoryBuilderImpl.java:1506)
	at org.springframework.orm.jpa.vendor.SpringHibernateJpaPersistenceProvider.createContainerEntityManagerFactory(SpringHibernateJpaPersistenceProvider.java:75)
	at org.springframework.orm.jpa.LocalContainerEntityManagerFactoryBean.createNativeEntityManagerFactory(LocalContainerEntityManagerFactoryBean.java:390)
	at org.springframework.orm.jpa.AbstractEntityManagerFactoryBean.buildNativeEntityManagerFactory(AbstractEntityManagerFactoryBean.java:409)
	at org.springframework.orm.jpa.AbstractEntityManagerFactoryBean.afterPropertiesSet(AbstractEntityManagerFactoryBean.java:396)
	at org.springframework.orm.jpa.LocalContainerEntityManagerFactoryBean.afterPropertiesSet(LocalContainerEntityManagerFactoryBean.java:366)
	at org.springframework.beans.factory.support.AbstractAutowireCapableBeanFactory.invokeInitMethods(AbstractAutowireCapableBeanFactory.java:1835)
	at org.springframework.beans.factory.support.AbstractAutowireCapableBeanFactory.initializeBean(AbstractAutowireCapableBeanFactory.java:1784)
	at org.springframework.beans.factory.support.AbstractAutowireCapableBeanFactory.doCreateBean(AbstractAutowireCapableBeanFactory.java:600)
	at org.springframework.beans.factory.support.AbstractAutowireCapableBeanFactory.createBean(AbstractAutowireCapableBeanFactory.java:522)
	at org.springframework.beans.factory.support.AbstractBeanFactory.lambda$doGetBean$0(AbstractBeanFactory.java:337)
	at org.springframework.beans.factory.support.DefaultSingletonBeanRegistry.getSingleton(DefaultSingletonBeanRegistry.java:234)
	at org.springframework.beans.factory.support.AbstractBeanFactory.doGetBean(AbstractBeanFactory.java:335)
	at org.springframework.beans.factory.support.AbstractBeanFactory.getBean(AbstractBeanFactory.java:205)
	at org.springframework.context.support.AbstractApplicationContext.finishBeanFactoryInitialization(AbstractApplicationContext.java:952)
	at org.springframework.context.support.AbstractApplicationContext.refresh(AbstractApplicationContext.java:624)
	at org.springframework.boot.web.servlet.context.ServletWebServerApplicationContext.refresh(ServletWebServerApplicationContext.java:146)
	at org.springframework.boot.SpringApplication.refresh(SpringApplication.java:754)
	at org.springframework.boot.SpringApplication.refreshContext(SpringApplication.java:456)
	at org.springframework.boot.SpringApplication.run(SpringApplication.java:335)
	at org.springframework.boot.SpringApplication.run(SpringApplication.java:1363)
	at org.springframework.boot.SpringApplication.run(SpringApplication.java:1352)
	at com.school.management.SchoolManagementApplication.main(SchoolManagementApplication.java:11)
Caused by: java.sql.SQLException: Failed to open the referenced table 'eleve'
	at com.mysql.cj.jdbc.exceptions.SQLError.createSQLException(SQLError.java:130)
	at com.mysql.cj.jdbc.exceptions.SQLExceptionsMapping.translateException(SQLExceptionsMapping.java:122)
	at com.mysql.cj.jdbc.StatementImpl.executeInternal(StatementImpl.java:770)
	at com.mysql.cj.jdbc.StatementImpl.execute(StatementImpl.java:653)
	at com.zaxxer.hikari.pool.ProxyStatement.execute(ProxyStatement.java:94)
	at com.zaxxer.hikari.pool.HikariProxyStatement.execute(HikariProxyStatement.java)
	at org.hibernate.tool.schema.internal.exec.GenerationTargetToDatabase.accept(GenerationTargetToDatabase.java:80)
	... 36 common frames omitted
2025-06-06 00:45:38,149 WARN o.h.t.s.i.ExceptionHandlerLoggedImpl [main] GenerationTarget encountered exception accepting command : Error executing DDL "
    alter table student_progress_report 
       add constraint FKa399yrjjpj6y3idqg9q5594n 
       foreign key (student_id) 
       references utilisateur (id)" via JDBC [Failed to open the referenced table 'utilisateur']
org.hibernate.tool.schema.spi.CommandAcceptanceException: Error executing DDL "
    alter table student_progress_report 
       add constraint FKa399yrjjpj6y3idqg9q5594n 
       foreign key (student_id) 
       references utilisateur (id)" via JDBC [Failed to open the referenced table 'utilisateur']
	at org.hibernate.tool.schema.internal.exec.GenerationTargetToDatabase.accept(GenerationTargetToDatabase.java:94)
	at org.hibernate.tool.schema.internal.AbstractSchemaMigrator.applySqlString(AbstractSchemaMigrator.java:575)
	at org.hibernate.tool.schema.internal.AbstractSchemaMigrator.applySqlStrings(AbstractSchemaMigrator.java:515)
	at org.hibernate.tool.schema.internal.AbstractSchemaMigrator.applyForeignKeys(AbstractSchemaMigrator.java:447)
	at org.hibernate.tool.schema.internal.AbstractSchemaMigrator.performMigration(AbstractSchemaMigrator.java:268)
	at org.hibernate.tool.schema.internal.AbstractSchemaMigrator.doMigration(AbstractSchemaMigrator.java:117)
	at org.hibernate.tool.schema.spi.SchemaManagementToolCoordinator.performDatabaseAction(SchemaManagementToolCoordinator.java:280)
	at org.hibernate.tool.schema.spi.SchemaManagementToolCoordinator.lambda$process$5(SchemaManagementToolCoordinator.java:144)
	at java.base/java.util.HashMap.forEach(HashMap.java:1429)
	at org.hibernate.tool.schema.spi.SchemaManagementToolCoordinator.process(SchemaManagementToolCoordinator.java:141)
	at org.hibernate.boot.internal.SessionFactoryObserverForSchemaExport.sessionFactoryCreated(SessionFactoryObserverForSchemaExport.java:37)
	at org.hibernate.internal.SessionFactoryObserverChain.sessionFactoryCreated(SessionFactoryObserverChain.java:35)
	at org.hibernate.internal.SessionFactoryImpl.<init>(SessionFactoryImpl.java:322)
	at org.hibernate.boot.internal.SessionFactoryBuilderImpl.build(SessionFactoryBuilderImpl.java:457)
	at org.hibernate.jpa.boot.internal.EntityManagerFactoryBuilderImpl.build(EntityManagerFactoryBuilderImpl.java:1506)
	at org.springframework.orm.jpa.vendor.SpringHibernateJpaPersistenceProvider.createContainerEntityManagerFactory(SpringHibernateJpaPersistenceProvider.java:75)
	at org.springframework.orm.jpa.LocalContainerEntityManagerFactoryBean.createNativeEntityManagerFactory(LocalContainerEntityManagerFactoryBean.java:390)
	at org.springframework.orm.jpa.AbstractEntityManagerFactoryBean.buildNativeEntityManagerFactory(AbstractEntityManagerFactoryBean.java:409)
	at org.springframework.orm.jpa.AbstractEntityManagerFactoryBean.afterPropertiesSet(AbstractEntityManagerFactoryBean.java:396)
	at org.springframework.orm.jpa.LocalContainerEntityManagerFactoryBean.afterPropertiesSet(LocalContainerEntityManagerFactoryBean.java:366)
	at org.springframework.beans.factory.support.AbstractAutowireCapableBeanFactory.invokeInitMethods(AbstractAutowireCapableBeanFactory.java:1835)
	at org.springframework.beans.factory.support.AbstractAutowireCapableBeanFactory.initializeBean(AbstractAutowireCapableBeanFactory.java:1784)
	at org.springframework.beans.factory.support.AbstractAutowireCapableBeanFactory.doCreateBean(AbstractAutowireCapableBeanFactory.java:600)
	at org.springframework.beans.factory.support.AbstractAutowireCapableBeanFactory.createBean(AbstractAutowireCapableBeanFactory.java:522)
	at org.springframework.beans.factory.support.AbstractBeanFactory.lambda$doGetBean$0(AbstractBeanFactory.java:337)
	at org.springframework.beans.factory.support.DefaultSingletonBeanRegistry.getSingleton(DefaultSingletonBeanRegistry.java:234)
	at org.springframework.beans.factory.support.AbstractBeanFactory.doGetBean(AbstractBeanFactory.java:335)
	at org.springframework.beans.factory.support.AbstractBeanFactory.getBean(AbstractBeanFactory.java:205)
	at org.springframework.context.support.AbstractApplicationContext.finishBeanFactoryInitialization(AbstractApplicationContext.java:952)
	at org.springframework.context.support.AbstractApplicationContext.refresh(AbstractApplicationContext.java:624)
	at org.springframework.boot.web.servlet.context.ServletWebServerApplicationContext.refresh(ServletWebServerApplicationContext.java:146)
	at org.springframework.boot.SpringApplication.refresh(SpringApplication.java:754)
	at org.springframework.boot.SpringApplication.refreshContext(SpringApplication.java:456)
	at org.springframework.boot.SpringApplication.run(SpringApplication.java:335)
	at org.springframework.boot.SpringApplication.run(SpringApplication.java:1363)
	at org.springframework.boot.SpringApplication.run(SpringApplication.java:1352)
	at com.school.management.SchoolManagementApplication.main(SchoolManagementApplication.java:11)
Caused by: java.sql.SQLException: Failed to open the referenced table 'utilisateur'
	at com.mysql.cj.jdbc.exceptions.SQLError.createSQLException(SQLError.java:130)
	at com.mysql.cj.jdbc.exceptions.SQLExceptionsMapping.translateException(SQLExceptionsMapping.java:122)
	at com.mysql.cj.jdbc.StatementImpl.executeInternal(StatementImpl.java:770)
	at com.mysql.cj.jdbc.StatementImpl.execute(StatementImpl.java:653)
	at com.zaxxer.hikari.pool.ProxyStatement.execute(ProxyStatement.java:94)
	at com.zaxxer.hikari.pool.HikariProxyStatement.execute(HikariProxyStatement.java)
	at org.hibernate.tool.schema.internal.exec.GenerationTargetToDatabase.accept(GenerationTargetToDatabase.java:80)
	... 36 common frames omitted
2025-06-06 00:45:38,331 INFO o.s.o.j.AbstractEntityManagerFactoryBean [main] Initialized JPA EntityManagerFactory for persistence unit 'default'
2025-06-06 00:45:39,307 WARN o.s.c.s.AbstractApplicationContext [main] Exception encountered during context initialization - cancelling refresh attempt: org.springframework.beans.factory.UnsatisfiedDependencyException: Error creating bean with name 'gradeController' defined in file [C:\Users\GLOBAL STORE\Documents\Primary-School\backend\build\classes\java\main\com\school\management\controller\GradeController.class]: Unsatisfied dependency expressed through constructor parameter 0: No qualifying bean of type 'com.school.service.GradeService' available: expected at least 1 bean which qualifies as autowire candidate. Dependency annotations: {}
2025-06-06 00:45:39,307 INFO o.s.o.j.AbstractEntityManagerFactoryBean [main] Closing JPA EntityManagerFactory for persistence unit 'default'
2025-06-06 00:45:39,307 INFO c.z.h.HikariDataSource [main] HikariPool-1 - Shutdown initiated...
2025-06-06 00:45:39,326 INFO c.z.h.HikariDataSource [main] HikariPool-1 - Shutdown completed.
2025-06-06 00:45:39,334 INFO o.a.j.l.DirectJDKLog [main] Stopping service [Tomcat]
2025-06-06 00:45:39,376 INFO o.s.b.a.l.ConditionEvaluationReportLogger [main] 

Error starting ApplicationContext. To display the condition evaluation report re-run your application with 'debug' enabled.
2025-06-06 00:45:39,450 ERROR o.s.b.d.LoggingFailureAnalysisReporter [main] 

***************************
APPLICATION FAILED TO START
***************************

Description:

Parameter 0 of constructor in com.school.management.controller.GradeController required a bean of type 'com.school.service.GradeService' that could not be found.


Action:

Consider defining a bean of type 'com.school.service.GradeService' in your configuration.

2025-06-06 04:30:27,596 INFO o.h.v.i.u.Version [background-preinit] HV000001: Hibernate Validator 8.0.1.Final
2025-06-06 04:30:27,749 INFO o.s.b.StartupInfoLogger [main] Starting SchoolManagementApplication using Java 21.0.6 with PID 21564 (C:\Users\GLOBAL STORE\Documents\Primary-School\backend\build\classes\java\main started by GLOBAL STORE in C:\Users\GLOBAL STORE\Documents\Primary-School\backend)
2025-06-06 04:30:27,750 DEBUG o.s.b.StartupInfoLogger [main] Running with Spring Boot v3.3.0, Spring v6.1.8
2025-06-06 04:30:27,754 INFO o.s.b.SpringApplication [main] No active profile set, falling back to 1 default profile: "default"
2025-06-06 04:30:30,440 INFO o.s.d.r.c.RepositoryConfigurationDelegate [main] Multiple Spring Data modules found, entering strict repository configuration mode
2025-06-06 04:30:30,443 INFO o.s.d.r.c.RepositoryConfigurationDelegate [main] Bootstrapping Spring Data JPA repositories in DEFAULT mode.
2025-06-06 04:30:31,030 INFO o.s.d.r.c.RepositoryConfigurationDelegate [main] Finished Spring Data repository scanning in 570 ms. Found 22 JPA repository interfaces.
2025-06-06 04:30:31,061 INFO o.s.d.r.c.RepositoryConfigurationDelegate [main] Multiple Spring Data modules found, entering strict repository configuration mode
2025-06-06 04:30:31,063 INFO o.s.d.r.c.RepositoryConfigurationDelegate [main] Bootstrapping Spring Data Redis repositories in DEFAULT mode.
2025-06-06 04:30:31,106 INFO o.s.d.r.c.RepositoryConfigurationExtensionSupport [main] Spring Data Redis - Could not safely identify store assignment for repository candidate interface com.school.management.repository.AffectationRepository; If you want this repository to be a Redis repository, consider annotating your entities with one of these annotations: org.springframework.data.redis.core.RedisHash (preferred), or consider extending one of the following types with your repository: org.springframework.data.keyvalue.repository.KeyValueRepository
2025-06-06 04:30:31,107 INFO o.s.d.r.c.RepositoryConfigurationExtensionSupport [main] Spring Data Redis - Could not safely identify store assignment for repository candidate interface com.school.management.repository.AnneeScolaireRepository; If you want this repository to be a Redis repository, consider annotating your entities with one of these annotations: org.springframework.data.redis.core.RedisHash (preferred), or consider extending one of the following types with your repository: org.springframework.data.keyvalue.repository.KeyValueRepository
2025-06-06 04:30:31,108 INFO o.s.d.r.c.RepositoryConfigurationExtensionSupport [main] Spring Data Redis - Could not safely identify store assignment for repository candidate interface com.school.management.repository.ClasseRepository; If you want this repository to be a Redis repository, consider annotating your entities with one of these annotations: org.springframework.data.redis.core.RedisHash (preferred), or consider extending one of the following types with your repository: org.springframework.data.keyvalue.repository.KeyValueRepository
2025-06-06 04:30:31,108 INFO o.s.d.r.c.RepositoryConfigurationExtensionSupport [main] Spring Data Redis - Could not safely identify store assignment for repository candidate interface com.school.management.repository.ClassRepository; If you want this repository to be a Redis repository, consider annotating your entities with one of these annotations: org.springframework.data.redis.core.RedisHash (preferred), or consider extending one of the following types with your repository: org.springframework.data.keyvalue.repository.KeyValueRepository
2025-06-06 04:30:31,109 INFO o.s.d.r.c.RepositoryConfigurationExtensionSupport [main] Spring Data Redis - Could not safely identify store assignment for repository candidate interface com.school.management.repository.DocumentRepository; If you want this repository to be a Redis repository, consider annotating your entities with one of these annotations: org.springframework.data.redis.core.RedisHash (preferred), or consider extending one of the following types with your repository: org.springframework.data.keyvalue.repository.KeyValueRepository
2025-06-06 04:30:31,110 INFO o.s.d.r.c.RepositoryConfigurationExtensionSupport [main] Spring Data Redis - Could not safely identify store assignment for repository candidate interface com.school.management.repository.EleveRepository; If you want this repository to be a Redis repository, consider annotating your entities with one of these annotations: org.springframework.data.redis.core.RedisHash (preferred), or consider extending one of the following types with your repository: org.springframework.data.keyvalue.repository.KeyValueRepository
2025-06-06 04:30:31,111 INFO o.s.d.r.c.RepositoryConfigurationExtensionSupport [main] Spring Data Redis - Could not safely identify store assignment for repository candidate interface com.school.management.repository.EnseignantRepository; If you want this repository to be a Redis repository, consider annotating your entities with one of these annotations: org.springframework.data.redis.core.RedisHash (preferred), or consider extending one of the following types with your repository: org.springframework.data.keyvalue.repository.KeyValueRepository
2025-06-06 04:30:31,111 INFO o.s.d.r.c.RepositoryConfigurationExtensionSupport [main] Spring Data Redis - Could not safely identify store assignment for repository candidate interface com.school.management.repository.GradeRepository; If you want this repository to be a Redis repository, consider annotating your entities with one of these annotations: org.springframework.data.redis.core.RedisHash (preferred), or consider extending one of the following types with your repository: org.springframework.data.keyvalue.repository.KeyValueRepository
2025-06-06 04:30:31,112 INFO o.s.d.r.c.RepositoryConfigurationExtensionSupport [main] Spring Data Redis - Could not safely identify store assignment for repository candidate interface com.school.management.repository.LogActiviteRepository; If you want this repository to be a Redis repository, consider annotating your entities with one of these annotations: org.springframework.data.redis.core.RedisHash (preferred), or consider extending one of the following types with your repository: org.springframework.data.keyvalue.repository.KeyValueRepository
2025-06-06 04:30:31,112 INFO o.s.d.r.c.RepositoryConfigurationExtensionSupport [main] Spring Data Redis - Could not safely identify store assignment for repository candidate interface com.school.management.repository.MatiereRepository; If you want this repository to be a Redis repository, consider annotating your entities with one of these annotations: org.springframework.data.redis.core.RedisHash (preferred), or consider extending one of the following types with your repository: org.springframework.data.keyvalue.repository.KeyValueRepository
2025-06-06 04:30:31,112 INFO o.s.d.r.c.RepositoryConfigurationExtensionSupport [main] Spring Data Redis - Could not safely identify store assignment for repository candidate interface com.school.management.repository.NoteRepository; If you want this repository to be a Redis repository, consider annotating your entities with one of these annotations: org.springframework.data.redis.core.RedisHash (preferred), or consider extending one of the following types with your repository: org.springframework.data.keyvalue.repository.KeyValueRepository
2025-06-06 04:30:31,113 INFO o.s.d.r.c.RepositoryConfigurationExtensionSupport [main] Spring Data Redis - Could not safely identify store assignment for repository candidate interface com.school.management.repository.NotificationRepository; If you want this repository to be a Redis repository, consider annotating your entities with one of these annotations: org.springframework.data.redis.core.RedisHash (preferred), or consider extending one of the following types with your repository: org.springframework.data.keyvalue.repository.KeyValueRepository
2025-06-06 04:30:31,113 INFO o.s.d.r.c.RepositoryConfigurationExtensionSupport [main] Spring Data Redis - Could not safely identify store assignment for repository candidate interface com.school.management.repository.PaiementRepository; If you want this repository to be a Redis repository, consider annotating your entities with one of these annotations: org.springframework.data.redis.core.RedisHash (preferred), or consider extending one of the following types with your repository: org.springframework.data.keyvalue.repository.KeyValueRepository
2025-06-06 04:30:31,114 INFO o.s.d.r.c.RepositoryConfigurationExtensionSupport [main] Spring Data Redis - Could not safely identify store assignment for repository candidate interface com.school.management.repository.ProfilUtilisateurRepository; If you want this repository to be a Redis repository, consider annotating your entities with one of these annotations: org.springframework.data.redis.core.RedisHash (preferred), or consider extending one of the following types with your repository: org.springframework.data.keyvalue.repository.KeyValueRepository
2025-06-06 04:30:31,114 INFO o.s.d.r.c.RepositoryConfigurationExtensionSupport [main] Spring Data Redis - Could not safely identify store assignment for repository candidate interface com.school.management.repository.RoleRepository; If you want this repository to be a Redis repository, consider annotating your entities with one of these annotations: org.springframework.data.redis.core.RedisHash (preferred), or consider extending one of the following types with your repository: org.springframework.data.keyvalue.repository.KeyValueRepository
2025-06-06 04:30:31,115 INFO o.s.d.r.c.RepositoryConfigurationExtensionSupport [main] Spring Data Redis - Could not safely identify store assignment for repository candidate interface com.school.management.repository.SectionRepository; If you want this repository to be a Redis repository, consider annotating your entities with one of these annotations: org.springframework.data.redis.core.RedisHash (preferred), or consider extending one of the following types with your repository: org.springframework.data.keyvalue.repository.KeyValueRepository
2025-06-06 04:30:31,115 INFO o.s.d.r.c.RepositoryConfigurationExtensionSupport [main] Spring Data Redis - Could not safely identify store assignment for repository candidate interface com.school.management.repository.SequenceRepository; If you want this repository to be a Redis repository, consider annotating your entities with one of these annotations: org.springframework.data.redis.core.RedisHash (preferred), or consider extending one of the following types with your repository: org.springframework.data.keyvalue.repository.KeyValueRepository
2025-06-06 04:30:31,117 INFO o.s.d.r.c.RepositoryConfigurationExtensionSupport [main] Spring Data Redis - Could not safely identify store assignment for repository candidate interface com.school.management.repository.StatutAnneeRepository; If you want this repository to be a Redis repository, consider annotating your entities with one of these annotations: org.springframework.data.redis.core.RedisHash (preferred), or consider extending one of the following types with your repository: org.springframework.data.keyvalue.repository.KeyValueRepository
2025-06-06 04:30:31,118 INFO o.s.d.r.c.RepositoryConfigurationExtensionSupport [main] Spring Data Redis - Could not safely identify store assignment for repository candidate interface com.school.management.repository.StudentRepository; If you want this repository to be a Redis repository, consider annotating your entities with one of these annotations: org.springframework.data.redis.core.RedisHash (preferred), or consider extending one of the following types with your repository: org.springframework.data.keyvalue.repository.KeyValueRepository
2025-06-06 04:30:31,119 INFO o.s.d.r.c.RepositoryConfigurationExtensionSupport [main] Spring Data Redis - Could not safely identify store assignment for repository candidate interface com.school.management.repository.TrimestreRepository; If you want this repository to be a Redis repository, consider annotating your entities with one of these annotations: org.springframework.data.redis.core.RedisHash (preferred), or consider extending one of the following types with your repository: org.springframework.data.keyvalue.repository.KeyValueRepository
2025-06-06 04:30:31,121 INFO o.s.d.r.c.RepositoryConfigurationExtensionSupport [main] Spring Data Redis - Could not safely identify store assignment for repository candidate interface com.school.management.repository.TypeAffectationRepository; If you want this repository to be a Redis repository, consider annotating your entities with one of these annotations: org.springframework.data.redis.core.RedisHash (preferred), or consider extending one of the following types with your repository: org.springframework.data.keyvalue.repository.KeyValueRepository
2025-06-06 04:30:31,121 INFO o.s.d.r.c.RepositoryConfigurationExtensionSupport [main] Spring Data Redis - Could not safely identify store assignment for repository candidate interface com.school.management.repository.UtilisateurRepository; If you want this repository to be a Redis repository, consider annotating your entities with one of these annotations: org.springframework.data.redis.core.RedisHash (preferred), or consider extending one of the following types with your repository: org.springframework.data.keyvalue.repository.KeyValueRepository
2025-06-06 04:30:31,122 INFO o.s.d.r.c.RepositoryConfigurationDelegate [main] Finished Spring Data repository scanning in 34 ms. Found 0 Redis repository interfaces.
2025-06-06 04:30:33,020 INFO o.s.b.w.e.t.TomcatWebServer [main] Tomcat initialized with port 8080 (http)
2025-06-06 04:30:33,048 INFO o.a.j.l.DirectJDKLog [main] Initializing ProtocolHandler ["http-nio-8080"]
2025-06-06 04:30:33,056 INFO o.a.j.l.DirectJDKLog [main] Starting service [Tomcat]
2025-06-06 04:30:33,056 INFO o.a.j.l.DirectJDKLog [main] Starting Servlet engine: [Apache Tomcat/10.1.24]
2025-06-06 04:30:33,162 INFO o.a.j.l.DirectJDKLog [main] Initializing Spring embedded WebApplicationContext
2025-06-06 04:30:33,164 INFO o.s.b.w.s.c.ServletWebServerApplicationContext [main] Root WebApplicationContext: initialization completed in 5297 ms
2025-06-06 04:30:33,873 INFO o.h.j.i.u.LogHelper [main] HHH000204: Processing PersistenceUnitInfo [name: default]
2025-06-06 04:30:34,083 INFO o.h.Version [main] HHH000412: Hibernate ORM core version 6.5.2.Final
2025-06-06 04:30:34,177 INFO o.h.c.i.RegionFactoryInitiator [main] HHH000026: Second-level cache disabled
2025-06-06 04:30:34,994 INFO o.s.o.j.p.SpringPersistenceUnitInfo [main] No LoadTimeWeaver setup: ignoring JPA class transformer
2025-06-06 04:30:35,060 INFO c.z.h.HikariDataSource [main] HikariPool-1 - Starting...
2025-06-06 04:30:36,004 INFO c.z.h.p.HikariPool [main] HikariPool-1 - Added connection com.mysql.cj.jdbc.ConnectionImpl@2fce8243
2025-06-06 04:30:36,008 INFO c.z.h.HikariDataSource [main] HikariPool-1 - Start completed.
2025-06-06 04:30:36,138 WARN o.h.e.j.d.i.DialectFactoryImpl [main] HHH90000025: MySQL8Dialect does not need to be specified explicitly using 'hibernate.dialect' (remove the property setting and it will be selected by default)
2025-06-06 04:30:36,143 WARN o.h.e.j.d.i.DialectFactoryImpl [main] HHH90000026: MySQL8Dialect has been deprecated; use org.hibernate.dialect.MySQLDialect instead
2025-06-06 04:30:39,350 INFO o.h.e.t.j.p.i.JtaPlatformInitiator [main] HHH000489: No JTA platform available (set 'hibernate.transaction.jta.platform' to enable JTA platform integration)
2025-06-06 04:30:39,601 WARN o.h.t.s.i.ExceptionHandlerLoggedImpl [main] GenerationTarget encountered exception accepting command : Error executing DDL "
    create table notifications (
        id bigint not null auto_increment,
        created_at datetime(6),
        message varchar(255) not null,
        read bit,
        user_id bigint,
        primary key (id)
    ) engine=InnoDB" via JDBC [Erreur de syntaxe près de 'read bit,
        user_id bigint,
        primary key (id)
    ) engine=InnoD' à la ligne 5]
org.hibernate.tool.schema.spi.CommandAcceptanceException: Error executing DDL "
    create table notifications (
        id bigint not null auto_increment,
        created_at datetime(6),
        message varchar(255) not null,
        read bit,
        user_id bigint,
        primary key (id)
    ) engine=InnoDB" via JDBC [Erreur de syntaxe près de 'read bit,
        user_id bigint,
        primary key (id)
    ) engine=InnoD' à la ligne 5]
	at org.hibernate.tool.schema.internal.exec.GenerationTargetToDatabase.accept(GenerationTargetToDatabase.java:94)
	at org.hibernate.tool.schema.internal.AbstractSchemaMigrator.applySqlString(AbstractSchemaMigrator.java:575)
	at org.hibernate.tool.schema.internal.AbstractSchemaMigrator.applySqlStrings(AbstractSchemaMigrator.java:515)
	at org.hibernate.tool.schema.internal.AbstractSchemaMigrator.createTable(AbstractSchemaMigrator.java:315)
	at org.hibernate.tool.schema.internal.GroupedSchemaMigratorImpl.performTablesMigration(GroupedSchemaMigratorImpl.java:80)
	at org.hibernate.tool.schema.internal.AbstractSchemaMigrator.performMigration(AbstractSchemaMigrator.java:232)
	at org.hibernate.tool.schema.internal.AbstractSchemaMigrator.doMigration(AbstractSchemaMigrator.java:117)
	at org.hibernate.tool.schema.spi.SchemaManagementToolCoordinator.performDatabaseAction(SchemaManagementToolCoordinator.java:280)
	at org.hibernate.tool.schema.spi.SchemaManagementToolCoordinator.lambda$process$5(SchemaManagementToolCoordinator.java:144)
	at java.base/java.util.HashMap.forEach(HashMap.java:1429)
	at org.hibernate.tool.schema.spi.SchemaManagementToolCoordinator.process(SchemaManagementToolCoordinator.java:141)
	at org.hibernate.boot.internal.SessionFactoryObserverForSchemaExport.sessionFactoryCreated(SessionFactoryObserverForSchemaExport.java:37)
	at org.hibernate.internal.SessionFactoryObserverChain.sessionFactoryCreated(SessionFactoryObserverChain.java:35)
	at org.hibernate.internal.SessionFactoryImpl.<init>(SessionFactoryImpl.java:322)
	at org.hibernate.boot.internal.SessionFactoryBuilderImpl.build(SessionFactoryBuilderImpl.java:457)
	at org.hibernate.jpa.boot.internal.EntityManagerFactoryBuilderImpl.build(EntityManagerFactoryBuilderImpl.java:1506)
	at org.springframework.orm.jpa.vendor.SpringHibernateJpaPersistenceProvider.createContainerEntityManagerFactory(SpringHibernateJpaPersistenceProvider.java:75)
	at org.springframework.orm.jpa.LocalContainerEntityManagerFactoryBean.createNativeEntityManagerFactory(LocalContainerEntityManagerFactoryBean.java:390)
	at org.springframework.orm.jpa.AbstractEntityManagerFactoryBean.buildNativeEntityManagerFactory(AbstractEntityManagerFactoryBean.java:409)
	at org.springframework.orm.jpa.AbstractEntityManagerFactoryBean.afterPropertiesSet(AbstractEntityManagerFactoryBean.java:396)
	at org.springframework.orm.jpa.LocalContainerEntityManagerFactoryBean.afterPropertiesSet(LocalContainerEntityManagerFactoryBean.java:366)
	at org.springframework.beans.factory.support.AbstractAutowireCapableBeanFactory.invokeInitMethods(AbstractAutowireCapableBeanFactory.java:1835)
	at org.springframework.beans.factory.support.AbstractAutowireCapableBeanFactory.initializeBean(AbstractAutowireCapableBeanFactory.java:1784)
	at org.springframework.beans.factory.support.AbstractAutowireCapableBeanFactory.doCreateBean(AbstractAutowireCapableBeanFactory.java:600)
	at org.springframework.beans.factory.support.AbstractAutowireCapableBeanFactory.createBean(AbstractAutowireCapableBeanFactory.java:522)
	at org.springframework.beans.factory.support.AbstractBeanFactory.lambda$doGetBean$0(AbstractBeanFactory.java:337)
	at org.springframework.beans.factory.support.DefaultSingletonBeanRegistry.getSingleton(DefaultSingletonBeanRegistry.java:234)
	at org.springframework.beans.factory.support.AbstractBeanFactory.doGetBean(AbstractBeanFactory.java:335)
	at org.springframework.beans.factory.support.AbstractBeanFactory.getBean(AbstractBeanFactory.java:205)
	at org.springframework.context.support.AbstractApplicationContext.finishBeanFactoryInitialization(AbstractApplicationContext.java:952)
	at org.springframework.context.support.AbstractApplicationContext.refresh(AbstractApplicationContext.java:624)
	at org.springframework.boot.web.servlet.context.ServletWebServerApplicationContext.refresh(ServletWebServerApplicationContext.java:146)
	at org.springframework.boot.SpringApplication.refresh(SpringApplication.java:754)
	at org.springframework.boot.SpringApplication.refreshContext(SpringApplication.java:456)
	at org.springframework.boot.SpringApplication.run(SpringApplication.java:335)
	at org.springframework.boot.SpringApplication.run(SpringApplication.java:1363)
	at org.springframework.boot.SpringApplication.run(SpringApplication.java:1352)
	at com.school.management.SchoolManagementApplication.main(SchoolManagementApplication.java:11)
Caused by: java.sql.SQLSyntaxErrorException: Erreur de syntaxe près de 'read bit,
        user_id bigint,
        primary key (id)
    ) engine=InnoD' à la ligne 5
	at com.mysql.cj.jdbc.exceptions.SQLError.createSQLException(SQLError.java:121)
	at com.mysql.cj.jdbc.exceptions.SQLExceptionsMapping.translateException(SQLExceptionsMapping.java:122)
	at com.mysql.cj.jdbc.StatementImpl.executeInternal(StatementImpl.java:770)
	at com.mysql.cj.jdbc.StatementImpl.execute(StatementImpl.java:653)
	at com.zaxxer.hikari.pool.ProxyStatement.execute(ProxyStatement.java:94)
	at com.zaxxer.hikari.pool.HikariProxyStatement.execute(HikariProxyStatement.java)
	at org.hibernate.tool.schema.internal.exec.GenerationTargetToDatabase.accept(GenerationTargetToDatabase.java:80)
	... 37 common frames omitted
2025-06-06 04:30:40,315 WARN o.h.t.s.i.ExceptionHandlerLoggedImpl [main] GenerationTarget encountered exception accepting command : Error executing DDL "
    alter table grade 
       add constraint FK65scf5pqiupf01gtvxgf02xfs 
       foreign key (student_id) 
       references utilisateur (id)" via JDBC [Failed to open the referenced table 'utilisateur']
org.hibernate.tool.schema.spi.CommandAcceptanceException: Error executing DDL "
    alter table grade 
       add constraint FK65scf5pqiupf01gtvxgf02xfs 
       foreign key (student_id) 
       references utilisateur (id)" via JDBC [Failed to open the referenced table 'utilisateur']
	at org.hibernate.tool.schema.internal.exec.GenerationTargetToDatabase.accept(GenerationTargetToDatabase.java:94)
	at org.hibernate.tool.schema.internal.AbstractSchemaMigrator.applySqlString(AbstractSchemaMigrator.java:575)
	at org.hibernate.tool.schema.internal.AbstractSchemaMigrator.applySqlStrings(AbstractSchemaMigrator.java:515)
	at org.hibernate.tool.schema.internal.AbstractSchemaMigrator.applyForeignKeys(AbstractSchemaMigrator.java:447)
	at org.hibernate.tool.schema.internal.AbstractSchemaMigrator.performMigration(AbstractSchemaMigrator.java:268)
	at org.hibernate.tool.schema.internal.AbstractSchemaMigrator.doMigration(AbstractSchemaMigrator.java:117)
	at org.hibernate.tool.schema.spi.SchemaManagementToolCoordinator.performDatabaseAction(SchemaManagementToolCoordinator.java:280)
	at org.hibernate.tool.schema.spi.SchemaManagementToolCoordinator.lambda$process$5(SchemaManagementToolCoordinator.java:144)
	at java.base/java.util.HashMap.forEach(HashMap.java:1429)
	at org.hibernate.tool.schema.spi.SchemaManagementToolCoordinator.process(SchemaManagementToolCoordinator.java:141)
	at org.hibernate.boot.internal.SessionFactoryObserverForSchemaExport.sessionFactoryCreated(SessionFactoryObserverForSchemaExport.java:37)
	at org.hibernate.internal.SessionFactoryObserverChain.sessionFactoryCreated(SessionFactoryObserverChain.java:35)
	at org.hibernate.internal.SessionFactoryImpl.<init>(SessionFactoryImpl.java:322)
	at org.hibernate.boot.internal.SessionFactoryBuilderImpl.build(SessionFactoryBuilderImpl.java:457)
	at org.hibernate.jpa.boot.internal.EntityManagerFactoryBuilderImpl.build(EntityManagerFactoryBuilderImpl.java:1506)
	at org.springframework.orm.jpa.vendor.SpringHibernateJpaPersistenceProvider.createContainerEntityManagerFactory(SpringHibernateJpaPersistenceProvider.java:75)
	at org.springframework.orm.jpa.LocalContainerEntityManagerFactoryBean.createNativeEntityManagerFactory(LocalContainerEntityManagerFactoryBean.java:390)
	at org.springframework.orm.jpa.AbstractEntityManagerFactoryBean.buildNativeEntityManagerFactory(AbstractEntityManagerFactoryBean.java:409)
	at org.springframework.orm.jpa.AbstractEntityManagerFactoryBean.afterPropertiesSet(AbstractEntityManagerFactoryBean.java:396)
	at org.springframework.orm.jpa.LocalContainerEntityManagerFactoryBean.afterPropertiesSet(LocalContainerEntityManagerFactoryBean.java:366)
	at org.springframework.beans.factory.support.AbstractAutowireCapableBeanFactory.invokeInitMethods(AbstractAutowireCapableBeanFactory.java:1835)
	at org.springframework.beans.factory.support.AbstractAutowireCapableBeanFactory.initializeBean(AbstractAutowireCapableBeanFactory.java:1784)
	at org.springframework.beans.factory.support.AbstractAutowireCapableBeanFactory.doCreateBean(AbstractAutowireCapableBeanFactory.java:600)
	at org.springframework.beans.factory.support.AbstractAutowireCapableBeanFactory.createBean(AbstractAutowireCapableBeanFactory.java:522)
	at org.springframework.beans.factory.support.AbstractBeanFactory.lambda$doGetBean$0(AbstractBeanFactory.java:337)
	at org.springframework.beans.factory.support.DefaultSingletonBeanRegistry.getSingleton(DefaultSingletonBeanRegistry.java:234)
	at org.springframework.beans.factory.support.AbstractBeanFactory.doGetBean(AbstractBeanFactory.java:335)
	at org.springframework.beans.factory.support.AbstractBeanFactory.getBean(AbstractBeanFactory.java:205)
	at org.springframework.context.support.AbstractApplicationContext.finishBeanFactoryInitialization(AbstractApplicationContext.java:952)
	at org.springframework.context.support.AbstractApplicationContext.refresh(AbstractApplicationContext.java:624)
	at org.springframework.boot.web.servlet.context.ServletWebServerApplicationContext.refresh(ServletWebServerApplicationContext.java:146)
	at org.springframework.boot.SpringApplication.refresh(SpringApplication.java:754)
	at org.springframework.boot.SpringApplication.refreshContext(SpringApplication.java:456)
	at org.springframework.boot.SpringApplication.run(SpringApplication.java:335)
	at org.springframework.boot.SpringApplication.run(SpringApplication.java:1363)
	at org.springframework.boot.SpringApplication.run(SpringApplication.java:1352)
	at com.school.management.SchoolManagementApplication.main(SchoolManagementApplication.java:11)
Caused by: java.sql.SQLException: Failed to open the referenced table 'utilisateur'
	at com.mysql.cj.jdbc.exceptions.SQLError.createSQLException(SQLError.java:130)
	at com.mysql.cj.jdbc.exceptions.SQLExceptionsMapping.translateException(SQLExceptionsMapping.java:122)
	at com.mysql.cj.jdbc.StatementImpl.executeInternal(StatementImpl.java:770)
	at com.mysql.cj.jdbc.StatementImpl.execute(StatementImpl.java:653)
	at com.zaxxer.hikari.pool.ProxyStatement.execute(ProxyStatement.java:94)
	at com.zaxxer.hikari.pool.HikariProxyStatement.execute(HikariProxyStatement.java)
	at org.hibernate.tool.schema.internal.exec.GenerationTargetToDatabase.accept(GenerationTargetToDatabase.java:80)
	... 36 common frames omitted
2025-06-06 04:30:40,621 WARN o.h.t.s.i.ExceptionHandlerLoggedImpl [main] GenerationTarget encountered exception accepting command : Error executing DDL "
    alter table paiements 
       add constraint FKa2gysb7sesilnnjpi0v4ks23c 
       foreign key (eleve_id) 
       references eleve (id)" via JDBC [Failed to open the referenced table 'eleve']
org.hibernate.tool.schema.spi.CommandAcceptanceException: Error executing DDL "
    alter table paiements 
       add constraint FKa2gysb7sesilnnjpi0v4ks23c 
       foreign key (eleve_id) 
       references eleve (id)" via JDBC [Failed to open the referenced table 'eleve']
	at org.hibernate.tool.schema.internal.exec.GenerationTargetToDatabase.accept(GenerationTargetToDatabase.java:94)
	at org.hibernate.tool.schema.internal.AbstractSchemaMigrator.applySqlString(AbstractSchemaMigrator.java:575)
	at org.hibernate.tool.schema.internal.AbstractSchemaMigrator.applySqlStrings(AbstractSchemaMigrator.java:515)
	at org.hibernate.tool.schema.internal.AbstractSchemaMigrator.applyForeignKeys(AbstractSchemaMigrator.java:447)
	at org.hibernate.tool.schema.internal.AbstractSchemaMigrator.performMigration(AbstractSchemaMigrator.java:268)
	at org.hibernate.tool.schema.internal.AbstractSchemaMigrator.doMigration(AbstractSchemaMigrator.java:117)
	at org.hibernate.tool.schema.spi.SchemaManagementToolCoordinator.performDatabaseAction(SchemaManagementToolCoordinator.java:280)
	at org.hibernate.tool.schema.spi.SchemaManagementToolCoordinator.lambda$process$5(SchemaManagementToolCoordinator.java:144)
	at java.base/java.util.HashMap.forEach(HashMap.java:1429)
	at org.hibernate.tool.schema.spi.SchemaManagementToolCoordinator.process(SchemaManagementToolCoordinator.java:141)
	at org.hibernate.boot.internal.SessionFactoryObserverForSchemaExport.sessionFactoryCreated(SessionFactoryObserverForSchemaExport.java:37)
	at org.hibernate.internal.SessionFactoryObserverChain.sessionFactoryCreated(SessionFactoryObserverChain.java:35)
	at org.hibernate.internal.SessionFactoryImpl.<init>(SessionFactoryImpl.java:322)
	at org.hibernate.boot.internal.SessionFactoryBuilderImpl.build(SessionFactoryBuilderImpl.java:457)
	at org.hibernate.jpa.boot.internal.EntityManagerFactoryBuilderImpl.build(EntityManagerFactoryBuilderImpl.java:1506)
	at org.springframework.orm.jpa.vendor.SpringHibernateJpaPersistenceProvider.createContainerEntityManagerFactory(SpringHibernateJpaPersistenceProvider.java:75)
	at org.springframework.orm.jpa.LocalContainerEntityManagerFactoryBean.createNativeEntityManagerFactory(LocalContainerEntityManagerFactoryBean.java:390)
	at org.springframework.orm.jpa.AbstractEntityManagerFactoryBean.buildNativeEntityManagerFactory(AbstractEntityManagerFactoryBean.java:409)
	at org.springframework.orm.jpa.AbstractEntityManagerFactoryBean.afterPropertiesSet(AbstractEntityManagerFactoryBean.java:396)
	at org.springframework.orm.jpa.LocalContainerEntityManagerFactoryBean.afterPropertiesSet(LocalContainerEntityManagerFactoryBean.java:366)
	at org.springframework.beans.factory.support.AbstractAutowireCapableBeanFactory.invokeInitMethods(AbstractAutowireCapableBeanFactory.java:1835)
	at org.springframework.beans.factory.support.AbstractAutowireCapableBeanFactory.initializeBean(AbstractAutowireCapableBeanFactory.java:1784)
	at org.springframework.beans.factory.support.AbstractAutowireCapableBeanFactory.doCreateBean(AbstractAutowireCapableBeanFactory.java:600)
	at org.springframework.beans.factory.support.AbstractAutowireCapableBeanFactory.createBean(AbstractAutowireCapableBeanFactory.java:522)
	at org.springframework.beans.factory.support.AbstractBeanFactory.lambda$doGetBean$0(AbstractBeanFactory.java:337)
	at org.springframework.beans.factory.support.DefaultSingletonBeanRegistry.getSingleton(DefaultSingletonBeanRegistry.java:234)
	at org.springframework.beans.factory.support.AbstractBeanFactory.doGetBean(AbstractBeanFactory.java:335)
	at org.springframework.beans.factory.support.AbstractBeanFactory.getBean(AbstractBeanFactory.java:205)
	at org.springframework.context.support.AbstractApplicationContext.finishBeanFactoryInitialization(AbstractApplicationContext.java:952)
	at org.springframework.context.support.AbstractApplicationContext.refresh(AbstractApplicationContext.java:624)
	at org.springframework.boot.web.servlet.context.ServletWebServerApplicationContext.refresh(ServletWebServerApplicationContext.java:146)
	at org.springframework.boot.SpringApplication.refresh(SpringApplication.java:754)
	at org.springframework.boot.SpringApplication.refreshContext(SpringApplication.java:456)
	at org.springframework.boot.SpringApplication.run(SpringApplication.java:335)
	at org.springframework.boot.SpringApplication.run(SpringApplication.java:1363)
	at org.springframework.boot.SpringApplication.run(SpringApplication.java:1352)
	at com.school.management.SchoolManagementApplication.main(SchoolManagementApplication.java:11)
Caused by: java.sql.SQLException: Failed to open the referenced table 'eleve'
	at com.mysql.cj.jdbc.exceptions.SQLError.createSQLException(SQLError.java:130)
	at com.mysql.cj.jdbc.exceptions.SQLExceptionsMapping.translateException(SQLExceptionsMapping.java:122)
	at com.mysql.cj.jdbc.StatementImpl.executeInternal(StatementImpl.java:770)
	at com.mysql.cj.jdbc.StatementImpl.execute(StatementImpl.java:653)
	at com.zaxxer.hikari.pool.ProxyStatement.execute(ProxyStatement.java:94)
	at com.zaxxer.hikari.pool.HikariProxyStatement.execute(HikariProxyStatement.java)
	at org.hibernate.tool.schema.internal.exec.GenerationTargetToDatabase.accept(GenerationTargetToDatabase.java:80)
	... 36 common frames omitted
2025-06-06 04:30:40,824 WARN o.h.t.s.i.ExceptionHandlerLoggedImpl [main] GenerationTarget encountered exception accepting command : Error executing DDL "
    alter table student_progress_report 
       add constraint FKa399yrjjpj6y3idqg9q5594n 
       foreign key (student_id) 
       references utilisateur (id)" via JDBC [Failed to open the referenced table 'utilisateur']
org.hibernate.tool.schema.spi.CommandAcceptanceException: Error executing DDL "
    alter table student_progress_report 
       add constraint FKa399yrjjpj6y3idqg9q5594n 
       foreign key (student_id) 
       references utilisateur (id)" via JDBC [Failed to open the referenced table 'utilisateur']
	at org.hibernate.tool.schema.internal.exec.GenerationTargetToDatabase.accept(GenerationTargetToDatabase.java:94)
	at org.hibernate.tool.schema.internal.AbstractSchemaMigrator.applySqlString(AbstractSchemaMigrator.java:575)
	at org.hibernate.tool.schema.internal.AbstractSchemaMigrator.applySqlStrings(AbstractSchemaMigrator.java:515)
	at org.hibernate.tool.schema.internal.AbstractSchemaMigrator.applyForeignKeys(AbstractSchemaMigrator.java:447)
	at org.hibernate.tool.schema.internal.AbstractSchemaMigrator.performMigration(AbstractSchemaMigrator.java:268)
	at org.hibernate.tool.schema.internal.AbstractSchemaMigrator.doMigration(AbstractSchemaMigrator.java:117)
	at org.hibernate.tool.schema.spi.SchemaManagementToolCoordinator.performDatabaseAction(SchemaManagementToolCoordinator.java:280)
	at org.hibernate.tool.schema.spi.SchemaManagementToolCoordinator.lambda$process$5(SchemaManagementToolCoordinator.java:144)
	at java.base/java.util.HashMap.forEach(HashMap.java:1429)
	at org.hibernate.tool.schema.spi.SchemaManagementToolCoordinator.process(SchemaManagementToolCoordinator.java:141)
	at org.hibernate.boot.internal.SessionFactoryObserverForSchemaExport.sessionFactoryCreated(SessionFactoryObserverForSchemaExport.java:37)
	at org.hibernate.internal.SessionFactoryObserverChain.sessionFactoryCreated(SessionFactoryObserverChain.java:35)
	at org.hibernate.internal.SessionFactoryImpl.<init>(SessionFactoryImpl.java:322)
	at org.hibernate.boot.internal.SessionFactoryBuilderImpl.build(SessionFactoryBuilderImpl.java:457)
	at org.hibernate.jpa.boot.internal.EntityManagerFactoryBuilderImpl.build(EntityManagerFactoryBuilderImpl.java:1506)
	at org.springframework.orm.jpa.vendor.SpringHibernateJpaPersistenceProvider.createContainerEntityManagerFactory(SpringHibernateJpaPersistenceProvider.java:75)
	at org.springframework.orm.jpa.LocalContainerEntityManagerFactoryBean.createNativeEntityManagerFactory(LocalContainerEntityManagerFactoryBean.java:390)
	at org.springframework.orm.jpa.AbstractEntityManagerFactoryBean.buildNativeEntityManagerFactory(AbstractEntityManagerFactoryBean.java:409)
	at org.springframework.orm.jpa.AbstractEntityManagerFactoryBean.afterPropertiesSet(AbstractEntityManagerFactoryBean.java:396)
	at org.springframework.orm.jpa.LocalContainerEntityManagerFactoryBean.afterPropertiesSet(LocalContainerEntityManagerFactoryBean.java:366)
	at org.springframework.beans.factory.support.AbstractAutowireCapableBeanFactory.invokeInitMethods(AbstractAutowireCapableBeanFactory.java:1835)
	at org.springframework.beans.factory.support.AbstractAutowireCapableBeanFactory.initializeBean(AbstractAutowireCapableBeanFactory.java:1784)
	at org.springframework.beans.factory.support.AbstractAutowireCapableBeanFactory.doCreateBean(AbstractAutowireCapableBeanFactory.java:600)
	at org.springframework.beans.factory.support.AbstractAutowireCapableBeanFactory.createBean(AbstractAutowireCapableBeanFactory.java:522)
	at org.springframework.beans.factory.support.AbstractBeanFactory.lambda$doGetBean$0(AbstractBeanFactory.java:337)
	at org.springframework.beans.factory.support.DefaultSingletonBeanRegistry.getSingleton(DefaultSingletonBeanRegistry.java:234)
	at org.springframework.beans.factory.support.AbstractBeanFactory.doGetBean(AbstractBeanFactory.java:335)
	at org.springframework.beans.factory.support.AbstractBeanFactory.getBean(AbstractBeanFactory.java:205)
	at org.springframework.context.support.AbstractApplicationContext.finishBeanFactoryInitialization(AbstractApplicationContext.java:952)
	at org.springframework.context.support.AbstractApplicationContext.refresh(AbstractApplicationContext.java:624)
	at org.springframework.boot.web.servlet.context.ServletWebServerApplicationContext.refresh(ServletWebServerApplicationContext.java:146)
	at org.springframework.boot.SpringApplication.refresh(SpringApplication.java:754)
	at org.springframework.boot.SpringApplication.refreshContext(SpringApplication.java:456)
	at org.springframework.boot.SpringApplication.run(SpringApplication.java:335)
	at org.springframework.boot.SpringApplication.run(SpringApplication.java:1363)
	at org.springframework.boot.SpringApplication.run(SpringApplication.java:1352)
	at com.school.management.SchoolManagementApplication.main(SchoolManagementApplication.java:11)
Caused by: java.sql.SQLException: Failed to open the referenced table 'utilisateur'
	at com.mysql.cj.jdbc.exceptions.SQLError.createSQLException(SQLError.java:130)
	at com.mysql.cj.jdbc.exceptions.SQLExceptionsMapping.translateException(SQLExceptionsMapping.java:122)
	at com.mysql.cj.jdbc.StatementImpl.executeInternal(StatementImpl.java:770)
	at com.mysql.cj.jdbc.StatementImpl.execute(StatementImpl.java:653)
	at com.zaxxer.hikari.pool.ProxyStatement.execute(ProxyStatement.java:94)
	at com.zaxxer.hikari.pool.HikariProxyStatement.execute(HikariProxyStatement.java)
	at org.hibernate.tool.schema.internal.exec.GenerationTargetToDatabase.accept(GenerationTargetToDatabase.java:80)
	... 36 common frames omitted
2025-06-06 04:30:41,182 INFO o.s.o.j.AbstractEntityManagerFactoryBean [main] Initialized JPA EntityManagerFactory for persistence unit 'default'
2025-06-06 04:30:42,503 WARN o.s.c.s.AbstractApplicationContext [main] Exception encountered during context initialization - cancelling refresh attempt: org.springframework.beans.factory.UnsatisfiedDependencyException: Error creating bean with name 'gradeController' defined in file [C:\Users\GLOBAL STORE\Documents\Primary-School\backend\build\classes\java\main\com\school\management\controller\GradeController.class]: Unsatisfied dependency expressed through constructor parameter 0: Error creating bean with name 'gradeService' defined in file [C:\Users\GLOBAL STORE\Documents\Primary-School\backend\build\classes\java\main\com\school\management\service\GradeService.class]: Unsatisfied dependency expressed through constructor parameter 0: Error creating bean with name 'noteRepository' defined in com.school.management.repository.NoteRepository defined in @EnableJpaRepositories declared on JpaRepositoriesRegistrar.EnableJpaRepositoriesConfiguration: Could not create query for public abstract org.springframework.data.domain.Page com.school.management.repository.NoteRepository.findByClasseIdAndPeriod(java.lang.Long,java.lang.String,org.springframework.data.domain.Pageable); Reason: Failed to create query for method public abstract org.springframework.data.domain.Page com.school.management.repository.NoteRepository.findByClasseIdAndPeriod(java.lang.Long,java.lang.String,org.springframework.data.domain.Pageable); No property 'classeId' found for type 'Note'
2025-06-06 04:30:42,504 INFO o.s.o.j.AbstractEntityManagerFactoryBean [main] Closing JPA EntityManagerFactory for persistence unit 'default'
2025-06-06 04:30:42,509 INFO c.z.h.HikariDataSource [main] HikariPool-1 - Shutdown initiated...
2025-06-06 04:30:42,542 INFO c.z.h.HikariDataSource [main] HikariPool-1 - Shutdown completed.
2025-06-06 04:30:42,547 INFO o.a.j.l.DirectJDKLog [main] Stopping service [Tomcat]
2025-06-06 04:30:42,595 INFO o.s.b.a.l.ConditionEvaluationReportLogger [main] 

Error starting ApplicationContext. To display the condition evaluation report re-run your application with 'debug' enabled.
2025-06-06 04:30:42,660 ERROR o.s.b.SpringApplication [main] Application run failed
org.springframework.beans.factory.UnsatisfiedDependencyException: Error creating bean with name 'gradeController' defined in file [C:\Users\GLOBAL STORE\Documents\Primary-School\backend\build\classes\java\main\com\school\management\controller\GradeController.class]: Unsatisfied dependency expressed through constructor parameter 0: Error creating bean with name 'gradeService' defined in file [C:\Users\GLOBAL STORE\Documents\Primary-School\backend\build\classes\java\main\com\school\management\service\GradeService.class]: Unsatisfied dependency expressed through constructor parameter 0: Error creating bean with name 'noteRepository' defined in com.school.management.repository.NoteRepository defined in @EnableJpaRepositories declared on JpaRepositoriesRegistrar.EnableJpaRepositoriesConfiguration: Could not create query for public abstract org.springframework.data.domain.Page com.school.management.repository.NoteRepository.findByClasseIdAndPeriod(java.lang.Long,java.lang.String,org.springframework.data.domain.Pageable); Reason: Failed to create query for method public abstract org.springframework.data.domain.Page com.school.management.repository.NoteRepository.findByClasseIdAndPeriod(java.lang.Long,java.lang.String,org.springframework.data.domain.Pageable); No property 'classeId' found for type 'Note'
	at org.springframework.beans.factory.support.ConstructorResolver.createArgumentArray(ConstructorResolver.java:795)
	at org.springframework.beans.factory.support.ConstructorResolver.autowireConstructor(ConstructorResolver.java:237)
	at org.springframework.beans.factory.support.AbstractAutowireCapableBeanFactory.autowireConstructor(AbstractAutowireCapableBeanFactory.java:1357)
	at org.springframework.beans.factory.support.AbstractAutowireCapableBeanFactory.createBeanInstance(AbstractAutowireCapableBeanFactory.java:1194)
	at org.springframework.beans.factory.support.AbstractAutowireCapableBeanFactory.doCreateBean(AbstractAutowireCapableBeanFactory.java:562)
	at org.springframework.beans.factory.support.AbstractAutowireCapableBeanFactory.createBean(AbstractAutowireCapableBeanFactory.java:522)
	at org.springframework.beans.factory.support.AbstractBeanFactory.lambda$doGetBean$0(AbstractBeanFactory.java:337)
	at org.springframework.beans.factory.support.DefaultSingletonBeanRegistry.getSingleton(DefaultSingletonBeanRegistry.java:234)
	at org.springframework.beans.factory.support.AbstractBeanFactory.doGetBean(AbstractBeanFactory.java:335)
	at org.springframework.beans.factory.support.AbstractBeanFactory.getBean(AbstractBeanFactory.java:200)
	at org.springframework.beans.factory.support.DefaultListableBeanFactory.preInstantiateSingletons(DefaultListableBeanFactory.java:975)
	at org.springframework.context.support.AbstractApplicationContext.finishBeanFactoryInitialization(AbstractApplicationContext.java:962)
	at org.springframework.context.support.AbstractApplicationContext.refresh(AbstractApplicationContext.java:624)
	at org.springframework.boot.web.servlet.context.ServletWebServerApplicationContext.refresh(ServletWebServerApplicationContext.java:146)
	at org.springframework.boot.SpringApplication.refresh(SpringApplication.java:754)
	at org.springframework.boot.SpringApplication.refreshContext(SpringApplication.java:456)
	at org.springframework.boot.SpringApplication.run(SpringApplication.java:335)
	at org.springframework.boot.SpringApplication.run(SpringApplication.java:1363)
	at org.springframework.boot.SpringApplication.run(SpringApplication.java:1352)
	at com.school.management.SchoolManagementApplication.main(SchoolManagementApplication.java:11)
Caused by: org.springframework.beans.factory.UnsatisfiedDependencyException: Error creating bean with name 'gradeService' defined in file [C:\Users\GLOBAL STORE\Documents\Primary-School\backend\build\classes\java\main\com\school\management\service\GradeService.class]: Unsatisfied dependency expressed through constructor parameter 0: Error creating bean with name 'noteRepository' defined in com.school.management.repository.NoteRepository defined in @EnableJpaRepositories declared on JpaRepositoriesRegistrar.EnableJpaRepositoriesConfiguration: Could not create query for public abstract org.springframework.data.domain.Page com.school.management.repository.NoteRepository.findByClasseIdAndPeriod(java.lang.Long,java.lang.String,org.springframework.data.domain.Pageable); Reason: Failed to create query for method public abstract org.springframework.data.domain.Page com.school.management.repository.NoteRepository.findByClasseIdAndPeriod(java.lang.Long,java.lang.String,org.springframework.data.domain.Pageable); No property 'classeId' found for type 'Note'
	at org.springframework.beans.factory.support.ConstructorResolver.createArgumentArray(ConstructorResolver.java:795)
	at org.springframework.beans.factory.support.ConstructorResolver.autowireConstructor(ConstructorResolver.java:237)
	at org.springframework.beans.factory.support.AbstractAutowireCapableBeanFactory.autowireConstructor(AbstractAutowireCapableBeanFactory.java:1357)
	at org.springframework.beans.factory.support.AbstractAutowireCapableBeanFactory.createBeanInstance(AbstractAutowireCapableBeanFactory.java:1194)
	at org.springframework.beans.factory.support.AbstractAutowireCapableBeanFactory.doCreateBean(AbstractAutowireCapableBeanFactory.java:562)
	at org.springframework.beans.factory.support.AbstractAutowireCapableBeanFactory.createBean(AbstractAutowireCapableBeanFactory.java:522)
	at org.springframework.beans.factory.support.AbstractBeanFactory.lambda$doGetBean$0(AbstractBeanFactory.java:337)
	at org.springframework.beans.factory.support.DefaultSingletonBeanRegistry.getSingleton(DefaultSingletonBeanRegistry.java:234)
	at org.springframework.beans.factory.support.AbstractBeanFactory.doGetBean(AbstractBeanFactory.java:335)
	at org.springframework.beans.factory.support.AbstractBeanFactory.getBean(AbstractBeanFactory.java:200)
	at org.springframework.beans.factory.config.DependencyDescriptor.resolveCandidate(DependencyDescriptor.java:254)
	at org.springframework.beans.factory.support.DefaultListableBeanFactory.doResolveDependency(DefaultListableBeanFactory.java:1443)
	at org.springframework.beans.factory.support.DefaultListableBeanFactory.resolveDependency(DefaultListableBeanFactory.java:1353)
	at org.springframework.beans.factory.support.ConstructorResolver.resolveAutowiredArgument(ConstructorResolver.java:904)
	at org.springframework.beans.factory.support.ConstructorResolver.createArgumentArray(ConstructorResolver.java:782)
	... 19 common frames omitted
Caused by: org.springframework.beans.factory.BeanCreationException: Error creating bean with name 'noteRepository' defined in com.school.management.repository.NoteRepository defined in @EnableJpaRepositories declared on JpaRepositoriesRegistrar.EnableJpaRepositoriesConfiguration: Could not create query for public abstract org.springframework.data.domain.Page com.school.management.repository.NoteRepository.findByClasseIdAndPeriod(java.lang.Long,java.lang.String,org.springframework.data.domain.Pageable); Reason: Failed to create query for method public abstract org.springframework.data.domain.Page com.school.management.repository.NoteRepository.findByClasseIdAndPeriod(java.lang.Long,java.lang.String,org.springframework.data.domain.Pageable); No property 'classeId' found for type 'Note'
	at org.springframework.beans.factory.support.AbstractAutowireCapableBeanFactory.initializeBean(AbstractAutowireCapableBeanFactory.java:1788)
	at org.springframework.beans.factory.support.AbstractAutowireCapableBeanFactory.doCreateBean(AbstractAutowireCapableBeanFactory.java:600)
	at org.springframework.beans.factory.support.AbstractAutowireCapableBeanFactory.createBean(AbstractAutowireCapableBeanFactory.java:522)
	at org.springframework.beans.factory.support.AbstractBeanFactory.lambda$doGetBean$0(AbstractBeanFactory.java:337)
	at org.springframework.beans.factory.support.DefaultSingletonBeanRegistry.getSingleton(DefaultSingletonBeanRegistry.java:234)
	at org.springframework.beans.factory.support.AbstractBeanFactory.doGetBean(AbstractBeanFactory.java:335)
	at org.springframework.beans.factory.support.AbstractBeanFactory.getBean(AbstractBeanFactory.java:200)
	at org.springframework.beans.factory.config.DependencyDescriptor.resolveCandidate(DependencyDescriptor.java:254)
	at org.springframework.beans.factory.support.DefaultListableBeanFactory.doResolveDependency(DefaultListableBeanFactory.java:1443)
	at org.springframework.beans.factory.support.DefaultListableBeanFactory.resolveDependency(DefaultListableBeanFactory.java:1353)
	at org.springframework.beans.factory.support.ConstructorResolver.resolveAutowiredArgument(ConstructorResolver.java:904)
	at org.springframework.beans.factory.support.ConstructorResolver.createArgumentArray(ConstructorResolver.java:782)
	... 33 common frames omitted
Caused by: org.springframework.data.repository.query.QueryCreationException: Could not create query for public abstract org.springframework.data.domain.Page com.school.management.repository.NoteRepository.findByClasseIdAndPeriod(java.lang.Long,java.lang.String,org.springframework.data.domain.Pageable); Reason: Failed to create query for method public abstract org.springframework.data.domain.Page com.school.management.repository.NoteRepository.findByClasseIdAndPeriod(java.lang.Long,java.lang.String,org.springframework.data.domain.Pageable); No property 'classeId' found for type 'Note'
	at org.springframework.data.repository.query.QueryCreationException.create(QueryCreationException.java:101)
	at org.springframework.data.repository.core.support.QueryExecutorMethodInterceptor.lookupQuery(QueryExecutorMethodInterceptor.java:115)
	at org.springframework.data.repository.core.support.QueryExecutorMethodInterceptor.mapMethodsToQuery(QueryExecutorMethodInterceptor.java:99)
	at org.springframework.data.repository.core.support.QueryExecutorMethodInterceptor.lambda$new$0(QueryExecutorMethodInterceptor.java:88)
	at java.base/java.util.Optional.map(Optional.java:260)
	at org.springframework.data.repository.core.support.QueryExecutorMethodInterceptor.<init>(QueryExecutorMethodInterceptor.java:88)
	at org.springframework.data.repository.core.support.RepositoryFactorySupport.getRepository(RepositoryFactorySupport.java:357)
	at org.springframework.data.repository.core.support.RepositoryFactoryBeanSupport.lambda$afterPropertiesSet$5(RepositoryFactoryBeanSupport.java:286)
	at org.springframework.data.util.Lazy.getNullable(Lazy.java:135)
	at org.springframework.data.util.Lazy.get(Lazy.java:113)
	at org.springframework.data.repository.core.support.RepositoryFactoryBeanSupport.afterPropertiesSet(RepositoryFactoryBeanSupport.java:292)
	at org.springframework.data.jpa.repository.support.JpaRepositoryFactoryBean.afterPropertiesSet(JpaRepositoryFactoryBean.java:132)
	at org.springframework.beans.factory.support.AbstractAutowireCapableBeanFactory.invokeInitMethods(AbstractAutowireCapableBeanFactory.java:1835)
	at org.springframework.beans.factory.support.AbstractAutowireCapableBeanFactory.initializeBean(AbstractAutowireCapableBeanFactory.java:1784)
	... 44 common frames omitted
Caused by: java.lang.IllegalArgumentException: Failed to create query for method public abstract org.springframework.data.domain.Page com.school.management.repository.NoteRepository.findByClasseIdAndPeriod(java.lang.Long,java.lang.String,org.springframework.data.domain.Pageable); No property 'classeId' found for type 'Note'
	at org.springframework.data.jpa.repository.query.PartTreeJpaQuery.<init>(PartTreeJpaQuery.java:106)
	at org.springframework.data.jpa.repository.query.JpaQueryLookupStrategy$CreateQueryLookupStrategy.resolveQuery(JpaQueryLookupStrategy.java:124)
	at org.springframework.data.jpa.repository.query.JpaQueryLookupStrategy$CreateIfNotFoundQueryLookupStrategy.resolveQuery(JpaQueryLookupStrategy.java:258)
	at org.springframework.data.jpa.repository.query.JpaQueryLookupStrategy$AbstractQueryLookupStrategy.resolveQuery(JpaQueryLookupStrategy.java:95)
	at org.springframework.data.repository.core.support.QueryExecutorMethodInterceptor.lookupQuery(QueryExecutorMethodInterceptor.java:111)
	... 56 common frames omitted
Caused by: org.springframework.data.mapping.PropertyReferenceException: No property 'classeId' found for type 'Note'
	at org.springframework.data.mapping.PropertyPath.<init>(PropertyPath.java:94)
	at org.springframework.data.mapping.PropertyPath.create(PropertyPath.java:455)
	at org.springframework.data.mapping.PropertyPath.create(PropertyPath.java:431)
	at org.springframework.data.mapping.PropertyPath.lambda$from$0(PropertyPath.java:384)
	at java.base/java.util.concurrent.ConcurrentMap.computeIfAbsent(ConcurrentMap.java:330)
	at org.springframework.data.mapping.PropertyPath.from(PropertyPath.java:366)
	at org.springframework.data.mapping.PropertyPath.from(PropertyPath.java:344)
	at org.springframework.data.repository.query.parser.Part.<init>(Part.java:81)
	at org.springframework.data.repository.query.parser.PartTree$OrPart.lambda$new$0(PartTree.java:259)
	at java.base/java.util.stream.ReferencePipeline$3$1.accept(ReferencePipeline.java:197)
	at java.base/java.util.stream.ReferencePipeline$2$1.accept(ReferencePipeline.java:179)
	at java.base/java.util.Spliterators$ArraySpliterator.forEachRemaining(Spliterators.java:1024)
	at java.base/java.util.stream.AbstractPipeline.copyInto(AbstractPipeline.java:509)
	at java.base/java.util.stream.AbstractPipeline.wrapAndCopyInto(AbstractPipeline.java:499)
	at java.base/java.util.stream.ReduceOps$ReduceOp.evaluateSequential(ReduceOps.java:921)
	at java.base/java.util.stream.AbstractPipeline.evaluate(AbstractPipeline.java:234)
	at java.base/java.util.stream.ReferencePipeline.collect(ReferencePipeline.java:682)
	at org.springframework.data.repository.query.parser.PartTree$OrPart.<init>(PartTree.java:260)
	at org.springframework.data.repository.query.parser.PartTree$Predicate.lambda$new$0(PartTree.java:389)
	at java.base/java.util.stream.ReferencePipeline$3$1.accept(ReferencePipeline.java:197)
	at java.base/java.util.stream.ReferencePipeline$2$1.accept(ReferencePipeline.java:179)
	at java.base/java.util.Spliterators$ArraySpliterator.forEachRemaining(Spliterators.java:1024)
	at java.base/java.util.stream.AbstractPipeline.copyInto(AbstractPipeline.java:509)
	at java.base/java.util.stream.AbstractPipeline.wrapAndCopyInto(AbstractPipeline.java:499)
	at java.base/java.util.stream.ReduceOps$ReduceOp.evaluateSequential(ReduceOps.java:921)
	at java.base/java.util.stream.AbstractPipeline.evaluate(AbstractPipeline.java:234)
	at java.base/java.util.stream.ReferencePipeline.collect(ReferencePipeline.java:682)
	at org.springframework.data.repository.query.parser.PartTree$Predicate.<init>(PartTree.java:390)
	at org.springframework.data.repository.query.parser.PartTree.<init>(PartTree.java:103)
	at org.springframework.data.jpa.repository.query.PartTreeJpaQuery.<init>(PartTreeJpaQuery.java:100)
	... 60 common frames omitted
2025-06-06 04:55:42,404 INFO o.h.v.i.u.Version [background-preinit] HV000001: Hibernate Validator 8.0.1.Final
2025-06-06 04:55:42,784 INFO o.s.b.StartupInfoLogger [main] Starting SchoolManagementApplication using Java 21.0.6 with PID 18636 (C:\Users\GLOBAL STORE\Documents\Primary-School\backend\build\classes\java\main started by GLOBAL STORE in C:\Users\GLOBAL STORE\Documents\Primary-School\backend)
2025-06-06 04:55:42,785 DEBUG o.s.b.StartupInfoLogger [main] Running with Spring Boot v3.3.0, Spring v6.1.8
2025-06-06 04:55:42,788 INFO o.s.b.SpringApplication [main] No active profile set, falling back to 1 default profile: "default"
2025-06-06 04:55:49,144 INFO o.s.d.r.c.RepositoryConfigurationDelegate [main] Multiple Spring Data modules found, entering strict repository configuration mode
2025-06-06 04:55:49,144 INFO o.s.d.r.c.RepositoryConfigurationDelegate [main] Bootstrapping Spring Data JPA repositories in DEFAULT mode.
2025-06-06 04:55:50,267 INFO o.s.d.r.c.RepositoryConfigurationDelegate [main] Finished Spring Data repository scanning in 1095 ms. Found 22 JPA repository interfaces.
2025-06-06 04:55:50,699 INFO o.s.d.r.c.RepositoryConfigurationDelegate [main] Multiple Spring Data modules found, entering strict repository configuration mode
2025-06-06 04:55:50,707 INFO o.s.d.r.c.RepositoryConfigurationDelegate [main] Bootstrapping Spring Data Redis repositories in DEFAULT mode.
2025-06-06 04:55:50,785 INFO o.s.d.r.c.RepositoryConfigurationExtensionSupport [main] Spring Data Redis - Could not safely identify store assignment for repository candidate interface com.school.management.repository.AffectationRepository; If you want this repository to be a Redis repository, consider annotating your entities with one of these annotations: org.springframework.data.redis.core.RedisHash (preferred), or consider extending one of the following types with your repository: org.springframework.data.keyvalue.repository.KeyValueRepository
2025-06-06 04:55:50,785 INFO o.s.d.r.c.RepositoryConfigurationExtensionSupport [main] Spring Data Redis - Could not safely identify store assignment for repository candidate interface com.school.management.repository.AnneeScolaireRepository; If you want this repository to be a Redis repository, consider annotating your entities with one of these annotations: org.springframework.data.redis.core.RedisHash (preferred), or consider extending one of the following types with your repository: org.springframework.data.keyvalue.repository.KeyValueRepository
2025-06-06 04:55:50,786 INFO o.s.d.r.c.RepositoryConfigurationExtensionSupport [main] Spring Data Redis - Could not safely identify store assignment for repository candidate interface com.school.management.repository.ClasseRepository; If you want this repository to be a Redis repository, consider annotating your entities with one of these annotations: org.springframework.data.redis.core.RedisHash (preferred), or consider extending one of the following types with your repository: org.springframework.data.keyvalue.repository.KeyValueRepository
2025-06-06 04:55:50,787 INFO o.s.d.r.c.RepositoryConfigurationExtensionSupport [main] Spring Data Redis - Could not safely identify store assignment for repository candidate interface com.school.management.repository.ClassRepository; If you want this repository to be a Redis repository, consider annotating your entities with one of these annotations: org.springframework.data.redis.core.RedisHash (preferred), or consider extending one of the following types with your repository: org.springframework.data.keyvalue.repository.KeyValueRepository
2025-06-06 04:55:50,787 INFO o.s.d.r.c.RepositoryConfigurationExtensionSupport [main] Spring Data Redis - Could not safely identify store assignment for repository candidate interface com.school.management.repository.DocumentRepository; If you want this repository to be a Redis repository, consider annotating your entities with one of these annotations: org.springframework.data.redis.core.RedisHash (preferred), or consider extending one of the following types with your repository: org.springframework.data.keyvalue.repository.KeyValueRepository
2025-06-06 04:55:50,791 INFO o.s.d.r.c.RepositoryConfigurationExtensionSupport [main] Spring Data Redis - Could not safely identify store assignment for repository candidate interface com.school.management.repository.EleveRepository; If you want this repository to be a Redis repository, consider annotating your entities with one of these annotations: org.springframework.data.redis.core.RedisHash (preferred), or consider extending one of the following types with your repository: org.springframework.data.keyvalue.repository.KeyValueRepository
2025-06-06 04:55:50,793 INFO o.s.d.r.c.RepositoryConfigurationExtensionSupport [main] Spring Data Redis - Could not safely identify store assignment for repository candidate interface com.school.management.repository.EnseignantRepository; If you want this repository to be a Redis repository, consider annotating your entities with one of these annotations: org.springframework.data.redis.core.RedisHash (preferred), or consider extending one of the following types with your repository: org.springframework.data.keyvalue.repository.KeyValueRepository
2025-06-06 04:55:50,794 INFO o.s.d.r.c.RepositoryConfigurationExtensionSupport [main] Spring Data Redis - Could not safely identify store assignment for repository candidate interface com.school.management.repository.GradeRepository; If you want this repository to be a Redis repository, consider annotating your entities with one of these annotations: org.springframework.data.redis.core.RedisHash (preferred), or consider extending one of the following types with your repository: org.springframework.data.keyvalue.repository.KeyValueRepository
2025-06-06 04:55:50,794 INFO o.s.d.r.c.RepositoryConfigurationExtensionSupport [main] Spring Data Redis - Could not safely identify store assignment for repository candidate interface com.school.management.repository.LogActiviteRepository; If you want this repository to be a Redis repository, consider annotating your entities with one of these annotations: org.springframework.data.redis.core.RedisHash (preferred), or consider extending one of the following types with your repository: org.springframework.data.keyvalue.repository.KeyValueRepository
2025-06-06 04:55:50,795 INFO o.s.d.r.c.RepositoryConfigurationExtensionSupport [main] Spring Data Redis - Could not safely identify store assignment for repository candidate interface com.school.management.repository.MatiereRepository; If you want this repository to be a Redis repository, consider annotating your entities with one of these annotations: org.springframework.data.redis.core.RedisHash (preferred), or consider extending one of the following types with your repository: org.springframework.data.keyvalue.repository.KeyValueRepository
2025-06-06 04:55:50,795 INFO o.s.d.r.c.RepositoryConfigurationExtensionSupport [main] Spring Data Redis - Could not safely identify store assignment for repository candidate interface com.school.management.repository.NoteRepository; If you want this repository to be a Redis repository, consider annotating your entities with one of these annotations: org.springframework.data.redis.core.RedisHash (preferred), or consider extending one of the following types with your repository: org.springframework.data.keyvalue.repository.KeyValueRepository
2025-06-06 04:55:50,796 INFO o.s.d.r.c.RepositoryConfigurationExtensionSupport [main] Spring Data Redis - Could not safely identify store assignment for repository candidate interface com.school.management.repository.NotificationRepository; If you want this repository to be a Redis repository, consider annotating your entities with one of these annotations: org.springframework.data.redis.core.RedisHash (preferred), or consider extending one of the following types with your repository: org.springframework.data.keyvalue.repository.KeyValueRepository
2025-06-06 04:55:50,797 INFO o.s.d.r.c.RepositoryConfigurationExtensionSupport [main] Spring Data Redis - Could not safely identify store assignment for repository candidate interface com.school.management.repository.PaiementRepository; If you want this repository to be a Redis repository, consider annotating your entities with one of these annotations: org.springframework.data.redis.core.RedisHash (preferred), or consider extending one of the following types with your repository: org.springframework.data.keyvalue.repository.KeyValueRepository
2025-06-06 04:55:50,797 INFO o.s.d.r.c.RepositoryConfigurationExtensionSupport [main] Spring Data Redis - Could not safely identify store assignment for repository candidate interface com.school.management.repository.ProfilUtilisateurRepository; If you want this repository to be a Redis repository, consider annotating your entities with one of these annotations: org.springframework.data.redis.core.RedisHash (preferred), or consider extending one of the following types with your repository: org.springframework.data.keyvalue.repository.KeyValueRepository
2025-06-06 04:55:50,798 INFO o.s.d.r.c.RepositoryConfigurationExtensionSupport [main] Spring Data Redis - Could not safely identify store assignment for repository candidate interface com.school.management.repository.RoleRepository; If you want this repository to be a Redis repository, consider annotating your entities with one of these annotations: org.springframework.data.redis.core.RedisHash (preferred), or consider extending one of the following types with your repository: org.springframework.data.keyvalue.repository.KeyValueRepository
2025-06-06 04:55:50,799 INFO o.s.d.r.c.RepositoryConfigurationExtensionSupport [main] Spring Data Redis - Could not safely identify store assignment for repository candidate interface com.school.management.repository.SectionRepository; If you want this repository to be a Redis repository, consider annotating your entities with one of these annotations: org.springframework.data.redis.core.RedisHash (preferred), or consider extending one of the following types with your repository: org.springframework.data.keyvalue.repository.KeyValueRepository
2025-06-06 04:55:50,799 INFO o.s.d.r.c.RepositoryConfigurationExtensionSupport [main] Spring Data Redis - Could not safely identify store assignment for repository candidate interface com.school.management.repository.SequenceRepository; If you want this repository to be a Redis repository, consider annotating your entities with one of these annotations: org.springframework.data.redis.core.RedisHash (preferred), or consider extending one of the following types with your repository: org.springframework.data.keyvalue.repository.KeyValueRepository
2025-06-06 04:55:50,800 INFO o.s.d.r.c.RepositoryConfigurationExtensionSupport [main] Spring Data Redis - Could not safely identify store assignment for repository candidate interface com.school.management.repository.StatutAnneeRepository; If you want this repository to be a Redis repository, consider annotating your entities with one of these annotations: org.springframework.data.redis.core.RedisHash (preferred), or consider extending one of the following types with your repository: org.springframework.data.keyvalue.repository.KeyValueRepository
2025-06-06 04:55:50,800 INFO o.s.d.r.c.RepositoryConfigurationExtensionSupport [main] Spring Data Redis - Could not safely identify store assignment for repository candidate interface com.school.management.repository.StudentRepository; If you want this repository to be a Redis repository, consider annotating your entities with one of these annotations: org.springframework.data.redis.core.RedisHash (preferred), or consider extending one of the following types with your repository: org.springframework.data.keyvalue.repository.KeyValueRepository
2025-06-06 04:55:50,801 INFO o.s.d.r.c.RepositoryConfigurationExtensionSupport [main] Spring Data Redis - Could not safely identify store assignment for repository candidate interface com.school.management.repository.TrimestreRepository; If you want this repository to be a Redis repository, consider annotating your entities with one of these annotations: org.springframework.data.redis.core.RedisHash (preferred), or consider extending one of the following types with your repository: org.springframework.data.keyvalue.repository.KeyValueRepository
2025-06-06 04:55:50,803 INFO o.s.d.r.c.RepositoryConfigurationExtensionSupport [main] Spring Data Redis - Could not safely identify store assignment for repository candidate interface com.school.management.repository.TypeAffectationRepository; If you want this repository to be a Redis repository, consider annotating your entities with one of these annotations: org.springframework.data.redis.core.RedisHash (preferred), or consider extending one of the following types with your repository: org.springframework.data.keyvalue.repository.KeyValueRepository
2025-06-06 04:55:50,803 INFO o.s.d.r.c.RepositoryConfigurationExtensionSupport [main] Spring Data Redis - Could not safely identify store assignment for repository candidate interface com.school.management.repository.UtilisateurRepository; If you want this repository to be a Redis repository, consider annotating your entities with one of these annotations: org.springframework.data.redis.core.RedisHash (preferred), or consider extending one of the following types with your repository: org.springframework.data.keyvalue.repository.KeyValueRepository
2025-06-06 04:55:50,804 INFO o.s.d.r.c.RepositoryConfigurationDelegate [main] Finished Spring Data repository scanning in 54 ms. Found 0 Redis repository interfaces.
2025-06-06 04:55:58,060 INFO o.s.b.w.e.t.TomcatWebServer [main] Tomcat initialized with port 8080 (http)
2025-06-06 04:55:58,126 INFO o.a.j.l.DirectJDKLog [main] Initializing ProtocolHandler ["http-nio-8080"]
2025-06-06 04:55:58,142 INFO o.a.j.l.DirectJDKLog [main] Starting service [Tomcat]
2025-06-06 04:55:58,142 INFO o.a.j.l.DirectJDKLog [main] Starting Servlet engine: [Apache Tomcat/10.1.24]
2025-06-06 04:55:58,406 INFO o.a.j.l.DirectJDKLog [main] Initializing Spring embedded WebApplicationContext
2025-06-06 04:55:58,408 INFO o.s.b.w.s.c.ServletWebServerApplicationContext [main] Root WebApplicationContext: initialization completed in 15292 ms
2025-06-06 04:56:00,313 INFO o.h.j.i.u.LogHelper [main] HHH000204: Processing PersistenceUnitInfo [name: default]
2025-06-06 04:56:00,734 INFO o.h.Version [main] HHH000412: Hibernate ORM core version 6.5.2.Final
2025-06-06 04:56:00,924 INFO o.h.c.i.RegionFactoryInitiator [main] HHH000026: Second-level cache disabled
2025-06-06 04:56:03,901 INFO o.s.o.j.p.SpringPersistenceUnitInfo [main] No LoadTimeWeaver setup: ignoring JPA class transformer
2025-06-06 04:56:04,077 INFO c.z.h.HikariDataSource [main] HikariPool-1 - Starting...
2025-06-06 04:56:07,724 INFO c.z.h.p.HikariPool [main] HikariPool-1 - Added connection com.mysql.cj.jdbc.ConnectionImpl@69d61a6f
2025-06-06 04:56:07,764 INFO c.z.h.HikariDataSource [main] HikariPool-1 - Start completed.
2025-06-06 04:56:08,206 WARN o.h.e.j.d.i.DialectFactoryImpl [main] HHH90000025: MySQL8Dialect does not need to be specified explicitly using 'hibernate.dialect' (remove the property setting and it will be selected by default)
2025-06-06 04:56:08,209 WARN o.h.e.j.d.i.DialectFactoryImpl [main] HHH90000026: MySQL8Dialect has been deprecated; use org.hibernate.dialect.MySQLDialect instead
2025-06-06 04:56:14,096 INFO o.h.e.t.j.p.i.JtaPlatformInitiator [main] HHH000489: No JTA platform available (set 'hibernate.transaction.jta.platform' to enable JTA platform integration)
2025-06-06 04:56:14,511 WARN o.h.t.s.i.ExceptionHandlerLoggedImpl [main] GenerationTarget encountered exception accepting command : Error executing DDL "
    create table notifications (
        id bigint not null auto_increment,
        created_at datetime(6),
        message varchar(255) not null,
        read bit,
        user_id bigint,
        primary key (id)
    ) engine=InnoDB" via JDBC [Erreur de syntaxe près de 'read bit,
        user_id bigint,
        primary key (id)
    ) engine=InnoD' à la ligne 5]
org.hibernate.tool.schema.spi.CommandAcceptanceException: Error executing DDL "
    create table notifications (
        id bigint not null auto_increment,
        created_at datetime(6),
        message varchar(255) not null,
        read bit,
        user_id bigint,
        primary key (id)
    ) engine=InnoDB" via JDBC [Erreur de syntaxe près de 'read bit,
        user_id bigint,
        primary key (id)
    ) engine=InnoD' à la ligne 5]
	at org.hibernate.tool.schema.internal.exec.GenerationTargetToDatabase.accept(GenerationTargetToDatabase.java:94)
	at org.hibernate.tool.schema.internal.AbstractSchemaMigrator.applySqlString(AbstractSchemaMigrator.java:575)
	at org.hibernate.tool.schema.internal.AbstractSchemaMigrator.applySqlStrings(AbstractSchemaMigrator.java:515)
	at org.hibernate.tool.schema.internal.AbstractSchemaMigrator.createTable(AbstractSchemaMigrator.java:315)
	at org.hibernate.tool.schema.internal.GroupedSchemaMigratorImpl.performTablesMigration(GroupedSchemaMigratorImpl.java:80)
	at org.hibernate.tool.schema.internal.AbstractSchemaMigrator.performMigration(AbstractSchemaMigrator.java:232)
	at org.hibernate.tool.schema.internal.AbstractSchemaMigrator.doMigration(AbstractSchemaMigrator.java:117)
	at org.hibernate.tool.schema.spi.SchemaManagementToolCoordinator.performDatabaseAction(SchemaManagementToolCoordinator.java:280)
	at org.hibernate.tool.schema.spi.SchemaManagementToolCoordinator.lambda$process$5(SchemaManagementToolCoordinator.java:144)
	at java.base/java.util.HashMap.forEach(HashMap.java:1429)
	at org.hibernate.tool.schema.spi.SchemaManagementToolCoordinator.process(SchemaManagementToolCoordinator.java:141)
	at org.hibernate.boot.internal.SessionFactoryObserverForSchemaExport.sessionFactoryCreated(SessionFactoryObserverForSchemaExport.java:37)
	at org.hibernate.internal.SessionFactoryObserverChain.sessionFactoryCreated(SessionFactoryObserverChain.java:35)
	at org.hibernate.internal.SessionFactoryImpl.<init>(SessionFactoryImpl.java:322)
	at org.hibernate.boot.internal.SessionFactoryBuilderImpl.build(SessionFactoryBuilderImpl.java:457)
	at org.hibernate.jpa.boot.internal.EntityManagerFactoryBuilderImpl.build(EntityManagerFactoryBuilderImpl.java:1506)
	at org.springframework.orm.jpa.vendor.SpringHibernateJpaPersistenceProvider.createContainerEntityManagerFactory(SpringHibernateJpaPersistenceProvider.java:75)
	at org.springframework.orm.jpa.LocalContainerEntityManagerFactoryBean.createNativeEntityManagerFactory(LocalContainerEntityManagerFactoryBean.java:390)
	at org.springframework.orm.jpa.AbstractEntityManagerFactoryBean.buildNativeEntityManagerFactory(AbstractEntityManagerFactoryBean.java:409)
	at org.springframework.orm.jpa.AbstractEntityManagerFactoryBean.afterPropertiesSet(AbstractEntityManagerFactoryBean.java:396)
	at org.springframework.orm.jpa.LocalContainerEntityManagerFactoryBean.afterPropertiesSet(LocalContainerEntityManagerFactoryBean.java:366)
	at org.springframework.beans.factory.support.AbstractAutowireCapableBeanFactory.invokeInitMethods(AbstractAutowireCapableBeanFactory.java:1835)
	at org.springframework.beans.factory.support.AbstractAutowireCapableBeanFactory.initializeBean(AbstractAutowireCapableBeanFactory.java:1784)
	at org.springframework.beans.factory.support.AbstractAutowireCapableBeanFactory.doCreateBean(AbstractAutowireCapableBeanFactory.java:600)
	at org.springframework.beans.factory.support.AbstractAutowireCapableBeanFactory.createBean(AbstractAutowireCapableBeanFactory.java:522)
	at org.springframework.beans.factory.support.AbstractBeanFactory.lambda$doGetBean$0(AbstractBeanFactory.java:337)
	at org.springframework.beans.factory.support.DefaultSingletonBeanRegistry.getSingleton(DefaultSingletonBeanRegistry.java:234)
	at org.springframework.beans.factory.support.AbstractBeanFactory.doGetBean(AbstractBeanFactory.java:335)
	at org.springframework.beans.factory.support.AbstractBeanFactory.getBean(AbstractBeanFactory.java:205)
	at org.springframework.context.support.AbstractApplicationContext.finishBeanFactoryInitialization(AbstractApplicationContext.java:952)
	at org.springframework.context.support.AbstractApplicationContext.refresh(AbstractApplicationContext.java:624)
	at org.springframework.boot.web.servlet.context.ServletWebServerApplicationContext.refresh(ServletWebServerApplicationContext.java:146)
	at org.springframework.boot.SpringApplication.refresh(SpringApplication.java:754)
	at org.springframework.boot.SpringApplication.refreshContext(SpringApplication.java:456)
	at org.springframework.boot.SpringApplication.run(SpringApplication.java:335)
	at org.springframework.boot.SpringApplication.run(SpringApplication.java:1363)
	at org.springframework.boot.SpringApplication.run(SpringApplication.java:1352)
	at com.school.management.SchoolManagementApplication.main(SchoolManagementApplication.java:11)
Caused by: java.sql.SQLSyntaxErrorException: Erreur de syntaxe près de 'read bit,
        user_id bigint,
        primary key (id)
    ) engine=InnoD' à la ligne 5
	at com.mysql.cj.jdbc.exceptions.SQLError.createSQLException(SQLError.java:121)
	at com.mysql.cj.jdbc.exceptions.SQLExceptionsMapping.translateException(SQLExceptionsMapping.java:122)
	at com.mysql.cj.jdbc.StatementImpl.executeInternal(StatementImpl.java:770)
	at com.mysql.cj.jdbc.StatementImpl.execute(StatementImpl.java:653)
	at com.zaxxer.hikari.pool.ProxyStatement.execute(ProxyStatement.java:94)
	at com.zaxxer.hikari.pool.HikariProxyStatement.execute(HikariProxyStatement.java)
	at org.hibernate.tool.schema.internal.exec.GenerationTargetToDatabase.accept(GenerationTargetToDatabase.java:80)
	... 37 common frames omitted
2025-06-06 04:56:15,730 WARN o.h.t.s.i.ExceptionHandlerLoggedImpl [main] GenerationTarget encountered exception accepting command : Error executing DDL "
    alter table grade 
       add constraint FK65scf5pqiupf01gtvxgf02xfs 
       foreign key (student_id) 
       references utilisateur (id)" via JDBC [Failed to open the referenced table 'utilisateur']
org.hibernate.tool.schema.spi.CommandAcceptanceException: Error executing DDL "
    alter table grade 
       add constraint FK65scf5pqiupf01gtvxgf02xfs 
       foreign key (student_id) 
       references utilisateur (id)" via JDBC [Failed to open the referenced table 'utilisateur']
	at org.hibernate.tool.schema.internal.exec.GenerationTargetToDatabase.accept(GenerationTargetToDatabase.java:94)
	at org.hibernate.tool.schema.internal.AbstractSchemaMigrator.applySqlString(AbstractSchemaMigrator.java:575)
	at org.hibernate.tool.schema.internal.AbstractSchemaMigrator.applySqlStrings(AbstractSchemaMigrator.java:515)
	at org.hibernate.tool.schema.internal.AbstractSchemaMigrator.applyForeignKeys(AbstractSchemaMigrator.java:447)
	at org.hibernate.tool.schema.internal.AbstractSchemaMigrator.performMigration(AbstractSchemaMigrator.java:268)
	at org.hibernate.tool.schema.internal.AbstractSchemaMigrator.doMigration(AbstractSchemaMigrator.java:117)
	at org.hibernate.tool.schema.spi.SchemaManagementToolCoordinator.performDatabaseAction(SchemaManagementToolCoordinator.java:280)
	at org.hibernate.tool.schema.spi.SchemaManagementToolCoordinator.lambda$process$5(SchemaManagementToolCoordinator.java:144)
	at java.base/java.util.HashMap.forEach(HashMap.java:1429)
	at org.hibernate.tool.schema.spi.SchemaManagementToolCoordinator.process(SchemaManagementToolCoordinator.java:141)
	at org.hibernate.boot.internal.SessionFactoryObserverForSchemaExport.sessionFactoryCreated(SessionFactoryObserverForSchemaExport.java:37)
	at org.hibernate.internal.SessionFactoryObserverChain.sessionFactoryCreated(SessionFactoryObserverChain.java:35)
	at org.hibernate.internal.SessionFactoryImpl.<init>(SessionFactoryImpl.java:322)
	at org.hibernate.boot.internal.SessionFactoryBuilderImpl.build(SessionFactoryBuilderImpl.java:457)
	at org.hibernate.jpa.boot.internal.EntityManagerFactoryBuilderImpl.build(EntityManagerFactoryBuilderImpl.java:1506)
	at org.springframework.orm.jpa.vendor.SpringHibernateJpaPersistenceProvider.createContainerEntityManagerFactory(SpringHibernateJpaPersistenceProvider.java:75)
	at org.springframework.orm.jpa.LocalContainerEntityManagerFactoryBean.createNativeEntityManagerFactory(LocalContainerEntityManagerFactoryBean.java:390)
	at org.springframework.orm.jpa.AbstractEntityManagerFactoryBean.buildNativeEntityManagerFactory(AbstractEntityManagerFactoryBean.java:409)
	at org.springframework.orm.jpa.AbstractEntityManagerFactoryBean.afterPropertiesSet(AbstractEntityManagerFactoryBean.java:396)
	at org.springframework.orm.jpa.LocalContainerEntityManagerFactoryBean.afterPropertiesSet(LocalContainerEntityManagerFactoryBean.java:366)
	at org.springframework.beans.factory.support.AbstractAutowireCapableBeanFactory.invokeInitMethods(AbstractAutowireCapableBeanFactory.java:1835)
	at org.springframework.beans.factory.support.AbstractAutowireCapableBeanFactory.initializeBean(AbstractAutowireCapableBeanFactory.java:1784)
	at org.springframework.beans.factory.support.AbstractAutowireCapableBeanFactory.doCreateBean(AbstractAutowireCapableBeanFactory.java:600)
	at org.springframework.beans.factory.support.AbstractAutowireCapableBeanFactory.createBean(AbstractAutowireCapableBeanFactory.java:522)
	at org.springframework.beans.factory.support.AbstractBeanFactory.lambda$doGetBean$0(AbstractBeanFactory.java:337)
	at org.springframework.beans.factory.support.DefaultSingletonBeanRegistry.getSingleton(DefaultSingletonBeanRegistry.java:234)
	at org.springframework.beans.factory.support.AbstractBeanFactory.doGetBean(AbstractBeanFactory.java:335)
	at org.springframework.beans.factory.support.AbstractBeanFactory.getBean(AbstractBeanFactory.java:205)
	at org.springframework.context.support.AbstractApplicationContext.finishBeanFactoryInitialization(AbstractApplicationContext.java:952)
	at org.springframework.context.support.AbstractApplicationContext.refresh(AbstractApplicationContext.java:624)
	at org.springframework.boot.web.servlet.context.ServletWebServerApplicationContext.refresh(ServletWebServerApplicationContext.java:146)
	at org.springframework.boot.SpringApplication.refresh(SpringApplication.java:754)
	at org.springframework.boot.SpringApplication.refreshContext(SpringApplication.java:456)
	at org.springframework.boot.SpringApplication.run(SpringApplication.java:335)
	at org.springframework.boot.SpringApplication.run(SpringApplication.java:1363)
	at org.springframework.boot.SpringApplication.run(SpringApplication.java:1352)
	at com.school.management.SchoolManagementApplication.main(SchoolManagementApplication.java:11)
Caused by: java.sql.SQLException: Failed to open the referenced table 'utilisateur'
	at com.mysql.cj.jdbc.exceptions.SQLError.createSQLException(SQLError.java:130)
	at com.mysql.cj.jdbc.exceptions.SQLExceptionsMapping.translateException(SQLExceptionsMapping.java:122)
	at com.mysql.cj.jdbc.StatementImpl.executeInternal(StatementImpl.java:770)
	at com.mysql.cj.jdbc.StatementImpl.execute(StatementImpl.java:653)
	at com.zaxxer.hikari.pool.ProxyStatement.execute(ProxyStatement.java:94)
	at com.zaxxer.hikari.pool.HikariProxyStatement.execute(HikariProxyStatement.java)
	at org.hibernate.tool.schema.internal.exec.GenerationTargetToDatabase.accept(GenerationTargetToDatabase.java:80)
	... 36 common frames omitted
2025-06-06 04:56:16,313 WARN o.h.t.s.i.ExceptionHandlerLoggedImpl [main] GenerationTarget encountered exception accepting command : Error executing DDL "
    alter table paiements 
       add constraint FKa2gysb7sesilnnjpi0v4ks23c 
       foreign key (eleve_id) 
       references eleve (id)" via JDBC [Failed to open the referenced table 'eleve']
org.hibernate.tool.schema.spi.CommandAcceptanceException: Error executing DDL "
    alter table paiements 
       add constraint FKa2gysb7sesilnnjpi0v4ks23c 
       foreign key (eleve_id) 
       references eleve (id)" via JDBC [Failed to open the referenced table 'eleve']
	at org.hibernate.tool.schema.internal.exec.GenerationTargetToDatabase.accept(GenerationTargetToDatabase.java:94)
	at org.hibernate.tool.schema.internal.AbstractSchemaMigrator.applySqlString(AbstractSchemaMigrator.java:575)
	at org.hibernate.tool.schema.internal.AbstractSchemaMigrator.applySqlStrings(AbstractSchemaMigrator.java:515)
	at org.hibernate.tool.schema.internal.AbstractSchemaMigrator.applyForeignKeys(AbstractSchemaMigrator.java:447)
	at org.hibernate.tool.schema.internal.AbstractSchemaMigrator.performMigration(AbstractSchemaMigrator.java:268)
	at org.hibernate.tool.schema.internal.AbstractSchemaMigrator.doMigration(AbstractSchemaMigrator.java:117)
	at org.hibernate.tool.schema.spi.SchemaManagementToolCoordinator.performDatabaseAction(SchemaManagementToolCoordinator.java:280)
	at org.hibernate.tool.schema.spi.SchemaManagementToolCoordinator.lambda$process$5(SchemaManagementToolCoordinator.java:144)
	at java.base/java.util.HashMap.forEach(HashMap.java:1429)
	at org.hibernate.tool.schema.spi.SchemaManagementToolCoordinator.process(SchemaManagementToolCoordinator.java:141)
	at org.hibernate.boot.internal.SessionFactoryObserverForSchemaExport.sessionFactoryCreated(SessionFactoryObserverForSchemaExport.java:37)
	at org.hibernate.internal.SessionFactoryObserverChain.sessionFactoryCreated(SessionFactoryObserverChain.java:35)
	at org.hibernate.internal.SessionFactoryImpl.<init>(SessionFactoryImpl.java:322)
	at org.hibernate.boot.internal.SessionFactoryBuilderImpl.build(SessionFactoryBuilderImpl.java:457)
	at org.hibernate.jpa.boot.internal.EntityManagerFactoryBuilderImpl.build(EntityManagerFactoryBuilderImpl.java:1506)
	at org.springframework.orm.jpa.vendor.SpringHibernateJpaPersistenceProvider.createContainerEntityManagerFactory(SpringHibernateJpaPersistenceProvider.java:75)
	at org.springframework.orm.jpa.LocalContainerEntityManagerFactoryBean.createNativeEntityManagerFactory(LocalContainerEntityManagerFactoryBean.java:390)
	at org.springframework.orm.jpa.AbstractEntityManagerFactoryBean.buildNativeEntityManagerFactory(AbstractEntityManagerFactoryBean.java:409)
	at org.springframework.orm.jpa.AbstractEntityManagerFactoryBean.afterPropertiesSet(AbstractEntityManagerFactoryBean.java:396)
	at org.springframework.orm.jpa.LocalContainerEntityManagerFactoryBean.afterPropertiesSet(LocalContainerEntityManagerFactoryBean.java:366)
	at org.springframework.beans.factory.support.AbstractAutowireCapableBeanFactory.invokeInitMethods(AbstractAutowireCapableBeanFactory.java:1835)
	at org.springframework.beans.factory.support.AbstractAutowireCapableBeanFactory.initializeBean(AbstractAutowireCapableBeanFactory.java:1784)
	at org.springframework.beans.factory.support.AbstractAutowireCapableBeanFactory.doCreateBean(AbstractAutowireCapableBeanFactory.java:600)
	at org.springframework.beans.factory.support.AbstractAutowireCapableBeanFactory.createBean(AbstractAutowireCapableBeanFactory.java:522)
	at org.springframework.beans.factory.support.AbstractBeanFactory.lambda$doGetBean$0(AbstractBeanFactory.java:337)
	at org.springframework.beans.factory.support.DefaultSingletonBeanRegistry.getSingleton(DefaultSingletonBeanRegistry.java:234)
	at org.springframework.beans.factory.support.AbstractBeanFactory.doGetBean(AbstractBeanFactory.java:335)
	at org.springframework.beans.factory.support.AbstractBeanFactory.getBean(AbstractBeanFactory.java:205)
	at org.springframework.context.support.AbstractApplicationContext.finishBeanFactoryInitialization(AbstractApplicationContext.java:952)
	at org.springframework.context.support.AbstractApplicationContext.refresh(AbstractApplicationContext.java:624)
	at org.springframework.boot.web.servlet.context.ServletWebServerApplicationContext.refresh(ServletWebServerApplicationContext.java:146)
	at org.springframework.boot.SpringApplication.refresh(SpringApplication.java:754)
	at org.springframework.boot.SpringApplication.refreshContext(SpringApplication.java:456)
	at org.springframework.boot.SpringApplication.run(SpringApplication.java:335)
	at org.springframework.boot.SpringApplication.run(SpringApplication.java:1363)
	at org.springframework.boot.SpringApplication.run(SpringApplication.java:1352)
	at com.school.management.SchoolManagementApplication.main(SchoolManagementApplication.java:11)
Caused by: java.sql.SQLException: Failed to open the referenced table 'eleve'
	at com.mysql.cj.jdbc.exceptions.SQLError.createSQLException(SQLError.java:130)
	at com.mysql.cj.jdbc.exceptions.SQLExceptionsMapping.translateException(SQLExceptionsMapping.java:122)
	at com.mysql.cj.jdbc.StatementImpl.executeInternal(StatementImpl.java:770)
	at com.mysql.cj.jdbc.StatementImpl.execute(StatementImpl.java:653)
	at com.zaxxer.hikari.pool.ProxyStatement.execute(ProxyStatement.java:94)
	at com.zaxxer.hikari.pool.HikariProxyStatement.execute(HikariProxyStatement.java)
	at org.hibernate.tool.schema.internal.exec.GenerationTargetToDatabase.accept(GenerationTargetToDatabase.java:80)
	... 36 common frames omitted
2025-06-06 04:56:16,511 WARN o.h.t.s.i.ExceptionHandlerLoggedImpl [main] GenerationTarget encountered exception accepting command : Error executing DDL "
    alter table student_progress_report 
       add constraint FKa399yrjjpj6y3idqg9q5594n 
       foreign key (student_id) 
       references utilisateur (id)" via JDBC [Failed to open the referenced table 'utilisateur']
org.hibernate.tool.schema.spi.CommandAcceptanceException: Error executing DDL "
    alter table student_progress_report 
       add constraint FKa399yrjjpj6y3idqg9q5594n 
       foreign key (student_id) 
       references utilisateur (id)" via JDBC [Failed to open the referenced table 'utilisateur']
	at org.hibernate.tool.schema.internal.exec.GenerationTargetToDatabase.accept(GenerationTargetToDatabase.java:94)
	at org.hibernate.tool.schema.internal.AbstractSchemaMigrator.applySqlString(AbstractSchemaMigrator.java:575)
	at org.hibernate.tool.schema.internal.AbstractSchemaMigrator.applySqlStrings(AbstractSchemaMigrator.java:515)
	at org.hibernate.tool.schema.internal.AbstractSchemaMigrator.applyForeignKeys(AbstractSchemaMigrator.java:447)
	at org.hibernate.tool.schema.internal.AbstractSchemaMigrator.performMigration(AbstractSchemaMigrator.java:268)
	at org.hibernate.tool.schema.internal.AbstractSchemaMigrator.doMigration(AbstractSchemaMigrator.java:117)
	at org.hibernate.tool.schema.spi.SchemaManagementToolCoordinator.performDatabaseAction(SchemaManagementToolCoordinator.java:280)
	at org.hibernate.tool.schema.spi.SchemaManagementToolCoordinator.lambda$process$5(SchemaManagementToolCoordinator.java:144)
	at java.base/java.util.HashMap.forEach(HashMap.java:1429)
	at org.hibernate.tool.schema.spi.SchemaManagementToolCoordinator.process(SchemaManagementToolCoordinator.java:141)
	at org.hibernate.boot.internal.SessionFactoryObserverForSchemaExport.sessionFactoryCreated(SessionFactoryObserverForSchemaExport.java:37)
	at org.hibernate.internal.SessionFactoryObserverChain.sessionFactoryCreated(SessionFactoryObserverChain.java:35)
	at org.hibernate.internal.SessionFactoryImpl.<init>(SessionFactoryImpl.java:322)
	at org.hibernate.boot.internal.SessionFactoryBuilderImpl.build(SessionFactoryBuilderImpl.java:457)
	at org.hibernate.jpa.boot.internal.EntityManagerFactoryBuilderImpl.build(EntityManagerFactoryBuilderImpl.java:1506)
	at org.springframework.orm.jpa.vendor.SpringHibernateJpaPersistenceProvider.createContainerEntityManagerFactory(SpringHibernateJpaPersistenceProvider.java:75)
	at org.springframework.orm.jpa.LocalContainerEntityManagerFactoryBean.createNativeEntityManagerFactory(LocalContainerEntityManagerFactoryBean.java:390)
	at org.springframework.orm.jpa.AbstractEntityManagerFactoryBean.buildNativeEntityManagerFactory(AbstractEntityManagerFactoryBean.java:409)
	at org.springframework.orm.jpa.AbstractEntityManagerFactoryBean.afterPropertiesSet(AbstractEntityManagerFactoryBean.java:396)
	at org.springframework.orm.jpa.LocalContainerEntityManagerFactoryBean.afterPropertiesSet(LocalContainerEntityManagerFactoryBean.java:366)
	at org.springframework.beans.factory.support.AbstractAutowireCapableBeanFactory.invokeInitMethods(AbstractAutowireCapableBeanFactory.java:1835)
	at org.springframework.beans.factory.support.AbstractAutowireCapableBeanFactory.initializeBean(AbstractAutowireCapableBeanFactory.java:1784)
	at org.springframework.beans.factory.support.AbstractAutowireCapableBeanFactory.doCreateBean(AbstractAutowireCapableBeanFactory.java:600)
	at org.springframework.beans.factory.support.AbstractAutowireCapableBeanFactory.createBean(AbstractAutowireCapableBeanFactory.java:522)
	at org.springframework.beans.factory.support.AbstractBeanFactory.lambda$doGetBean$0(AbstractBeanFactory.java:337)
	at org.springframework.beans.factory.support.DefaultSingletonBeanRegistry.getSingleton(DefaultSingletonBeanRegistry.java:234)
	at org.springframework.beans.factory.support.AbstractBeanFactory.doGetBean(AbstractBeanFactory.java:335)
	at org.springframework.beans.factory.support.AbstractBeanFactory.getBean(AbstractBeanFactory.java:205)
	at org.springframework.context.support.AbstractApplicationContext.finishBeanFactoryInitialization(AbstractApplicationContext.java:952)
	at org.springframework.context.support.AbstractApplicationContext.refresh(AbstractApplicationContext.java:624)
	at org.springframework.boot.web.servlet.context.ServletWebServerApplicationContext.refresh(ServletWebServerApplicationContext.java:146)
	at org.springframework.boot.SpringApplication.refresh(SpringApplication.java:754)
	at org.springframework.boot.SpringApplication.refreshContext(SpringApplication.java:456)
	at org.springframework.boot.SpringApplication.run(SpringApplication.java:335)
	at org.springframework.boot.SpringApplication.run(SpringApplication.java:1363)
	at org.springframework.boot.SpringApplication.run(SpringApplication.java:1352)
	at com.school.management.SchoolManagementApplication.main(SchoolManagementApplication.java:11)
Caused by: java.sql.SQLException: Failed to open the referenced table 'utilisateur'
	at com.mysql.cj.jdbc.exceptions.SQLError.createSQLException(SQLError.java:130)
	at com.mysql.cj.jdbc.exceptions.SQLExceptionsMapping.translateException(SQLExceptionsMapping.java:122)
	at com.mysql.cj.jdbc.StatementImpl.executeInternal(StatementImpl.java:770)
	at com.mysql.cj.jdbc.StatementImpl.execute(StatementImpl.java:653)
	at com.zaxxer.hikari.pool.ProxyStatement.execute(ProxyStatement.java:94)
	at com.zaxxer.hikari.pool.HikariProxyStatement.execute(HikariProxyStatement.java)
	at org.hibernate.tool.schema.internal.exec.GenerationTargetToDatabase.accept(GenerationTargetToDatabase.java:80)
	... 36 common frames omitted
2025-06-06 04:56:16,730 INFO o.s.o.j.AbstractEntityManagerFactoryBean [main] Initialized JPA EntityManagerFactory for persistence unit 'default'
2025-06-06 04:56:18,972 WARN o.s.c.s.AbstractApplicationContext [main] Exception encountered during context initialization - cancelling refresh attempt: org.springframework.beans.factory.UnsatisfiedDependencyException: Error creating bean with name 'gradeController' defined in file [C:\Users\GLOBAL STORE\Documents\Primary-School\backend\build\classes\java\main\com\school\management\controller\GradeController.class]: Unsatisfied dependency expressed through constructor parameter 0: Error creating bean with name 'gradeService' defined in file [C:\Users\GLOBAL STORE\Documents\Primary-School\backend\build\classes\java\main\com\school\management\service\GradeService.class]: Unsatisfied dependency expressed through constructor parameter 0: Error creating bean with name 'noteRepository' defined in com.school.management.repository.NoteRepository defined in @EnableJpaRepositories declared on JpaRepositoriesRegistrar.EnableJpaRepositoriesConfiguration: Could not create query for public abstract org.springframework.data.domain.Page com.school.management.repository.NoteRepository.findByClasseIdAndPeriod(java.lang.Long,java.lang.String,org.springframework.data.domain.Pageable); Reason: Failed to create query for method public abstract org.springframework.data.domain.Page com.school.management.repository.NoteRepository.findByClasseIdAndPeriod(java.lang.Long,java.lang.String,org.springframework.data.domain.Pageable); No property 'classeId' found for type 'Note'
2025-06-06 04:56:18,974 INFO o.s.o.j.AbstractEntityManagerFactoryBean [main] Closing JPA EntityManagerFactory for persistence unit 'default'
2025-06-06 04:56:18,991 INFO c.z.h.HikariDataSource [main] HikariPool-1 - Shutdown initiated...
2025-06-06 04:56:19,011 INFO c.z.h.HikariDataSource [main] HikariPool-1 - Shutdown completed.
2025-06-06 04:56:19,015 INFO o.a.j.l.DirectJDKLog [main] Stopping service [Tomcat]
2025-06-06 04:56:19,077 INFO o.s.b.a.l.ConditionEvaluationReportLogger [main] 

Error starting ApplicationContext. To display the condition evaluation report re-run your application with 'debug' enabled.
2025-06-06 04:56:19,147 ERROR o.s.b.SpringApplication [main] Application run failed
org.springframework.beans.factory.UnsatisfiedDependencyException: Error creating bean with name 'gradeController' defined in file [C:\Users\GLOBAL STORE\Documents\Primary-School\backend\build\classes\java\main\com\school\management\controller\GradeController.class]: Unsatisfied dependency expressed through constructor parameter 0: Error creating bean with name 'gradeService' defined in file [C:\Users\GLOBAL STORE\Documents\Primary-School\backend\build\classes\java\main\com\school\management\service\GradeService.class]: Unsatisfied dependency expressed through constructor parameter 0: Error creating bean with name 'noteRepository' defined in com.school.management.repository.NoteRepository defined in @EnableJpaRepositories declared on JpaRepositoriesRegistrar.EnableJpaRepositoriesConfiguration: Could not create query for public abstract org.springframework.data.domain.Page com.school.management.repository.NoteRepository.findByClasseIdAndPeriod(java.lang.Long,java.lang.String,org.springframework.data.domain.Pageable); Reason: Failed to create query for method public abstract org.springframework.data.domain.Page com.school.management.repository.NoteRepository.findByClasseIdAndPeriod(java.lang.Long,java.lang.String,org.springframework.data.domain.Pageable); No property 'classeId' found for type 'Note'
	at org.springframework.beans.factory.support.ConstructorResolver.createArgumentArray(ConstructorResolver.java:795)
	at org.springframework.beans.factory.support.ConstructorResolver.autowireConstructor(ConstructorResolver.java:237)
	at org.springframework.beans.factory.support.AbstractAutowireCapableBeanFactory.autowireConstructor(AbstractAutowireCapableBeanFactory.java:1357)
	at org.springframework.beans.factory.support.AbstractAutowireCapableBeanFactory.createBeanInstance(AbstractAutowireCapableBeanFactory.java:1194)
	at org.springframework.beans.factory.support.AbstractAutowireCapableBeanFactory.doCreateBean(AbstractAutowireCapableBeanFactory.java:562)
	at org.springframework.beans.factory.support.AbstractAutowireCapableBeanFactory.createBean(AbstractAutowireCapableBeanFactory.java:522)
	at org.springframework.beans.factory.support.AbstractBeanFactory.lambda$doGetBean$0(AbstractBeanFactory.java:337)
	at org.springframework.beans.factory.support.DefaultSingletonBeanRegistry.getSingleton(DefaultSingletonBeanRegistry.java:234)
	at org.springframework.beans.factory.support.AbstractBeanFactory.doGetBean(AbstractBeanFactory.java:335)
	at org.springframework.beans.factory.support.AbstractBeanFactory.getBean(AbstractBeanFactory.java:200)
	at org.springframework.beans.factory.support.DefaultListableBeanFactory.preInstantiateSingletons(DefaultListableBeanFactory.java:975)
	at org.springframework.context.support.AbstractApplicationContext.finishBeanFactoryInitialization(AbstractApplicationContext.java:962)
	at org.springframework.context.support.AbstractApplicationContext.refresh(AbstractApplicationContext.java:624)
	at org.springframework.boot.web.servlet.context.ServletWebServerApplicationContext.refresh(ServletWebServerApplicationContext.java:146)
	at org.springframework.boot.SpringApplication.refresh(SpringApplication.java:754)
	at org.springframework.boot.SpringApplication.refreshContext(SpringApplication.java:456)
	at org.springframework.boot.SpringApplication.run(SpringApplication.java:335)
	at org.springframework.boot.SpringApplication.run(SpringApplication.java:1363)
	at org.springframework.boot.SpringApplication.run(SpringApplication.java:1352)
	at com.school.management.SchoolManagementApplication.main(SchoolManagementApplication.java:11)
Caused by: org.springframework.beans.factory.UnsatisfiedDependencyException: Error creating bean with name 'gradeService' defined in file [C:\Users\GLOBAL STORE\Documents\Primary-School\backend\build\classes\java\main\com\school\management\service\GradeService.class]: Unsatisfied dependency expressed through constructor parameter 0: Error creating bean with name 'noteRepository' defined in com.school.management.repository.NoteRepository defined in @EnableJpaRepositories declared on JpaRepositoriesRegistrar.EnableJpaRepositoriesConfiguration: Could not create query for public abstract org.springframework.data.domain.Page com.school.management.repository.NoteRepository.findByClasseIdAndPeriod(java.lang.Long,java.lang.String,org.springframework.data.domain.Pageable); Reason: Failed to create query for method public abstract org.springframework.data.domain.Page com.school.management.repository.NoteRepository.findByClasseIdAndPeriod(java.lang.Long,java.lang.String,org.springframework.data.domain.Pageable); No property 'classeId' found for type 'Note'
	at org.springframework.beans.factory.support.ConstructorResolver.createArgumentArray(ConstructorResolver.java:795)
	at org.springframework.beans.factory.support.ConstructorResolver.autowireConstructor(ConstructorResolver.java:237)
	at org.springframework.beans.factory.support.AbstractAutowireCapableBeanFactory.autowireConstructor(AbstractAutowireCapableBeanFactory.java:1357)
	at org.springframework.beans.factory.support.AbstractAutowireCapableBeanFactory.createBeanInstance(AbstractAutowireCapableBeanFactory.java:1194)
	at org.springframework.beans.factory.support.AbstractAutowireCapableBeanFactory.doCreateBean(AbstractAutowireCapableBeanFactory.java:562)
	at org.springframework.beans.factory.support.AbstractAutowireCapableBeanFactory.createBean(AbstractAutowireCapableBeanFactory.java:522)
	at org.springframework.beans.factory.support.AbstractBeanFactory.lambda$doGetBean$0(AbstractBeanFactory.java:337)
	at org.springframework.beans.factory.support.DefaultSingletonBeanRegistry.getSingleton(DefaultSingletonBeanRegistry.java:234)
	at org.springframework.beans.factory.support.AbstractBeanFactory.doGetBean(AbstractBeanFactory.java:335)
	at org.springframework.beans.factory.support.AbstractBeanFactory.getBean(AbstractBeanFactory.java:200)
	at org.springframework.beans.factory.config.DependencyDescriptor.resolveCandidate(DependencyDescriptor.java:254)
	at org.springframework.beans.factory.support.DefaultListableBeanFactory.doResolveDependency(DefaultListableBeanFactory.java:1443)
	at org.springframework.beans.factory.support.DefaultListableBeanFactory.resolveDependency(DefaultListableBeanFactory.java:1353)
	at org.springframework.beans.factory.support.ConstructorResolver.resolveAutowiredArgument(ConstructorResolver.java:904)
	at org.springframework.beans.factory.support.ConstructorResolver.createArgumentArray(ConstructorResolver.java:782)
	... 19 common frames omitted
Caused by: org.springframework.beans.factory.BeanCreationException: Error creating bean with name 'noteRepository' defined in com.school.management.repository.NoteRepository defined in @EnableJpaRepositories declared on JpaRepositoriesRegistrar.EnableJpaRepositoriesConfiguration: Could not create query for public abstract org.springframework.data.domain.Page com.school.management.repository.NoteRepository.findByClasseIdAndPeriod(java.lang.Long,java.lang.String,org.springframework.data.domain.Pageable); Reason: Failed to create query for method public abstract org.springframework.data.domain.Page com.school.management.repository.NoteRepository.findByClasseIdAndPeriod(java.lang.Long,java.lang.String,org.springframework.data.domain.Pageable); No property 'classeId' found for type 'Note'
	at org.springframework.beans.factory.support.AbstractAutowireCapableBeanFactory.initializeBean(AbstractAutowireCapableBeanFactory.java:1788)
	at org.springframework.beans.factory.support.AbstractAutowireCapableBeanFactory.doCreateBean(AbstractAutowireCapableBeanFactory.java:600)
	at org.springframework.beans.factory.support.AbstractAutowireCapableBeanFactory.createBean(AbstractAutowireCapableBeanFactory.java:522)
	at org.springframework.beans.factory.support.AbstractBeanFactory.lambda$doGetBean$0(AbstractBeanFactory.java:337)
	at org.springframework.beans.factory.support.DefaultSingletonBeanRegistry.getSingleton(DefaultSingletonBeanRegistry.java:234)
	at org.springframework.beans.factory.support.AbstractBeanFactory.doGetBean(AbstractBeanFactory.java:335)
	at org.springframework.beans.factory.support.AbstractBeanFactory.getBean(AbstractBeanFactory.java:200)
	at org.springframework.beans.factory.config.DependencyDescriptor.resolveCandidate(DependencyDescriptor.java:254)
	at org.springframework.beans.factory.support.DefaultListableBeanFactory.doResolveDependency(DefaultListableBeanFactory.java:1443)
	at org.springframework.beans.factory.support.DefaultListableBeanFactory.resolveDependency(DefaultListableBeanFactory.java:1353)
	at org.springframework.beans.factory.support.ConstructorResolver.resolveAutowiredArgument(ConstructorResolver.java:904)
	at org.springframework.beans.factory.support.ConstructorResolver.createArgumentArray(ConstructorResolver.java:782)
	... 33 common frames omitted
Caused by: org.springframework.data.repository.query.QueryCreationException: Could not create query for public abstract org.springframework.data.domain.Page com.school.management.repository.NoteRepository.findByClasseIdAndPeriod(java.lang.Long,java.lang.String,org.springframework.data.domain.Pageable); Reason: Failed to create query for method public abstract org.springframework.data.domain.Page com.school.management.repository.NoteRepository.findByClasseIdAndPeriod(java.lang.Long,java.lang.String,org.springframework.data.domain.Pageable); No property 'classeId' found for type 'Note'
	at org.springframework.data.repository.query.QueryCreationException.create(QueryCreationException.java:101)
	at org.springframework.data.repository.core.support.QueryExecutorMethodInterceptor.lookupQuery(QueryExecutorMethodInterceptor.java:115)
	at org.springframework.data.repository.core.support.QueryExecutorMethodInterceptor.mapMethodsToQuery(QueryExecutorMethodInterceptor.java:99)
	at org.springframework.data.repository.core.support.QueryExecutorMethodInterceptor.lambda$new$0(QueryExecutorMethodInterceptor.java:88)
	at java.base/java.util.Optional.map(Optional.java:260)
	at org.springframework.data.repository.core.support.QueryExecutorMethodInterceptor.<init>(QueryExecutorMethodInterceptor.java:88)
	at org.springframework.data.repository.core.support.RepositoryFactorySupport.getRepository(RepositoryFactorySupport.java:357)
	at org.springframework.data.repository.core.support.RepositoryFactoryBeanSupport.lambda$afterPropertiesSet$5(RepositoryFactoryBeanSupport.java:286)
	at org.springframework.data.util.Lazy.getNullable(Lazy.java:135)
	at org.springframework.data.util.Lazy.get(Lazy.java:113)
	at org.springframework.data.repository.core.support.RepositoryFactoryBeanSupport.afterPropertiesSet(RepositoryFactoryBeanSupport.java:292)
	at org.springframework.data.jpa.repository.support.JpaRepositoryFactoryBean.afterPropertiesSet(JpaRepositoryFactoryBean.java:132)
	at org.springframework.beans.factory.support.AbstractAutowireCapableBeanFactory.invokeInitMethods(AbstractAutowireCapableBeanFactory.java:1835)
	at org.springframework.beans.factory.support.AbstractAutowireCapableBeanFactory.initializeBean(AbstractAutowireCapableBeanFactory.java:1784)
	... 44 common frames omitted
Caused by: java.lang.IllegalArgumentException: Failed to create query for method public abstract org.springframework.data.domain.Page com.school.management.repository.NoteRepository.findByClasseIdAndPeriod(java.lang.Long,java.lang.String,org.springframework.data.domain.Pageable); No property 'classeId' found for type 'Note'
	at org.springframework.data.jpa.repository.query.PartTreeJpaQuery.<init>(PartTreeJpaQuery.java:106)
	at org.springframework.data.jpa.repository.query.JpaQueryLookupStrategy$CreateQueryLookupStrategy.resolveQuery(JpaQueryLookupStrategy.java:124)
	at org.springframework.data.jpa.repository.query.JpaQueryLookupStrategy$CreateIfNotFoundQueryLookupStrategy.resolveQuery(JpaQueryLookupStrategy.java:258)
	at org.springframework.data.jpa.repository.query.JpaQueryLookupStrategy$AbstractQueryLookupStrategy.resolveQuery(JpaQueryLookupStrategy.java:95)
	at org.springframework.data.repository.core.support.QueryExecutorMethodInterceptor.lookupQuery(QueryExecutorMethodInterceptor.java:111)
	... 56 common frames omitted
Caused by: org.springframework.data.mapping.PropertyReferenceException: No property 'classeId' found for type 'Note'
	at org.springframework.data.mapping.PropertyPath.<init>(PropertyPath.java:94)
	at org.springframework.data.mapping.PropertyPath.create(PropertyPath.java:455)
	at org.springframework.data.mapping.PropertyPath.create(PropertyPath.java:431)
	at org.springframework.data.mapping.PropertyPath.lambda$from$0(PropertyPath.java:384)
	at java.base/java.util.concurrent.ConcurrentMap.computeIfAbsent(ConcurrentMap.java:330)
	at org.springframework.data.mapping.PropertyPath.from(PropertyPath.java:366)
	at org.springframework.data.mapping.PropertyPath.from(PropertyPath.java:344)
	at org.springframework.data.repository.query.parser.Part.<init>(Part.java:81)
	at org.springframework.data.repository.query.parser.PartTree$OrPart.lambda$new$0(PartTree.java:259)
	at java.base/java.util.stream.ReferencePipeline$3$1.accept(ReferencePipeline.java:197)
	at java.base/java.util.stream.ReferencePipeline$2$1.accept(ReferencePipeline.java:179)
	at java.base/java.util.Spliterators$ArraySpliterator.forEachRemaining(Spliterators.java:1024)
	at java.base/java.util.stream.AbstractPipeline.copyInto(AbstractPipeline.java:509)
	at java.base/java.util.stream.AbstractPipeline.wrapAndCopyInto(AbstractPipeline.java:499)
	at java.base/java.util.stream.ReduceOps$ReduceOp.evaluateSequential(ReduceOps.java:921)
	at java.base/java.util.stream.AbstractPipeline.evaluate(AbstractPipeline.java:234)
	at java.base/java.util.stream.ReferencePipeline.collect(ReferencePipeline.java:682)
	at org.springframework.data.repository.query.parser.PartTree$OrPart.<init>(PartTree.java:260)
	at org.springframework.data.repository.query.parser.PartTree$Predicate.lambda$new$0(PartTree.java:389)
	at java.base/java.util.stream.ReferencePipeline$3$1.accept(ReferencePipeline.java:197)
	at java.base/java.util.stream.ReferencePipeline$2$1.accept(ReferencePipeline.java:179)
	at java.base/java.util.Spliterators$ArraySpliterator.forEachRemaining(Spliterators.java:1024)
	at java.base/java.util.stream.AbstractPipeline.copyInto(AbstractPipeline.java:509)
	at java.base/java.util.stream.AbstractPipeline.wrapAndCopyInto(AbstractPipeline.java:499)
	at java.base/java.util.stream.ReduceOps$ReduceOp.evaluateSequential(ReduceOps.java:921)
	at java.base/java.util.stream.AbstractPipeline.evaluate(AbstractPipeline.java:234)
	at java.base/java.util.stream.ReferencePipeline.collect(ReferencePipeline.java:682)
	at org.springframework.data.repository.query.parser.PartTree$Predicate.<init>(PartTree.java:390)
	at org.springframework.data.repository.query.parser.PartTree.<init>(PartTree.java:103)
	at org.springframework.data.jpa.repository.query.PartTreeJpaQuery.<init>(PartTreeJpaQuery.java:100)
	... 60 common frames omitted
2025-06-06 08:42:38,340 INFO o.h.v.i.u.Version [background-preinit] HV000001: Hibernate Validator 8.0.1.Final
2025-06-06 08:42:38,468 INFO o.s.b.StartupInfoLogger [main] Starting SchoolManagementApplication using Java 21.0.6 with PID 1972 (C:\Users\GLOBAL STORE\Documents\Primary-School\backend\build\classes\java\main started by GLOBAL STORE in C:\Users\GLOBAL STORE\Documents\Primary-School\backend)
2025-06-06 08:42:38,470 DEBUG o.s.b.StartupInfoLogger [main] Running with Spring Boot v3.3.0, Spring v6.1.8
2025-06-06 08:42:38,472 INFO o.s.b.SpringApplication [main] No active profile set, falling back to 1 default profile: "default"
2025-06-06 08:42:41,215 INFO o.s.d.r.c.RepositoryConfigurationDelegate [main] Multiple Spring Data modules found, entering strict repository configuration mode
2025-06-06 08:42:41,220 INFO o.s.d.r.c.RepositoryConfigurationDelegate [main] Bootstrapping Spring Data JPA repositories in DEFAULT mode.
2025-06-06 08:42:41,746 INFO o.s.d.r.c.RepositoryConfigurationDelegate [main] Finished Spring Data repository scanning in 505 ms. Found 22 JPA repository interfaces.
2025-06-06 08:42:41,777 INFO o.s.d.r.c.RepositoryConfigurationDelegate [main] Multiple Spring Data modules found, entering strict repository configuration mode
2025-06-06 08:42:41,780 INFO o.s.d.r.c.RepositoryConfigurationDelegate [main] Bootstrapping Spring Data Redis repositories in DEFAULT mode.
2025-06-06 08:42:41,821 INFO o.s.d.r.c.RepositoryConfigurationExtensionSupport [main] Spring Data Redis - Could not safely identify store assignment for repository candidate interface com.school.management.repository.AffectationRepository; If you want this repository to be a Redis repository, consider annotating your entities with one of these annotations: org.springframework.data.redis.core.RedisHash (preferred), or consider extending one of the following types with your repository: org.springframework.data.keyvalue.repository.KeyValueRepository
2025-06-06 08:42:41,822 INFO o.s.d.r.c.RepositoryConfigurationExtensionSupport [main] Spring Data Redis - Could not safely identify store assignment for repository candidate interface com.school.management.repository.AnneeScolaireRepository; If you want this repository to be a Redis repository, consider annotating your entities with one of these annotations: org.springframework.data.redis.core.RedisHash (preferred), or consider extending one of the following types with your repository: org.springframework.data.keyvalue.repository.KeyValueRepository
2025-06-06 08:42:41,822 INFO o.s.d.r.c.RepositoryConfigurationExtensionSupport [main] Spring Data Redis - Could not safely identify store assignment for repository candidate interface com.school.management.repository.ClasseRepository; If you want this repository to be a Redis repository, consider annotating your entities with one of these annotations: org.springframework.data.redis.core.RedisHash (preferred), or consider extending one of the following types with your repository: org.springframework.data.keyvalue.repository.KeyValueRepository
2025-06-06 08:42:41,823 INFO o.s.d.r.c.RepositoryConfigurationExtensionSupport [main] Spring Data Redis - Could not safely identify store assignment for repository candidate interface com.school.management.repository.ClassRepository; If you want this repository to be a Redis repository, consider annotating your entities with one of these annotations: org.springframework.data.redis.core.RedisHash (preferred), or consider extending one of the following types with your repository: org.springframework.data.keyvalue.repository.KeyValueRepository
2025-06-06 08:42:41,823 INFO o.s.d.r.c.RepositoryConfigurationExtensionSupport [main] Spring Data Redis - Could not safely identify store assignment for repository candidate interface com.school.management.repository.DocumentRepository; If you want this repository to be a Redis repository, consider annotating your entities with one of these annotations: org.springframework.data.redis.core.RedisHash (preferred), or consider extending one of the following types with your repository: org.springframework.data.keyvalue.repository.KeyValueRepository
2025-06-06 08:42:41,823 INFO o.s.d.r.c.RepositoryConfigurationExtensionSupport [main] Spring Data Redis - Could not safely identify store assignment for repository candidate interface com.school.management.repository.EleveRepository; If you want this repository to be a Redis repository, consider annotating your entities with one of these annotations: org.springframework.data.redis.core.RedisHash (preferred), or consider extending one of the following types with your repository: org.springframework.data.keyvalue.repository.KeyValueRepository
2025-06-06 08:42:41,824 INFO o.s.d.r.c.RepositoryConfigurationExtensionSupport [main] Spring Data Redis - Could not safely identify store assignment for repository candidate interface com.school.management.repository.EnseignantRepository; If you want this repository to be a Redis repository, consider annotating your entities with one of these annotations: org.springframework.data.redis.core.RedisHash (preferred), or consider extending one of the following types with your repository: org.springframework.data.keyvalue.repository.KeyValueRepository
2025-06-06 08:42:41,825 INFO o.s.d.r.c.RepositoryConfigurationExtensionSupport [main] Spring Data Redis - Could not safely identify store assignment for repository candidate interface com.school.management.repository.GradeRepository; If you want this repository to be a Redis repository, consider annotating your entities with one of these annotations: org.springframework.data.redis.core.RedisHash (preferred), or consider extending one of the following types with your repository: org.springframework.data.keyvalue.repository.KeyValueRepository
2025-06-06 08:42:41,826 INFO o.s.d.r.c.RepositoryConfigurationExtensionSupport [main] Spring Data Redis - Could not safely identify store assignment for repository candidate interface com.school.management.repository.LogActiviteRepository; If you want this repository to be a Redis repository, consider annotating your entities with one of these annotations: org.springframework.data.redis.core.RedisHash (preferred), or consider extending one of the following types with your repository: org.springframework.data.keyvalue.repository.KeyValueRepository
2025-06-06 08:42:41,826 INFO o.s.d.r.c.RepositoryConfigurationExtensionSupport [main] Spring Data Redis - Could not safely identify store assignment for repository candidate interface com.school.management.repository.MatiereRepository; If you want this repository to be a Redis repository, consider annotating your entities with one of these annotations: org.springframework.data.redis.core.RedisHash (preferred), or consider extending one of the following types with your repository: org.springframework.data.keyvalue.repository.KeyValueRepository
2025-06-06 08:42:41,826 INFO o.s.d.r.c.RepositoryConfigurationExtensionSupport [main] Spring Data Redis - Could not safely identify store assignment for repository candidate interface com.school.management.repository.NoteRepository; If you want this repository to be a Redis repository, consider annotating your entities with one of these annotations: org.springframework.data.redis.core.RedisHash (preferred), or consider extending one of the following types with your repository: org.springframework.data.keyvalue.repository.KeyValueRepository
2025-06-06 08:42:41,827 INFO o.s.d.r.c.RepositoryConfigurationExtensionSupport [main] Spring Data Redis - Could not safely identify store assignment for repository candidate interface com.school.management.repository.NotificationRepository; If you want this repository to be a Redis repository, consider annotating your entities with one of these annotations: org.springframework.data.redis.core.RedisHash (preferred), or consider extending one of the following types with your repository: org.springframework.data.keyvalue.repository.KeyValueRepository
2025-06-06 08:42:41,827 INFO o.s.d.r.c.RepositoryConfigurationExtensionSupport [main] Spring Data Redis - Could not safely identify store assignment for repository candidate interface com.school.management.repository.PaiementRepository; If you want this repository to be a Redis repository, consider annotating your entities with one of these annotations: org.springframework.data.redis.core.RedisHash (preferred), or consider extending one of the following types with your repository: org.springframework.data.keyvalue.repository.KeyValueRepository
2025-06-06 08:42:41,827 INFO o.s.d.r.c.RepositoryConfigurationExtensionSupport [main] Spring Data Redis - Could not safely identify store assignment for repository candidate interface com.school.management.repository.ProfilUtilisateurRepository; If you want this repository to be a Redis repository, consider annotating your entities with one of these annotations: org.springframework.data.redis.core.RedisHash (preferred), or consider extending one of the following types with your repository: org.springframework.data.keyvalue.repository.KeyValueRepository
2025-06-06 08:42:41,828 INFO o.s.d.r.c.RepositoryConfigurationExtensionSupport [main] Spring Data Redis - Could not safely identify store assignment for repository candidate interface com.school.management.repository.RoleRepository; If you want this repository to be a Redis repository, consider annotating your entities with one of these annotations: org.springframework.data.redis.core.RedisHash (preferred), or consider extending one of the following types with your repository: org.springframework.data.keyvalue.repository.KeyValueRepository
2025-06-06 08:42:41,828 INFO o.s.d.r.c.RepositoryConfigurationExtensionSupport [main] Spring Data Redis - Could not safely identify store assignment for repository candidate interface com.school.management.repository.SectionRepository; If you want this repository to be a Redis repository, consider annotating your entities with one of these annotations: org.springframework.data.redis.core.RedisHash (preferred), or consider extending one of the following types with your repository: org.springframework.data.keyvalue.repository.KeyValueRepository
2025-06-06 08:42:41,829 INFO o.s.d.r.c.RepositoryConfigurationExtensionSupport [main] Spring Data Redis - Could not safely identify store assignment for repository candidate interface com.school.management.repository.SequenceRepository; If you want this repository to be a Redis repository, consider annotating your entities with one of these annotations: org.springframework.data.redis.core.RedisHash (preferred), or consider extending one of the following types with your repository: org.springframework.data.keyvalue.repository.KeyValueRepository
2025-06-06 08:42:41,829 INFO o.s.d.r.c.RepositoryConfigurationExtensionSupport [main] Spring Data Redis - Could not safely identify store assignment for repository candidate interface com.school.management.repository.StatutAnneeRepository; If you want this repository to be a Redis repository, consider annotating your entities with one of these annotations: org.springframework.data.redis.core.RedisHash (preferred), or consider extending one of the following types with your repository: org.springframework.data.keyvalue.repository.KeyValueRepository
2025-06-06 08:42:41,829 INFO o.s.d.r.c.RepositoryConfigurationExtensionSupport [main] Spring Data Redis - Could not safely identify store assignment for repository candidate interface com.school.management.repository.StudentRepository; If you want this repository to be a Redis repository, consider annotating your entities with one of these annotations: org.springframework.data.redis.core.RedisHash (preferred), or consider extending one of the following types with your repository: org.springframework.data.keyvalue.repository.KeyValueRepository
2025-06-06 08:42:41,830 INFO o.s.d.r.c.RepositoryConfigurationExtensionSupport [main] Spring Data Redis - Could not safely identify store assignment for repository candidate interface com.school.management.repository.TrimestreRepository; If you want this repository to be a Redis repository, consider annotating your entities with one of these annotations: org.springframework.data.redis.core.RedisHash (preferred), or consider extending one of the following types with your repository: org.springframework.data.keyvalue.repository.KeyValueRepository
2025-06-06 08:42:41,830 INFO o.s.d.r.c.RepositoryConfigurationExtensionSupport [main] Spring Data Redis - Could not safely identify store assignment for repository candidate interface com.school.management.repository.TypeAffectationRepository; If you want this repository to be a Redis repository, consider annotating your entities with one of these annotations: org.springframework.data.redis.core.RedisHash (preferred), or consider extending one of the following types with your repository: org.springframework.data.keyvalue.repository.KeyValueRepository
2025-06-06 08:42:41,830 INFO o.s.d.r.c.RepositoryConfigurationExtensionSupport [main] Spring Data Redis - Could not safely identify store assignment for repository candidate interface com.school.management.repository.UtilisateurRepository; If you want this repository to be a Redis repository, consider annotating your entities with one of these annotations: org.springframework.data.redis.core.RedisHash (preferred), or consider extending one of the following types with your repository: org.springframework.data.keyvalue.repository.KeyValueRepository
2025-06-06 08:42:41,831 INFO o.s.d.r.c.RepositoryConfigurationDelegate [main] Finished Spring Data repository scanning in 23 ms. Found 0 Redis repository interfaces.
2025-06-06 08:42:43,821 INFO o.s.b.w.e.t.TomcatWebServer [main] Tomcat initialized with port 8080 (http)
2025-06-06 08:42:43,847 INFO o.a.j.l.DirectJDKLog [main] Initializing ProtocolHandler ["http-nio-8080"]
2025-06-06 08:42:43,851 INFO o.a.j.l.DirectJDKLog [main] Starting service [Tomcat]
2025-06-06 08:42:43,852 INFO o.a.j.l.DirectJDKLog [main] Starting Servlet engine: [Apache Tomcat/10.1.24]
2025-06-06 08:42:43,958 INFO o.a.j.l.DirectJDKLog [main] Initializing Spring embedded WebApplicationContext
2025-06-06 08:42:43,959 INFO o.s.b.w.s.c.ServletWebServerApplicationContext [main] Root WebApplicationContext: initialization completed in 5378 ms
2025-06-06 08:42:44,692 INFO o.h.j.i.u.LogHelper [main] HHH000204: Processing PersistenceUnitInfo [name: default]
2025-06-06 08:42:44,914 INFO o.h.Version [main] HHH000412: Hibernate ORM core version 6.5.2.Final
2025-06-06 08:42:45,023 INFO o.h.c.i.RegionFactoryInitiator [main] HHH000026: Second-level cache disabled
2025-06-06 08:42:45,937 INFO o.s.o.j.p.SpringPersistenceUnitInfo [main] No LoadTimeWeaver setup: ignoring JPA class transformer
2025-06-06 08:42:46,014 INFO c.z.h.HikariDataSource [main] HikariPool-1 - Starting...
2025-06-06 08:42:46,957 INFO c.z.h.p.HikariPool [main] HikariPool-1 - Added connection com.mysql.cj.jdbc.ConnectionImpl@af96ac9
2025-06-06 08:42:46,960 INFO c.z.h.HikariDataSource [main] HikariPool-1 - Start completed.
2025-06-06 08:42:47,092 WARN o.h.e.j.d.i.DialectFactoryImpl [main] HHH90000025: MySQL8Dialect does not need to be specified explicitly using 'hibernate.dialect' (remove the property setting and it will be selected by default)
2025-06-06 08:42:47,096 WARN o.h.e.j.d.i.DialectFactoryImpl [main] HHH90000026: MySQL8Dialect has been deprecated; use org.hibernate.dialect.MySQLDialect instead
2025-06-06 08:42:49,885 INFO o.h.e.t.j.p.i.JtaPlatformInitiator [main] HHH000489: No JTA platform available (set 'hibernate.transaction.jta.platform' to enable JTA platform integration)
2025-06-06 08:42:50,113 WARN o.h.t.s.i.ExceptionHandlerLoggedImpl [main] GenerationTarget encountered exception accepting command : Error executing DDL "
    create table notifications (
        id bigint not null auto_increment,
        created_at datetime(6),
        message varchar(255) not null,
        read bit,
        user_id bigint,
        primary key (id)
    ) engine=InnoDB" via JDBC [Erreur de syntaxe près de 'read bit,
        user_id bigint,
        primary key (id)
    ) engine=InnoD' à la ligne 5]
org.hibernate.tool.schema.spi.CommandAcceptanceException: Error executing DDL "
    create table notifications (
        id bigint not null auto_increment,
        created_at datetime(6),
        message varchar(255) not null,
        read bit,
        user_id bigint,
        primary key (id)
    ) engine=InnoDB" via JDBC [Erreur de syntaxe près de 'read bit,
        user_id bigint,
        primary key (id)
    ) engine=InnoD' à la ligne 5]
	at org.hibernate.tool.schema.internal.exec.GenerationTargetToDatabase.accept(GenerationTargetToDatabase.java:94)
	at org.hibernate.tool.schema.internal.AbstractSchemaMigrator.applySqlString(AbstractSchemaMigrator.java:575)
	at org.hibernate.tool.schema.internal.AbstractSchemaMigrator.applySqlStrings(AbstractSchemaMigrator.java:515)
	at org.hibernate.tool.schema.internal.AbstractSchemaMigrator.createTable(AbstractSchemaMigrator.java:315)
	at org.hibernate.tool.schema.internal.GroupedSchemaMigratorImpl.performTablesMigration(GroupedSchemaMigratorImpl.java:80)
	at org.hibernate.tool.schema.internal.AbstractSchemaMigrator.performMigration(AbstractSchemaMigrator.java:232)
	at org.hibernate.tool.schema.internal.AbstractSchemaMigrator.doMigration(AbstractSchemaMigrator.java:117)
	at org.hibernate.tool.schema.spi.SchemaManagementToolCoordinator.performDatabaseAction(SchemaManagementToolCoordinator.java:280)
	at org.hibernate.tool.schema.spi.SchemaManagementToolCoordinator.lambda$process$5(SchemaManagementToolCoordinator.java:144)
	at java.base/java.util.HashMap.forEach(HashMap.java:1429)
	at org.hibernate.tool.schema.spi.SchemaManagementToolCoordinator.process(SchemaManagementToolCoordinator.java:141)
	at org.hibernate.boot.internal.SessionFactoryObserverForSchemaExport.sessionFactoryCreated(SessionFactoryObserverForSchemaExport.java:37)
	at org.hibernate.internal.SessionFactoryObserverChain.sessionFactoryCreated(SessionFactoryObserverChain.java:35)
	at org.hibernate.internal.SessionFactoryImpl.<init>(SessionFactoryImpl.java:322)
	at org.hibernate.boot.internal.SessionFactoryBuilderImpl.build(SessionFactoryBuilderImpl.java:457)
	at org.hibernate.jpa.boot.internal.EntityManagerFactoryBuilderImpl.build(EntityManagerFactoryBuilderImpl.java:1506)
	at org.springframework.orm.jpa.vendor.SpringHibernateJpaPersistenceProvider.createContainerEntityManagerFactory(SpringHibernateJpaPersistenceProvider.java:75)
	at org.springframework.orm.jpa.LocalContainerEntityManagerFactoryBean.createNativeEntityManagerFactory(LocalContainerEntityManagerFactoryBean.java:390)
	at org.springframework.orm.jpa.AbstractEntityManagerFactoryBean.buildNativeEntityManagerFactory(AbstractEntityManagerFactoryBean.java:409)
	at org.springframework.orm.jpa.AbstractEntityManagerFactoryBean.afterPropertiesSet(AbstractEntityManagerFactoryBean.java:396)
	at org.springframework.orm.jpa.LocalContainerEntityManagerFactoryBean.afterPropertiesSet(LocalContainerEntityManagerFactoryBean.java:366)
	at org.springframework.beans.factory.support.AbstractAutowireCapableBeanFactory.invokeInitMethods(AbstractAutowireCapableBeanFactory.java:1835)
	at org.springframework.beans.factory.support.AbstractAutowireCapableBeanFactory.initializeBean(AbstractAutowireCapableBeanFactory.java:1784)
	at org.springframework.beans.factory.support.AbstractAutowireCapableBeanFactory.doCreateBean(AbstractAutowireCapableBeanFactory.java:600)
	at org.springframework.beans.factory.support.AbstractAutowireCapableBeanFactory.createBean(AbstractAutowireCapableBeanFactory.java:522)
	at org.springframework.beans.factory.support.AbstractBeanFactory.lambda$doGetBean$0(AbstractBeanFactory.java:337)
	at org.springframework.beans.factory.support.DefaultSingletonBeanRegistry.getSingleton(DefaultSingletonBeanRegistry.java:234)
	at org.springframework.beans.factory.support.AbstractBeanFactory.doGetBean(AbstractBeanFactory.java:335)
	at org.springframework.beans.factory.support.AbstractBeanFactory.getBean(AbstractBeanFactory.java:205)
	at org.springframework.context.support.AbstractApplicationContext.finishBeanFactoryInitialization(AbstractApplicationContext.java:952)
	at org.springframework.context.support.AbstractApplicationContext.refresh(AbstractApplicationContext.java:624)
	at org.springframework.boot.web.servlet.context.ServletWebServerApplicationContext.refresh(ServletWebServerApplicationContext.java:146)
	at org.springframework.boot.SpringApplication.refresh(SpringApplication.java:754)
	at org.springframework.boot.SpringApplication.refreshContext(SpringApplication.java:456)
	at org.springframework.boot.SpringApplication.run(SpringApplication.java:335)
	at org.springframework.boot.SpringApplication.run(SpringApplication.java:1363)
	at org.springframework.boot.SpringApplication.run(SpringApplication.java:1352)
	at com.school.management.SchoolManagementApplication.main(SchoolManagementApplication.java:11)
Caused by: java.sql.SQLSyntaxErrorException: Erreur de syntaxe près de 'read bit,
        user_id bigint,
        primary key (id)
    ) engine=InnoD' à la ligne 5
	at com.mysql.cj.jdbc.exceptions.SQLError.createSQLException(SQLError.java:121)
	at com.mysql.cj.jdbc.exceptions.SQLExceptionsMapping.translateException(SQLExceptionsMapping.java:122)
	at com.mysql.cj.jdbc.StatementImpl.executeInternal(StatementImpl.java:770)
	at com.mysql.cj.jdbc.StatementImpl.execute(StatementImpl.java:653)
	at com.zaxxer.hikari.pool.ProxyStatement.execute(ProxyStatement.java:94)
	at com.zaxxer.hikari.pool.HikariProxyStatement.execute(HikariProxyStatement.java)
	at org.hibernate.tool.schema.internal.exec.GenerationTargetToDatabase.accept(GenerationTargetToDatabase.java:80)
	... 37 common frames omitted
2025-06-06 08:42:51,168 WARN o.h.t.s.i.ExceptionHandlerLoggedImpl [main] GenerationTarget encountered exception accepting command : Error executing DDL "
    alter table grade 
       add constraint FK65scf5pqiupf01gtvxgf02xfs 
       foreign key (student_id) 
       references utilisateur (id)" via JDBC [Failed to open the referenced table 'utilisateur']
org.hibernate.tool.schema.spi.CommandAcceptanceException: Error executing DDL "
    alter table grade 
       add constraint FK65scf5pqiupf01gtvxgf02xfs 
       foreign key (student_id) 
       references utilisateur (id)" via JDBC [Failed to open the referenced table 'utilisateur']
	at org.hibernate.tool.schema.internal.exec.GenerationTargetToDatabase.accept(GenerationTargetToDatabase.java:94)
	at org.hibernate.tool.schema.internal.AbstractSchemaMigrator.applySqlString(AbstractSchemaMigrator.java:575)
	at org.hibernate.tool.schema.internal.AbstractSchemaMigrator.applySqlStrings(AbstractSchemaMigrator.java:515)
	at org.hibernate.tool.schema.internal.AbstractSchemaMigrator.applyForeignKeys(AbstractSchemaMigrator.java:447)
	at org.hibernate.tool.schema.internal.AbstractSchemaMigrator.performMigration(AbstractSchemaMigrator.java:268)
	at org.hibernate.tool.schema.internal.AbstractSchemaMigrator.doMigration(AbstractSchemaMigrator.java:117)
	at org.hibernate.tool.schema.spi.SchemaManagementToolCoordinator.performDatabaseAction(SchemaManagementToolCoordinator.java:280)
	at org.hibernate.tool.schema.spi.SchemaManagementToolCoordinator.lambda$process$5(SchemaManagementToolCoordinator.java:144)
	at java.base/java.util.HashMap.forEach(HashMap.java:1429)
	at org.hibernate.tool.schema.spi.SchemaManagementToolCoordinator.process(SchemaManagementToolCoordinator.java:141)
	at org.hibernate.boot.internal.SessionFactoryObserverForSchemaExport.sessionFactoryCreated(SessionFactoryObserverForSchemaExport.java:37)
	at org.hibernate.internal.SessionFactoryObserverChain.sessionFactoryCreated(SessionFactoryObserverChain.java:35)
	at org.hibernate.internal.SessionFactoryImpl.<init>(SessionFactoryImpl.java:322)
	at org.hibernate.boot.internal.SessionFactoryBuilderImpl.build(SessionFactoryBuilderImpl.java:457)
	at org.hibernate.jpa.boot.internal.EntityManagerFactoryBuilderImpl.build(EntityManagerFactoryBuilderImpl.java:1506)
	at org.springframework.orm.jpa.vendor.SpringHibernateJpaPersistenceProvider.createContainerEntityManagerFactory(SpringHibernateJpaPersistenceProvider.java:75)
	at org.springframework.orm.jpa.LocalContainerEntityManagerFactoryBean.createNativeEntityManagerFactory(LocalContainerEntityManagerFactoryBean.java:390)
	at org.springframework.orm.jpa.AbstractEntityManagerFactoryBean.buildNativeEntityManagerFactory(AbstractEntityManagerFactoryBean.java:409)
	at org.springframework.orm.jpa.AbstractEntityManagerFactoryBean.afterPropertiesSet(AbstractEntityManagerFactoryBean.java:396)
	at org.springframework.orm.jpa.LocalContainerEntityManagerFactoryBean.afterPropertiesSet(LocalContainerEntityManagerFactoryBean.java:366)
	at org.springframework.beans.factory.support.AbstractAutowireCapableBeanFactory.invokeInitMethods(AbstractAutowireCapableBeanFactory.java:1835)
	at org.springframework.beans.factory.support.AbstractAutowireCapableBeanFactory.initializeBean(AbstractAutowireCapableBeanFactory.java:1784)
	at org.springframework.beans.factory.support.AbstractAutowireCapableBeanFactory.doCreateBean(AbstractAutowireCapableBeanFactory.java:600)
	at org.springframework.beans.factory.support.AbstractAutowireCapableBeanFactory.createBean(AbstractAutowireCapableBeanFactory.java:522)
	at org.springframework.beans.factory.support.AbstractBeanFactory.lambda$doGetBean$0(AbstractBeanFactory.java:337)
	at org.springframework.beans.factory.support.DefaultSingletonBeanRegistry.getSingleton(DefaultSingletonBeanRegistry.java:234)
	at org.springframework.beans.factory.support.AbstractBeanFactory.doGetBean(AbstractBeanFactory.java:335)
	at org.springframework.beans.factory.support.AbstractBeanFactory.getBean(AbstractBeanFactory.java:205)
	at org.springframework.context.support.AbstractApplicationContext.finishBeanFactoryInitialization(AbstractApplicationContext.java:952)
	at org.springframework.context.support.AbstractApplicationContext.refresh(AbstractApplicationContext.java:624)
	at org.springframework.boot.web.servlet.context.ServletWebServerApplicationContext.refresh(ServletWebServerApplicationContext.java:146)
	at org.springframework.boot.SpringApplication.refresh(SpringApplication.java:754)
	at org.springframework.boot.SpringApplication.refreshContext(SpringApplication.java:456)
	at org.springframework.boot.SpringApplication.run(SpringApplication.java:335)
	at org.springframework.boot.SpringApplication.run(SpringApplication.java:1363)
	at org.springframework.boot.SpringApplication.run(SpringApplication.java:1352)
	at com.school.management.SchoolManagementApplication.main(SchoolManagementApplication.java:11)
Caused by: java.sql.SQLException: Failed to open the referenced table 'utilisateur'
	at com.mysql.cj.jdbc.exceptions.SQLError.createSQLException(SQLError.java:130)
	at com.mysql.cj.jdbc.exceptions.SQLExceptionsMapping.translateException(SQLExceptionsMapping.java:122)
	at com.mysql.cj.jdbc.StatementImpl.executeInternal(StatementImpl.java:770)
	at com.mysql.cj.jdbc.StatementImpl.execute(StatementImpl.java:653)
	at com.zaxxer.hikari.pool.ProxyStatement.execute(ProxyStatement.java:94)
	at com.zaxxer.hikari.pool.HikariProxyStatement.execute(HikariProxyStatement.java)
	at org.hibernate.tool.schema.internal.exec.GenerationTargetToDatabase.accept(GenerationTargetToDatabase.java:80)
	... 36 common frames omitted
2025-06-06 08:42:51,628 WARN o.h.t.s.i.ExceptionHandlerLoggedImpl [main] GenerationTarget encountered exception accepting command : Error executing DDL "
    alter table paiements 
       add constraint FKa2gysb7sesilnnjpi0v4ks23c 
       foreign key (eleve_id) 
       references eleve (id)" via JDBC [Failed to open the referenced table 'eleve']
org.hibernate.tool.schema.spi.CommandAcceptanceException: Error executing DDL "
    alter table paiements 
       add constraint FKa2gysb7sesilnnjpi0v4ks23c 
       foreign key (eleve_id) 
       references eleve (id)" via JDBC [Failed to open the referenced table 'eleve']
	at org.hibernate.tool.schema.internal.exec.GenerationTargetToDatabase.accept(GenerationTargetToDatabase.java:94)
	at org.hibernate.tool.schema.internal.AbstractSchemaMigrator.applySqlString(AbstractSchemaMigrator.java:575)
	at org.hibernate.tool.schema.internal.AbstractSchemaMigrator.applySqlStrings(AbstractSchemaMigrator.java:515)
	at org.hibernate.tool.schema.internal.AbstractSchemaMigrator.applyForeignKeys(AbstractSchemaMigrator.java:447)
	at org.hibernate.tool.schema.internal.AbstractSchemaMigrator.performMigration(AbstractSchemaMigrator.java:268)
	at org.hibernate.tool.schema.internal.AbstractSchemaMigrator.doMigration(AbstractSchemaMigrator.java:117)
	at org.hibernate.tool.schema.spi.SchemaManagementToolCoordinator.performDatabaseAction(SchemaManagementToolCoordinator.java:280)
	at org.hibernate.tool.schema.spi.SchemaManagementToolCoordinator.lambda$process$5(SchemaManagementToolCoordinator.java:144)
	at java.base/java.util.HashMap.forEach(HashMap.java:1429)
	at org.hibernate.tool.schema.spi.SchemaManagementToolCoordinator.process(SchemaManagementToolCoordinator.java:141)
	at org.hibernate.boot.internal.SessionFactoryObserverForSchemaExport.sessionFactoryCreated(SessionFactoryObserverForSchemaExport.java:37)
	at org.hibernate.internal.SessionFactoryObserverChain.sessionFactoryCreated(SessionFactoryObserverChain.java:35)
	at org.hibernate.internal.SessionFactoryImpl.<init>(SessionFactoryImpl.java:322)
	at org.hibernate.boot.internal.SessionFactoryBuilderImpl.build(SessionFactoryBuilderImpl.java:457)
	at org.hibernate.jpa.boot.internal.EntityManagerFactoryBuilderImpl.build(EntityManagerFactoryBuilderImpl.java:1506)
	at org.springframework.orm.jpa.vendor.SpringHibernateJpaPersistenceProvider.createContainerEntityManagerFactory(SpringHibernateJpaPersistenceProvider.java:75)
	at org.springframework.orm.jpa.LocalContainerEntityManagerFactoryBean.createNativeEntityManagerFactory(LocalContainerEntityManagerFactoryBean.java:390)
	at org.springframework.orm.jpa.AbstractEntityManagerFactoryBean.buildNativeEntityManagerFactory(AbstractEntityManagerFactoryBean.java:409)
	at org.springframework.orm.jpa.AbstractEntityManagerFactoryBean.afterPropertiesSet(AbstractEntityManagerFactoryBean.java:396)
	at org.springframework.orm.jpa.LocalContainerEntityManagerFactoryBean.afterPropertiesSet(LocalContainerEntityManagerFactoryBean.java:366)
	at org.springframework.beans.factory.support.AbstractAutowireCapableBeanFactory.invokeInitMethods(AbstractAutowireCapableBeanFactory.java:1835)
	at org.springframework.beans.factory.support.AbstractAutowireCapableBeanFactory.initializeBean(AbstractAutowireCapableBeanFactory.java:1784)
	at org.springframework.beans.factory.support.AbstractAutowireCapableBeanFactory.doCreateBean(AbstractAutowireCapableBeanFactory.java:600)
	at org.springframework.beans.factory.support.AbstractAutowireCapableBeanFactory.createBean(AbstractAutowireCapableBeanFactory.java:522)
	at org.springframework.beans.factory.support.AbstractBeanFactory.lambda$doGetBean$0(AbstractBeanFactory.java:337)
	at org.springframework.beans.factory.support.DefaultSingletonBeanRegistry.getSingleton(DefaultSingletonBeanRegistry.java:234)
	at org.springframework.beans.factory.support.AbstractBeanFactory.doGetBean(AbstractBeanFactory.java:335)
	at org.springframework.beans.factory.support.AbstractBeanFactory.getBean(AbstractBeanFactory.java:205)
	at org.springframework.context.support.AbstractApplicationContext.finishBeanFactoryInitialization(AbstractApplicationContext.java:952)
	at org.springframework.context.support.AbstractApplicationContext.refresh(AbstractApplicationContext.java:624)
	at org.springframework.boot.web.servlet.context.ServletWebServerApplicationContext.refresh(ServletWebServerApplicationContext.java:146)
	at org.springframework.boot.SpringApplication.refresh(SpringApplication.java:754)
	at org.springframework.boot.SpringApplication.refreshContext(SpringApplication.java:456)
	at org.springframework.boot.SpringApplication.run(SpringApplication.java:335)
	at org.springframework.boot.SpringApplication.run(SpringApplication.java:1363)
	at org.springframework.boot.SpringApplication.run(SpringApplication.java:1352)
	at com.school.management.SchoolManagementApplication.main(SchoolManagementApplication.java:11)
Caused by: java.sql.SQLException: Failed to open the referenced table 'eleve'
	at com.mysql.cj.jdbc.exceptions.SQLError.createSQLException(SQLError.java:130)
	at com.mysql.cj.jdbc.exceptions.SQLExceptionsMapping.translateException(SQLExceptionsMapping.java:122)
	at com.mysql.cj.jdbc.StatementImpl.executeInternal(StatementImpl.java:770)
	at com.mysql.cj.jdbc.StatementImpl.execute(StatementImpl.java:653)
	at com.zaxxer.hikari.pool.ProxyStatement.execute(ProxyStatement.java:94)
	at com.zaxxer.hikari.pool.HikariProxyStatement.execute(HikariProxyStatement.java)
	at org.hibernate.tool.schema.internal.exec.GenerationTargetToDatabase.accept(GenerationTargetToDatabase.java:80)
	... 36 common frames omitted
2025-06-06 08:42:51,826 WARN o.h.t.s.i.ExceptionHandlerLoggedImpl [main] GenerationTarget encountered exception accepting command : Error executing DDL "
    alter table student_progress_report 
       add constraint FKa399yrjjpj6y3idqg9q5594n 
       foreign key (student_id) 
       references utilisateur (id)" via JDBC [Failed to open the referenced table 'utilisateur']
org.hibernate.tool.schema.spi.CommandAcceptanceException: Error executing DDL "
    alter table student_progress_report 
       add constraint FKa399yrjjpj6y3idqg9q5594n 
       foreign key (student_id) 
       references utilisateur (id)" via JDBC [Failed to open the referenced table 'utilisateur']
	at org.hibernate.tool.schema.internal.exec.GenerationTargetToDatabase.accept(GenerationTargetToDatabase.java:94)
	at org.hibernate.tool.schema.internal.AbstractSchemaMigrator.applySqlString(AbstractSchemaMigrator.java:575)
	at org.hibernate.tool.schema.internal.AbstractSchemaMigrator.applySqlStrings(AbstractSchemaMigrator.java:515)
	at org.hibernate.tool.schema.internal.AbstractSchemaMigrator.applyForeignKeys(AbstractSchemaMigrator.java:447)
	at org.hibernate.tool.schema.internal.AbstractSchemaMigrator.performMigration(AbstractSchemaMigrator.java:268)
	at org.hibernate.tool.schema.internal.AbstractSchemaMigrator.doMigration(AbstractSchemaMigrator.java:117)
	at org.hibernate.tool.schema.spi.SchemaManagementToolCoordinator.performDatabaseAction(SchemaManagementToolCoordinator.java:280)
	at org.hibernate.tool.schema.spi.SchemaManagementToolCoordinator.lambda$process$5(SchemaManagementToolCoordinator.java:144)
	at java.base/java.util.HashMap.forEach(HashMap.java:1429)
	at org.hibernate.tool.schema.spi.SchemaManagementToolCoordinator.process(SchemaManagementToolCoordinator.java:141)
	at org.hibernate.boot.internal.SessionFactoryObserverForSchemaExport.sessionFactoryCreated(SessionFactoryObserverForSchemaExport.java:37)
	at org.hibernate.internal.SessionFactoryObserverChain.sessionFactoryCreated(SessionFactoryObserverChain.java:35)
	at org.hibernate.internal.SessionFactoryImpl.<init>(SessionFactoryImpl.java:322)
	at org.hibernate.boot.internal.SessionFactoryBuilderImpl.build(SessionFactoryBuilderImpl.java:457)
	at org.hibernate.jpa.boot.internal.EntityManagerFactoryBuilderImpl.build(EntityManagerFactoryBuilderImpl.java:1506)
	at org.springframework.orm.jpa.vendor.SpringHibernateJpaPersistenceProvider.createContainerEntityManagerFactory(SpringHibernateJpaPersistenceProvider.java:75)
	at org.springframework.orm.jpa.LocalContainerEntityManagerFactoryBean.createNativeEntityManagerFactory(LocalContainerEntityManagerFactoryBean.java:390)
	at org.springframework.orm.jpa.AbstractEntityManagerFactoryBean.buildNativeEntityManagerFactory(AbstractEntityManagerFactoryBean.java:409)
	at org.springframework.orm.jpa.AbstractEntityManagerFactoryBean.afterPropertiesSet(AbstractEntityManagerFactoryBean.java:396)
	at org.springframework.orm.jpa.LocalContainerEntityManagerFactoryBean.afterPropertiesSet(LocalContainerEntityManagerFactoryBean.java:366)
	at org.springframework.beans.factory.support.AbstractAutowireCapableBeanFactory.invokeInitMethods(AbstractAutowireCapableBeanFactory.java:1835)
	at org.springframework.beans.factory.support.AbstractAutowireCapableBeanFactory.initializeBean(AbstractAutowireCapableBeanFactory.java:1784)
	at org.springframework.beans.factory.support.AbstractAutowireCapableBeanFactory.doCreateBean(AbstractAutowireCapableBeanFactory.java:600)
	at org.springframework.beans.factory.support.AbstractAutowireCapableBeanFactory.createBean(AbstractAutowireCapableBeanFactory.java:522)
	at org.springframework.beans.factory.support.AbstractBeanFactory.lambda$doGetBean$0(AbstractBeanFactory.java:337)
	at org.springframework.beans.factory.support.DefaultSingletonBeanRegistry.getSingleton(DefaultSingletonBeanRegistry.java:234)
	at org.springframework.beans.factory.support.AbstractBeanFactory.doGetBean(AbstractBeanFactory.java:335)
	at org.springframework.beans.factory.support.AbstractBeanFactory.getBean(AbstractBeanFactory.java:205)
	at org.springframework.context.support.AbstractApplicationContext.finishBeanFactoryInitialization(AbstractApplicationContext.java:952)
	at org.springframework.context.support.AbstractApplicationContext.refresh(AbstractApplicationContext.java:624)
	at org.springframework.boot.web.servlet.context.ServletWebServerApplicationContext.refresh(ServletWebServerApplicationContext.java:146)
	at org.springframework.boot.SpringApplication.refresh(SpringApplication.java:754)
	at org.springframework.boot.SpringApplication.refreshContext(SpringApplication.java:456)
	at org.springframework.boot.SpringApplication.run(SpringApplication.java:335)
	at org.springframework.boot.SpringApplication.run(SpringApplication.java:1363)
	at org.springframework.boot.SpringApplication.run(SpringApplication.java:1352)
	at com.school.management.SchoolManagementApplication.main(SchoolManagementApplication.java:11)
Caused by: java.sql.SQLException: Failed to open the referenced table 'utilisateur'
	at com.mysql.cj.jdbc.exceptions.SQLError.createSQLException(SQLError.java:130)
	at com.mysql.cj.jdbc.exceptions.SQLExceptionsMapping.translateException(SQLExceptionsMapping.java:122)
	at com.mysql.cj.jdbc.StatementImpl.executeInternal(StatementImpl.java:770)
	at com.mysql.cj.jdbc.StatementImpl.execute(StatementImpl.java:653)
	at com.zaxxer.hikari.pool.ProxyStatement.execute(ProxyStatement.java:94)
	at com.zaxxer.hikari.pool.HikariProxyStatement.execute(HikariProxyStatement.java)
	at org.hibernate.tool.schema.internal.exec.GenerationTargetToDatabase.accept(GenerationTargetToDatabase.java:80)
	... 36 common frames omitted
2025-06-06 08:42:52,075 INFO o.s.o.j.AbstractEntityManagerFactoryBean [main] Initialized JPA EntityManagerFactory for persistence unit 'default'
2025-06-06 08:42:53,216 WARN o.s.c.s.AbstractApplicationContext [main] Exception encountered during context initialization - cancelling refresh attempt: org.springframework.beans.factory.UnsatisfiedDependencyException: Error creating bean with name 'gradeController' defined in file [C:\Users\GLOBAL STORE\Documents\Primary-School\backend\build\classes\java\main\com\school\management\controller\GradeController.class]: Unsatisfied dependency expressed through constructor parameter 0: Error creating bean with name 'gradeService' defined in file [C:\Users\GLOBAL STORE\Documents\Primary-School\backend\build\classes\java\main\com\school\management\service\GradeService.class]: Unsatisfied dependency expressed through constructor parameter 0: Error creating bean with name 'noteRepository' defined in com.school.management.repository.NoteRepository defined in @EnableJpaRepositories declared on JpaRepositoriesRegistrar.EnableJpaRepositoriesConfiguration: Could not create query for public abstract org.springframework.data.domain.Page com.school.management.repository.NoteRepository.findByClasseIdAndPeriod(java.lang.Long,java.lang.String,org.springframework.data.domain.Pageable); Reason: Failed to create query for method public abstract org.springframework.data.domain.Page com.school.management.repository.NoteRepository.findByClasseIdAndPeriod(java.lang.Long,java.lang.String,org.springframework.data.domain.Pageable); No property 'classeId' found for type 'Note'
2025-06-06 08:42:53,217 INFO o.s.o.j.AbstractEntityManagerFactoryBean [main] Closing JPA EntityManagerFactory for persistence unit 'default'
2025-06-06 08:42:53,220 INFO c.z.h.HikariDataSource [main] HikariPool-1 - Shutdown initiated...
2025-06-06 08:42:53,232 INFO c.z.h.HikariDataSource [main] HikariPool-1 - Shutdown completed.
2025-06-06 08:42:53,234 INFO o.a.j.l.DirectJDKLog [main] Stopping service [Tomcat]
2025-06-06 08:42:53,273 INFO o.s.b.a.l.ConditionEvaluationReportLogger [main] 

Error starting ApplicationContext. To display the condition evaluation report re-run your application with 'debug' enabled.
2025-06-06 08:42:53,329 ERROR o.s.b.SpringApplication [main] Application run failed
org.springframework.beans.factory.UnsatisfiedDependencyException: Error creating bean with name 'gradeController' defined in file [C:\Users\GLOBAL STORE\Documents\Primary-School\backend\build\classes\java\main\com\school\management\controller\GradeController.class]: Unsatisfied dependency expressed through constructor parameter 0: Error creating bean with name 'gradeService' defined in file [C:\Users\GLOBAL STORE\Documents\Primary-School\backend\build\classes\java\main\com\school\management\service\GradeService.class]: Unsatisfied dependency expressed through constructor parameter 0: Error creating bean with name 'noteRepository' defined in com.school.management.repository.NoteRepository defined in @EnableJpaRepositories declared on JpaRepositoriesRegistrar.EnableJpaRepositoriesConfiguration: Could not create query for public abstract org.springframework.data.domain.Page com.school.management.repository.NoteRepository.findByClasseIdAndPeriod(java.lang.Long,java.lang.String,org.springframework.data.domain.Pageable); Reason: Failed to create query for method public abstract org.springframework.data.domain.Page com.school.management.repository.NoteRepository.findByClasseIdAndPeriod(java.lang.Long,java.lang.String,org.springframework.data.domain.Pageable); No property 'classeId' found for type 'Note'
	at org.springframework.beans.factory.support.ConstructorResolver.createArgumentArray(ConstructorResolver.java:795)
	at org.springframework.beans.factory.support.ConstructorResolver.autowireConstructor(ConstructorResolver.java:237)
	at org.springframework.beans.factory.support.AbstractAutowireCapableBeanFactory.autowireConstructor(AbstractAutowireCapableBeanFactory.java:1357)
	at org.springframework.beans.factory.support.AbstractAutowireCapableBeanFactory.createBeanInstance(AbstractAutowireCapableBeanFactory.java:1194)
	at org.springframework.beans.factory.support.AbstractAutowireCapableBeanFactory.doCreateBean(AbstractAutowireCapableBeanFactory.java:562)
	at org.springframework.beans.factory.support.AbstractAutowireCapableBeanFactory.createBean(AbstractAutowireCapableBeanFactory.java:522)
	at org.springframework.beans.factory.support.AbstractBeanFactory.lambda$doGetBean$0(AbstractBeanFactory.java:337)
	at org.springframework.beans.factory.support.DefaultSingletonBeanRegistry.getSingleton(DefaultSingletonBeanRegistry.java:234)
	at org.springframework.beans.factory.support.AbstractBeanFactory.doGetBean(AbstractBeanFactory.java:335)
	at org.springframework.beans.factory.support.AbstractBeanFactory.getBean(AbstractBeanFactory.java:200)
	at org.springframework.beans.factory.support.DefaultListableBeanFactory.preInstantiateSingletons(DefaultListableBeanFactory.java:975)
	at org.springframework.context.support.AbstractApplicationContext.finishBeanFactoryInitialization(AbstractApplicationContext.java:962)
	at org.springframework.context.support.AbstractApplicationContext.refresh(AbstractApplicationContext.java:624)
	at org.springframework.boot.web.servlet.context.ServletWebServerApplicationContext.refresh(ServletWebServerApplicationContext.java:146)
	at org.springframework.boot.SpringApplication.refresh(SpringApplication.java:754)
	at org.springframework.boot.SpringApplication.refreshContext(SpringApplication.java:456)
	at org.springframework.boot.SpringApplication.run(SpringApplication.java:335)
	at org.springframework.boot.SpringApplication.run(SpringApplication.java:1363)
	at org.springframework.boot.SpringApplication.run(SpringApplication.java:1352)
	at com.school.management.SchoolManagementApplication.main(SchoolManagementApplication.java:11)
Caused by: org.springframework.beans.factory.UnsatisfiedDependencyException: Error creating bean with name 'gradeService' defined in file [C:\Users\GLOBAL STORE\Documents\Primary-School\backend\build\classes\java\main\com\school\management\service\GradeService.class]: Unsatisfied dependency expressed through constructor parameter 0: Error creating bean with name 'noteRepository' defined in com.school.management.repository.NoteRepository defined in @EnableJpaRepositories declared on JpaRepositoriesRegistrar.EnableJpaRepositoriesConfiguration: Could not create query for public abstract org.springframework.data.domain.Page com.school.management.repository.NoteRepository.findByClasseIdAndPeriod(java.lang.Long,java.lang.String,org.springframework.data.domain.Pageable); Reason: Failed to create query for method public abstract org.springframework.data.domain.Page com.school.management.repository.NoteRepository.findByClasseIdAndPeriod(java.lang.Long,java.lang.String,org.springframework.data.domain.Pageable); No property 'classeId' found for type 'Note'
	at org.springframework.beans.factory.support.ConstructorResolver.createArgumentArray(ConstructorResolver.java:795)
	at org.springframework.beans.factory.support.ConstructorResolver.autowireConstructor(ConstructorResolver.java:237)
	at org.springframework.beans.factory.support.AbstractAutowireCapableBeanFactory.autowireConstructor(AbstractAutowireCapableBeanFactory.java:1357)
	at org.springframework.beans.factory.support.AbstractAutowireCapableBeanFactory.createBeanInstance(AbstractAutowireCapableBeanFactory.java:1194)
	at org.springframework.beans.factory.support.AbstractAutowireCapableBeanFactory.doCreateBean(AbstractAutowireCapableBeanFactory.java:562)
	at org.springframework.beans.factory.support.AbstractAutowireCapableBeanFactory.createBean(AbstractAutowireCapableBeanFactory.java:522)
	at org.springframework.beans.factory.support.AbstractBeanFactory.lambda$doGetBean$0(AbstractBeanFactory.java:337)
	at org.springframework.beans.factory.support.DefaultSingletonBeanRegistry.getSingleton(DefaultSingletonBeanRegistry.java:234)
	at org.springframework.beans.factory.support.AbstractBeanFactory.doGetBean(AbstractBeanFactory.java:335)
	at org.springframework.beans.factory.support.AbstractBeanFactory.getBean(AbstractBeanFactory.java:200)
	at org.springframework.beans.factory.config.DependencyDescriptor.resolveCandidate(DependencyDescriptor.java:254)
	at org.springframework.beans.factory.support.DefaultListableBeanFactory.doResolveDependency(DefaultListableBeanFactory.java:1443)
	at org.springframework.beans.factory.support.DefaultListableBeanFactory.resolveDependency(DefaultListableBeanFactory.java:1353)
	at org.springframework.beans.factory.support.ConstructorResolver.resolveAutowiredArgument(ConstructorResolver.java:904)
	at org.springframework.beans.factory.support.ConstructorResolver.createArgumentArray(ConstructorResolver.java:782)
	... 19 common frames omitted
Caused by: org.springframework.beans.factory.BeanCreationException: Error creating bean with name 'noteRepository' defined in com.school.management.repository.NoteRepository defined in @EnableJpaRepositories declared on JpaRepositoriesRegistrar.EnableJpaRepositoriesConfiguration: Could not create query for public abstract org.springframework.data.domain.Page com.school.management.repository.NoteRepository.findByClasseIdAndPeriod(java.lang.Long,java.lang.String,org.springframework.data.domain.Pageable); Reason: Failed to create query for method public abstract org.springframework.data.domain.Page com.school.management.repository.NoteRepository.findByClasseIdAndPeriod(java.lang.Long,java.lang.String,org.springframework.data.domain.Pageable); No property 'classeId' found for type 'Note'
	at org.springframework.beans.factory.support.AbstractAutowireCapableBeanFactory.initializeBean(AbstractAutowireCapableBeanFactory.java:1788)
	at org.springframework.beans.factory.support.AbstractAutowireCapableBeanFactory.doCreateBean(AbstractAutowireCapableBeanFactory.java:600)
	at org.springframework.beans.factory.support.AbstractAutowireCapableBeanFactory.createBean(AbstractAutowireCapableBeanFactory.java:522)
	at org.springframework.beans.factory.support.AbstractBeanFactory.lambda$doGetBean$0(AbstractBeanFactory.java:337)
	at org.springframework.beans.factory.support.DefaultSingletonBeanRegistry.getSingleton(DefaultSingletonBeanRegistry.java:234)
	at org.springframework.beans.factory.support.AbstractBeanFactory.doGetBean(AbstractBeanFactory.java:335)
	at org.springframework.beans.factory.support.AbstractBeanFactory.getBean(AbstractBeanFactory.java:200)
	at org.springframework.beans.factory.config.DependencyDescriptor.resolveCandidate(DependencyDescriptor.java:254)
	at org.springframework.beans.factory.support.DefaultListableBeanFactory.doResolveDependency(DefaultListableBeanFactory.java:1443)
	at org.springframework.beans.factory.support.DefaultListableBeanFactory.resolveDependency(DefaultListableBeanFactory.java:1353)
	at org.springframework.beans.factory.support.ConstructorResolver.resolveAutowiredArgument(ConstructorResolver.java:904)
	at org.springframework.beans.factory.support.ConstructorResolver.createArgumentArray(ConstructorResolver.java:782)
	... 33 common frames omitted
Caused by: org.springframework.data.repository.query.QueryCreationException: Could not create query for public abstract org.springframework.data.domain.Page com.school.management.repository.NoteRepository.findByClasseIdAndPeriod(java.lang.Long,java.lang.String,org.springframework.data.domain.Pageable); Reason: Failed to create query for method public abstract org.springframework.data.domain.Page com.school.management.repository.NoteRepository.findByClasseIdAndPeriod(java.lang.Long,java.lang.String,org.springframework.data.domain.Pageable); No property 'classeId' found for type 'Note'
	at org.springframework.data.repository.query.QueryCreationException.create(QueryCreationException.java:101)
	at org.springframework.data.repository.core.support.QueryExecutorMethodInterceptor.lookupQuery(QueryExecutorMethodInterceptor.java:115)
	at org.springframework.data.repository.core.support.QueryExecutorMethodInterceptor.mapMethodsToQuery(QueryExecutorMethodInterceptor.java:99)
	at org.springframework.data.repository.core.support.QueryExecutorMethodInterceptor.lambda$new$0(QueryExecutorMethodInterceptor.java:88)
	at java.base/java.util.Optional.map(Optional.java:260)
	at org.springframework.data.repository.core.support.QueryExecutorMethodInterceptor.<init>(QueryExecutorMethodInterceptor.java:88)
	at org.springframework.data.repository.core.support.RepositoryFactorySupport.getRepository(RepositoryFactorySupport.java:357)
	at org.springframework.data.repository.core.support.RepositoryFactoryBeanSupport.lambda$afterPropertiesSet$5(RepositoryFactoryBeanSupport.java:286)
	at org.springframework.data.util.Lazy.getNullable(Lazy.java:135)
	at org.springframework.data.util.Lazy.get(Lazy.java:113)
	at org.springframework.data.repository.core.support.RepositoryFactoryBeanSupport.afterPropertiesSet(RepositoryFactoryBeanSupport.java:292)
	at org.springframework.data.jpa.repository.support.JpaRepositoryFactoryBean.afterPropertiesSet(JpaRepositoryFactoryBean.java:132)
	at org.springframework.beans.factory.support.AbstractAutowireCapableBeanFactory.invokeInitMethods(AbstractAutowireCapableBeanFactory.java:1835)
	at org.springframework.beans.factory.support.AbstractAutowireCapableBeanFactory.initializeBean(AbstractAutowireCapableBeanFactory.java:1784)
	... 44 common frames omitted
Caused by: java.lang.IllegalArgumentException: Failed to create query for method public abstract org.springframework.data.domain.Page com.school.management.repository.NoteRepository.findByClasseIdAndPeriod(java.lang.Long,java.lang.String,org.springframework.data.domain.Pageable); No property 'classeId' found for type 'Note'
	at org.springframework.data.jpa.repository.query.PartTreeJpaQuery.<init>(PartTreeJpaQuery.java:106)
	at org.springframework.data.jpa.repository.query.JpaQueryLookupStrategy$CreateQueryLookupStrategy.resolveQuery(JpaQueryLookupStrategy.java:124)
	at org.springframework.data.jpa.repository.query.JpaQueryLookupStrategy$CreateIfNotFoundQueryLookupStrategy.resolveQuery(JpaQueryLookupStrategy.java:258)
	at org.springframework.data.jpa.repository.query.JpaQueryLookupStrategy$AbstractQueryLookupStrategy.resolveQuery(JpaQueryLookupStrategy.java:95)
	at org.springframework.data.repository.core.support.QueryExecutorMethodInterceptor.lookupQuery(QueryExecutorMethodInterceptor.java:111)
	... 56 common frames omitted
Caused by: org.springframework.data.mapping.PropertyReferenceException: No property 'classeId' found for type 'Note'
	at org.springframework.data.mapping.PropertyPath.<init>(PropertyPath.java:94)
	at org.springframework.data.mapping.PropertyPath.create(PropertyPath.java:455)
	at org.springframework.data.mapping.PropertyPath.create(PropertyPath.java:431)
	at org.springframework.data.mapping.PropertyPath.lambda$from$0(PropertyPath.java:384)
	at java.base/java.util.concurrent.ConcurrentMap.computeIfAbsent(ConcurrentMap.java:330)
	at org.springframework.data.mapping.PropertyPath.from(PropertyPath.java:366)
	at org.springframework.data.mapping.PropertyPath.from(PropertyPath.java:344)
	at org.springframework.data.repository.query.parser.Part.<init>(Part.java:81)
	at org.springframework.data.repository.query.parser.PartTree$OrPart.lambda$new$0(PartTree.java:259)
	at java.base/java.util.stream.ReferencePipeline$3$1.accept(ReferencePipeline.java:197)
	at java.base/java.util.stream.ReferencePipeline$2$1.accept(ReferencePipeline.java:179)
	at java.base/java.util.Spliterators$ArraySpliterator.forEachRemaining(Spliterators.java:1024)
	at java.base/java.util.stream.AbstractPipeline.copyInto(AbstractPipeline.java:509)
	at java.base/java.util.stream.AbstractPipeline.wrapAndCopyInto(AbstractPipeline.java:499)
	at java.base/java.util.stream.ReduceOps$ReduceOp.evaluateSequential(ReduceOps.java:921)
	at java.base/java.util.stream.AbstractPipeline.evaluate(AbstractPipeline.java:234)
	at java.base/java.util.stream.ReferencePipeline.collect(ReferencePipeline.java:682)
	at org.springframework.data.repository.query.parser.PartTree$OrPart.<init>(PartTree.java:260)
	at org.springframework.data.repository.query.parser.PartTree$Predicate.lambda$new$0(PartTree.java:389)
	at java.base/java.util.stream.ReferencePipeline$3$1.accept(ReferencePipeline.java:197)
	at java.base/java.util.stream.ReferencePipeline$2$1.accept(ReferencePipeline.java:179)
	at java.base/java.util.Spliterators$ArraySpliterator.forEachRemaining(Spliterators.java:1024)
	at java.base/java.util.stream.AbstractPipeline.copyInto(AbstractPipeline.java:509)
	at java.base/java.util.stream.AbstractPipeline.wrapAndCopyInto(AbstractPipeline.java:499)
	at java.base/java.util.stream.ReduceOps$ReduceOp.evaluateSequential(ReduceOps.java:921)
	at java.base/java.util.stream.AbstractPipeline.evaluate(AbstractPipeline.java:234)
	at java.base/java.util.stream.ReferencePipeline.collect(ReferencePipeline.java:682)
	at org.springframework.data.repository.query.parser.PartTree$Predicate.<init>(PartTree.java:390)
	at org.springframework.data.repository.query.parser.PartTree.<init>(PartTree.java:103)
	at org.springframework.data.jpa.repository.query.PartTreeJpaQuery.<init>(PartTreeJpaQuery.java:100)
	... 60 common frames omitted
2025-06-06 08:43:47,243 INFO o.h.v.i.u.Version [background-preinit] HV000001: Hibernate Validator 8.0.1.Final
2025-06-06 08:43:47,352 INFO o.s.b.StartupInfoLogger [main] Starting SchoolManagementApplication using Java 21.0.6 with PID 7824 (C:\Users\GLOBAL STORE\Documents\Primary-School\backend\build\classes\java\main started by GLOBAL STORE in C:\Users\GLOBAL STORE\Documents\Primary-School\backend)
2025-06-06 08:43:47,353 DEBUG o.s.b.StartupInfoLogger [main] Running with Spring Boot v3.3.0, Spring v6.1.8
2025-06-06 08:43:47,354 INFO o.s.b.SpringApplication [main] No active profile set, falling back to 1 default profile: "default"
2025-06-06 08:43:49,582 INFO o.s.d.r.c.RepositoryConfigurationDelegate [main] Multiple Spring Data modules found, entering strict repository configuration mode
2025-06-06 08:43:49,585 INFO o.s.d.r.c.RepositoryConfigurationDelegate [main] Bootstrapping Spring Data JPA repositories in DEFAULT mode.
2025-06-06 08:43:49,975 INFO o.s.d.r.c.RepositoryConfigurationDelegate [main] Finished Spring Data repository scanning in 377 ms. Found 22 JPA repository interfaces.
2025-06-06 08:43:49,997 INFO o.s.d.r.c.RepositoryConfigurationDelegate [main] Multiple Spring Data modules found, entering strict repository configuration mode
2025-06-06 08:43:49,999 INFO o.s.d.r.c.RepositoryConfigurationDelegate [main] Bootstrapping Spring Data Redis repositories in DEFAULT mode.
2025-06-06 08:43:50,023 INFO o.s.d.r.c.RepositoryConfigurationExtensionSupport [main] Spring Data Redis - Could not safely identify store assignment for repository candidate interface com.school.management.repository.AffectationRepository; If you want this repository to be a Redis repository, consider annotating your entities with one of these annotations: org.springframework.data.redis.core.RedisHash (preferred), or consider extending one of the following types with your repository: org.springframework.data.keyvalue.repository.KeyValueRepository
2025-06-06 08:43:50,024 INFO o.s.d.r.c.RepositoryConfigurationExtensionSupport [main] Spring Data Redis - Could not safely identify store assignment for repository candidate interface com.school.management.repository.AnneeScolaireRepository; If you want this repository to be a Redis repository, consider annotating your entities with one of these annotations: org.springframework.data.redis.core.RedisHash (preferred), or consider extending one of the following types with your repository: org.springframework.data.keyvalue.repository.KeyValueRepository
2025-06-06 08:43:50,024 INFO o.s.d.r.c.RepositoryConfigurationExtensionSupport [main] Spring Data Redis - Could not safely identify store assignment for repository candidate interface com.school.management.repository.ClasseRepository; If you want this repository to be a Redis repository, consider annotating your entities with one of these annotations: org.springframework.data.redis.core.RedisHash (preferred), or consider extending one of the following types with your repository: org.springframework.data.keyvalue.repository.KeyValueRepository
2025-06-06 08:43:50,024 INFO o.s.d.r.c.RepositoryConfigurationExtensionSupport [main] Spring Data Redis - Could not safely identify store assignment for repository candidate interface com.school.management.repository.ClassRepository; If you want this repository to be a Redis repository, consider annotating your entities with one of these annotations: org.springframework.data.redis.core.RedisHash (preferred), or consider extending one of the following types with your repository: org.springframework.data.keyvalue.repository.KeyValueRepository
2025-06-06 08:43:50,025 INFO o.s.d.r.c.RepositoryConfigurationExtensionSupport [main] Spring Data Redis - Could not safely identify store assignment for repository candidate interface com.school.management.repository.DocumentRepository; If you want this repository to be a Redis repository, consider annotating your entities with one of these annotations: org.springframework.data.redis.core.RedisHash (preferred), or consider extending one of the following types with your repository: org.springframework.data.keyvalue.repository.KeyValueRepository
2025-06-06 08:43:50,025 INFO o.s.d.r.c.RepositoryConfigurationExtensionSupport [main] Spring Data Redis - Could not safely identify store assignment for repository candidate interface com.school.management.repository.EleveRepository; If you want this repository to be a Redis repository, consider annotating your entities with one of these annotations: org.springframework.data.redis.core.RedisHash (preferred), or consider extending one of the following types with your repository: org.springframework.data.keyvalue.repository.KeyValueRepository
2025-06-06 08:43:50,026 INFO o.s.d.r.c.RepositoryConfigurationExtensionSupport [main] Spring Data Redis - Could not safely identify store assignment for repository candidate interface com.school.management.repository.EnseignantRepository; If you want this repository to be a Redis repository, consider annotating your entities with one of these annotations: org.springframework.data.redis.core.RedisHash (preferred), or consider extending one of the following types with your repository: org.springframework.data.keyvalue.repository.KeyValueRepository
2025-06-06 08:43:50,027 INFO o.s.d.r.c.RepositoryConfigurationExtensionSupport [main] Spring Data Redis - Could not safely identify store assignment for repository candidate interface com.school.management.repository.GradeRepository; If you want this repository to be a Redis repository, consider annotating your entities with one of these annotations: org.springframework.data.redis.core.RedisHash (preferred), or consider extending one of the following types with your repository: org.springframework.data.keyvalue.repository.KeyValueRepository
2025-06-06 08:43:50,028 INFO o.s.d.r.c.RepositoryConfigurationExtensionSupport [main] Spring Data Redis - Could not safely identify store assignment for repository candidate interface com.school.management.repository.LogActiviteRepository; If you want this repository to be a Redis repository, consider annotating your entities with one of these annotations: org.springframework.data.redis.core.RedisHash (preferred), or consider extending one of the following types with your repository: org.springframework.data.keyvalue.repository.KeyValueRepository
2025-06-06 08:43:50,028 INFO o.s.d.r.c.RepositoryConfigurationExtensionSupport [main] Spring Data Redis - Could not safely identify store assignment for repository candidate interface com.school.management.repository.MatiereRepository; If you want this repository to be a Redis repository, consider annotating your entities with one of these annotations: org.springframework.data.redis.core.RedisHash (preferred), or consider extending one of the following types with your repository: org.springframework.data.keyvalue.repository.KeyValueRepository
2025-06-06 08:43:50,029 INFO o.s.d.r.c.RepositoryConfigurationExtensionSupport [main] Spring Data Redis - Could not safely identify store assignment for repository candidate interface com.school.management.repository.NoteRepository; If you want this repository to be a Redis repository, consider annotating your entities with one of these annotations: org.springframework.data.redis.core.RedisHash (preferred), or consider extending one of the following types with your repository: org.springframework.data.keyvalue.repository.KeyValueRepository
2025-06-06 08:43:50,029 INFO o.s.d.r.c.RepositoryConfigurationExtensionSupport [main] Spring Data Redis - Could not safely identify store assignment for repository candidate interface com.school.management.repository.NotificationRepository; If you want this repository to be a Redis repository, consider annotating your entities with one of these annotations: org.springframework.data.redis.core.RedisHash (preferred), or consider extending one of the following types with your repository: org.springframework.data.keyvalue.repository.KeyValueRepository
2025-06-06 08:43:50,029 INFO o.s.d.r.c.RepositoryConfigurationExtensionSupport [main] Spring Data Redis - Could not safely identify store assignment for repository candidate interface com.school.management.repository.PaiementRepository; If you want this repository to be a Redis repository, consider annotating your entities with one of these annotations: org.springframework.data.redis.core.RedisHash (preferred), or consider extending one of the following types with your repository: org.springframework.data.keyvalue.repository.KeyValueRepository
2025-06-06 08:43:50,030 INFO o.s.d.r.c.RepositoryConfigurationExtensionSupport [main] Spring Data Redis - Could not safely identify store assignment for repository candidate interface com.school.management.repository.ProfilUtilisateurRepository; If you want this repository to be a Redis repository, consider annotating your entities with one of these annotations: org.springframework.data.redis.core.RedisHash (preferred), or consider extending one of the following types with your repository: org.springframework.data.keyvalue.repository.KeyValueRepository
2025-06-06 08:43:50,030 INFO o.s.d.r.c.RepositoryConfigurationExtensionSupport [main] Spring Data Redis - Could not safely identify store assignment for repository candidate interface com.school.management.repository.RoleRepository; If you want this repository to be a Redis repository, consider annotating your entities with one of these annotations: org.springframework.data.redis.core.RedisHash (preferred), or consider extending one of the following types with your repository: org.springframework.data.keyvalue.repository.KeyValueRepository
2025-06-06 08:43:50,030 INFO o.s.d.r.c.RepositoryConfigurationExtensionSupport [main] Spring Data Redis - Could not safely identify store assignment for repository candidate interface com.school.management.repository.SectionRepository; If you want this repository to be a Redis repository, consider annotating your entities with one of these annotations: org.springframework.data.redis.core.RedisHash (preferred), or consider extending one of the following types with your repository: org.springframework.data.keyvalue.repository.KeyValueRepository
2025-06-06 08:43:50,031 INFO o.s.d.r.c.RepositoryConfigurationExtensionSupport [main] Spring Data Redis - Could not safely identify store assignment for repository candidate interface com.school.management.repository.SequenceRepository; If you want this repository to be a Redis repository, consider annotating your entities with one of these annotations: org.springframework.data.redis.core.RedisHash (preferred), or consider extending one of the following types with your repository: org.springframework.data.keyvalue.repository.KeyValueRepository
2025-06-06 08:43:50,031 INFO o.s.d.r.c.RepositoryConfigurationExtensionSupport [main] Spring Data Redis - Could not safely identify store assignment for repository candidate interface com.school.management.repository.StatutAnneeRepository; If you want this repository to be a Redis repository, consider annotating your entities with one of these annotations: org.springframework.data.redis.core.RedisHash (preferred), or consider extending one of the following types with your repository: org.springframework.data.keyvalue.repository.KeyValueRepository
2025-06-06 08:43:50,031 INFO o.s.d.r.c.RepositoryConfigurationExtensionSupport [main] Spring Data Redis - Could not safely identify store assignment for repository candidate interface com.school.management.repository.StudentRepository; If you want this repository to be a Redis repository, consider annotating your entities with one of these annotations: org.springframework.data.redis.core.RedisHash (preferred), or consider extending one of the following types with your repository: org.springframework.data.keyvalue.repository.KeyValueRepository
2025-06-06 08:43:50,032 INFO o.s.d.r.c.RepositoryConfigurationExtensionSupport [main] Spring Data Redis - Could not safely identify store assignment for repository candidate interface com.school.management.repository.TrimestreRepository; If you want this repository to be a Redis repository, consider annotating your entities with one of these annotations: org.springframework.data.redis.core.RedisHash (preferred), or consider extending one of the following types with your repository: org.springframework.data.keyvalue.repository.KeyValueRepository
2025-06-06 08:43:50,033 INFO o.s.d.r.c.RepositoryConfigurationExtensionSupport [main] Spring Data Redis - Could not safely identify store assignment for repository candidate interface com.school.management.repository.TypeAffectationRepository; If you want this repository to be a Redis repository, consider annotating your entities with one of these annotations: org.springframework.data.redis.core.RedisHash (preferred), or consider extending one of the following types with your repository: org.springframework.data.keyvalue.repository.KeyValueRepository
2025-06-06 08:43:50,033 INFO o.s.d.r.c.RepositoryConfigurationExtensionSupport [main] Spring Data Redis - Could not safely identify store assignment for repository candidate interface com.school.management.repository.UtilisateurRepository; If you want this repository to be a Redis repository, consider annotating your entities with one of these annotations: org.springframework.data.redis.core.RedisHash (preferred), or consider extending one of the following types with your repository: org.springframework.data.keyvalue.repository.KeyValueRepository
2025-06-06 08:43:50,034 INFO o.s.d.r.c.RepositoryConfigurationDelegate [main] Finished Spring Data repository scanning in 21 ms. Found 0 Redis repository interfaces.
2025-06-06 08:43:51,630 INFO o.s.b.w.e.t.TomcatWebServer [main] Tomcat initialized with port 8080 (http)
2025-06-06 08:43:51,647 INFO o.a.j.l.DirectJDKLog [main] Initializing ProtocolHandler ["http-nio-8080"]
2025-06-06 08:43:51,651 INFO o.a.j.l.DirectJDKLog [main] Starting service [Tomcat]
2025-06-06 08:43:51,652 INFO o.a.j.l.DirectJDKLog [main] Starting Servlet engine: [Apache Tomcat/10.1.24]
2025-06-06 08:43:51,732 INFO o.a.j.l.DirectJDKLog [main] Initializing Spring embedded WebApplicationContext
2025-06-06 08:43:51,733 INFO o.s.b.w.s.c.ServletWebServerApplicationContext [main] Root WebApplicationContext: initialization completed in 4253 ms
2025-06-06 08:43:52,320 INFO o.h.j.i.u.LogHelper [main] HHH000204: Processing PersistenceUnitInfo [name: default]
2025-06-06 08:43:52,444 INFO o.h.Version [main] HHH000412: Hibernate ORM core version 6.5.2.Final
2025-06-06 08:43:52,522 INFO o.h.c.i.RegionFactoryInitiator [main] HHH000026: Second-level cache disabled
2025-06-06 08:43:53,444 INFO o.s.o.j.p.SpringPersistenceUnitInfo [main] No LoadTimeWeaver setup: ignoring JPA class transformer
2025-06-06 08:43:53,765 INFO c.z.h.HikariDataSource [main] HikariPool-1 - Starting...
2025-06-06 08:43:54,688 INFO c.z.h.p.HikariPool [main] HikariPool-1 - Added connection com.mysql.cj.jdbc.ConnectionImpl@72e1e587
2025-06-06 08:43:54,692 INFO c.z.h.HikariDataSource [main] HikariPool-1 - Start completed.
2025-06-06 08:43:54,799 WARN o.h.e.j.d.i.DialectFactoryImpl [main] HHH90000025: MySQL8Dialect does not need to be specified explicitly using 'hibernate.dialect' (remove the property setting and it will be selected by default)
2025-06-06 08:43:54,803 WARN o.h.e.j.d.i.DialectFactoryImpl [main] HHH90000026: MySQL8Dialect has been deprecated; use org.hibernate.dialect.MySQLDialect instead
2025-06-06 08:43:58,069 INFO o.h.e.t.j.p.i.JtaPlatformInitiator [main] HHH000489: No JTA platform available (set 'hibernate.transaction.jta.platform' to enable JTA platform integration)
2025-06-06 08:43:58,302 WARN o.h.t.s.i.ExceptionHandlerLoggedImpl [main] GenerationTarget encountered exception accepting command : Error executing DDL "
    create table notifications (
        id bigint not null auto_increment,
        created_at datetime(6),
        message varchar(255) not null,
        read bit,
        user_id bigint,
        primary key (id)
    ) engine=InnoDB" via JDBC [Erreur de syntaxe près de 'read bit,
        user_id bigint,
        primary key (id)
    ) engine=InnoD' à la ligne 5]
org.hibernate.tool.schema.spi.CommandAcceptanceException: Error executing DDL "
    create table notifications (
        id bigint not null auto_increment,
        created_at datetime(6),
        message varchar(255) not null,
        read bit,
        user_id bigint,
        primary key (id)
    ) engine=InnoDB" via JDBC [Erreur de syntaxe près de 'read bit,
        user_id bigint,
        primary key (id)
    ) engine=InnoD' à la ligne 5]
	at org.hibernate.tool.schema.internal.exec.GenerationTargetToDatabase.accept(GenerationTargetToDatabase.java:94)
	at org.hibernate.tool.schema.internal.AbstractSchemaMigrator.applySqlString(AbstractSchemaMigrator.java:575)
	at org.hibernate.tool.schema.internal.AbstractSchemaMigrator.applySqlStrings(AbstractSchemaMigrator.java:515)
	at org.hibernate.tool.schema.internal.AbstractSchemaMigrator.createTable(AbstractSchemaMigrator.java:315)
	at org.hibernate.tool.schema.internal.GroupedSchemaMigratorImpl.performTablesMigration(GroupedSchemaMigratorImpl.java:80)
	at org.hibernate.tool.schema.internal.AbstractSchemaMigrator.performMigration(AbstractSchemaMigrator.java:232)
	at org.hibernate.tool.schema.internal.AbstractSchemaMigrator.doMigration(AbstractSchemaMigrator.java:117)
	at org.hibernate.tool.schema.spi.SchemaManagementToolCoordinator.performDatabaseAction(SchemaManagementToolCoordinator.java:280)
	at org.hibernate.tool.schema.spi.SchemaManagementToolCoordinator.lambda$process$5(SchemaManagementToolCoordinator.java:144)
	at java.base/java.util.HashMap.forEach(HashMap.java:1429)
	at org.hibernate.tool.schema.spi.SchemaManagementToolCoordinator.process(SchemaManagementToolCoordinator.java:141)
	at org.hibernate.boot.internal.SessionFactoryObserverForSchemaExport.sessionFactoryCreated(SessionFactoryObserverForSchemaExport.java:37)
	at org.hibernate.internal.SessionFactoryObserverChain.sessionFactoryCreated(SessionFactoryObserverChain.java:35)
	at org.hibernate.internal.SessionFactoryImpl.<init>(SessionFactoryImpl.java:322)
	at org.hibernate.boot.internal.SessionFactoryBuilderImpl.build(SessionFactoryBuilderImpl.java:457)
	at org.hibernate.jpa.boot.internal.EntityManagerFactoryBuilderImpl.build(EntityManagerFactoryBuilderImpl.java:1506)
	at org.springframework.orm.jpa.vendor.SpringHibernateJpaPersistenceProvider.createContainerEntityManagerFactory(SpringHibernateJpaPersistenceProvider.java:75)
	at org.springframework.orm.jpa.LocalContainerEntityManagerFactoryBean.createNativeEntityManagerFactory(LocalContainerEntityManagerFactoryBean.java:390)
	at org.springframework.orm.jpa.AbstractEntityManagerFactoryBean.buildNativeEntityManagerFactory(AbstractEntityManagerFactoryBean.java:409)
	at org.springframework.orm.jpa.AbstractEntityManagerFactoryBean.afterPropertiesSet(AbstractEntityManagerFactoryBean.java:396)
	at org.springframework.orm.jpa.LocalContainerEntityManagerFactoryBean.afterPropertiesSet(LocalContainerEntityManagerFactoryBean.java:366)
	at org.springframework.beans.factory.support.AbstractAutowireCapableBeanFactory.invokeInitMethods(AbstractAutowireCapableBeanFactory.java:1835)
	at org.springframework.beans.factory.support.AbstractAutowireCapableBeanFactory.initializeBean(AbstractAutowireCapableBeanFactory.java:1784)
	at org.springframework.beans.factory.support.AbstractAutowireCapableBeanFactory.doCreateBean(AbstractAutowireCapableBeanFactory.java:600)
	at org.springframework.beans.factory.support.AbstractAutowireCapableBeanFactory.createBean(AbstractAutowireCapableBeanFactory.java:522)
	at org.springframework.beans.factory.support.AbstractBeanFactory.lambda$doGetBean$0(AbstractBeanFactory.java:337)
	at org.springframework.beans.factory.support.DefaultSingletonBeanRegistry.getSingleton(DefaultSingletonBeanRegistry.java:234)
	at org.springframework.beans.factory.support.AbstractBeanFactory.doGetBean(AbstractBeanFactory.java:335)
	at org.springframework.beans.factory.support.AbstractBeanFactory.getBean(AbstractBeanFactory.java:205)
	at org.springframework.context.support.AbstractApplicationContext.finishBeanFactoryInitialization(AbstractApplicationContext.java:952)
	at org.springframework.context.support.AbstractApplicationContext.refresh(AbstractApplicationContext.java:624)
	at org.springframework.boot.web.servlet.context.ServletWebServerApplicationContext.refresh(ServletWebServerApplicationContext.java:146)
	at org.springframework.boot.SpringApplication.refresh(SpringApplication.java:754)
	at org.springframework.boot.SpringApplication.refreshContext(SpringApplication.java:456)
	at org.springframework.boot.SpringApplication.run(SpringApplication.java:335)
	at org.springframework.boot.SpringApplication.run(SpringApplication.java:1363)
	at org.springframework.boot.SpringApplication.run(SpringApplication.java:1352)
	at com.school.management.SchoolManagementApplication.main(SchoolManagementApplication.java:11)
Caused by: java.sql.SQLSyntaxErrorException: Erreur de syntaxe près de 'read bit,
        user_id bigint,
        primary key (id)
    ) engine=InnoD' à la ligne 5
	at com.mysql.cj.jdbc.exceptions.SQLError.createSQLException(SQLError.java:121)
	at com.mysql.cj.jdbc.exceptions.SQLExceptionsMapping.translateException(SQLExceptionsMapping.java:122)
	at com.mysql.cj.jdbc.StatementImpl.executeInternal(StatementImpl.java:770)
	at com.mysql.cj.jdbc.StatementImpl.execute(StatementImpl.java:653)
	at com.zaxxer.hikari.pool.ProxyStatement.execute(ProxyStatement.java:94)
	at com.zaxxer.hikari.pool.HikariProxyStatement.execute(HikariProxyStatement.java)
	at org.hibernate.tool.schema.internal.exec.GenerationTargetToDatabase.accept(GenerationTargetToDatabase.java:80)
	... 37 common frames omitted
2025-06-06 08:43:59,115 WARN o.h.t.s.i.ExceptionHandlerLoggedImpl [main] GenerationTarget encountered exception accepting command : Error executing DDL "
    alter table grade 
       add constraint FK65scf5pqiupf01gtvxgf02xfs 
       foreign key (student_id) 
       references utilisateur (id)" via JDBC [Failed to open the referenced table 'utilisateur']
org.hibernate.tool.schema.spi.CommandAcceptanceException: Error executing DDL "
    alter table grade 
       add constraint FK65scf5pqiupf01gtvxgf02xfs 
       foreign key (student_id) 
       references utilisateur (id)" via JDBC [Failed to open the referenced table 'utilisateur']
	at org.hibernate.tool.schema.internal.exec.GenerationTargetToDatabase.accept(GenerationTargetToDatabase.java:94)
	at org.hibernate.tool.schema.internal.AbstractSchemaMigrator.applySqlString(AbstractSchemaMigrator.java:575)
	at org.hibernate.tool.schema.internal.AbstractSchemaMigrator.applySqlStrings(AbstractSchemaMigrator.java:515)
	at org.hibernate.tool.schema.internal.AbstractSchemaMigrator.applyForeignKeys(AbstractSchemaMigrator.java:447)
	at org.hibernate.tool.schema.internal.AbstractSchemaMigrator.performMigration(AbstractSchemaMigrator.java:268)
	at org.hibernate.tool.schema.internal.AbstractSchemaMigrator.doMigration(AbstractSchemaMigrator.java:117)
	at org.hibernate.tool.schema.spi.SchemaManagementToolCoordinator.performDatabaseAction(SchemaManagementToolCoordinator.java:280)
	at org.hibernate.tool.schema.spi.SchemaManagementToolCoordinator.lambda$process$5(SchemaManagementToolCoordinator.java:144)
	at java.base/java.util.HashMap.forEach(HashMap.java:1429)
	at org.hibernate.tool.schema.spi.SchemaManagementToolCoordinator.process(SchemaManagementToolCoordinator.java:141)
	at org.hibernate.boot.internal.SessionFactoryObserverForSchemaExport.sessionFactoryCreated(SessionFactoryObserverForSchemaExport.java:37)
	at org.hibernate.internal.SessionFactoryObserverChain.sessionFactoryCreated(SessionFactoryObserverChain.java:35)
	at org.hibernate.internal.SessionFactoryImpl.<init>(SessionFactoryImpl.java:322)
	at org.hibernate.boot.internal.SessionFactoryBuilderImpl.build(SessionFactoryBuilderImpl.java:457)
	at org.hibernate.jpa.boot.internal.EntityManagerFactoryBuilderImpl.build(EntityManagerFactoryBuilderImpl.java:1506)
	at org.springframework.orm.jpa.vendor.SpringHibernateJpaPersistenceProvider.createContainerEntityManagerFactory(SpringHibernateJpaPersistenceProvider.java:75)
	at org.springframework.orm.jpa.LocalContainerEntityManagerFactoryBean.createNativeEntityManagerFactory(LocalContainerEntityManagerFactoryBean.java:390)
	at org.springframework.orm.jpa.AbstractEntityManagerFactoryBean.buildNativeEntityManagerFactory(AbstractEntityManagerFactoryBean.java:409)
	at org.springframework.orm.jpa.AbstractEntityManagerFactoryBean.afterPropertiesSet(AbstractEntityManagerFactoryBean.java:396)
	at org.springframework.orm.jpa.LocalContainerEntityManagerFactoryBean.afterPropertiesSet(LocalContainerEntityManagerFactoryBean.java:366)
	at org.springframework.beans.factory.support.AbstractAutowireCapableBeanFactory.invokeInitMethods(AbstractAutowireCapableBeanFactory.java:1835)
	at org.springframework.beans.factory.support.AbstractAutowireCapableBeanFactory.initializeBean(AbstractAutowireCapableBeanFactory.java:1784)
	at org.springframework.beans.factory.support.AbstractAutowireCapableBeanFactory.doCreateBean(AbstractAutowireCapableBeanFactory.java:600)
	at org.springframework.beans.factory.support.AbstractAutowireCapableBeanFactory.createBean(AbstractAutowireCapableBeanFactory.java:522)
	at org.springframework.beans.factory.support.AbstractBeanFactory.lambda$doGetBean$0(AbstractBeanFactory.java:337)
	at org.springframework.beans.factory.support.DefaultSingletonBeanRegistry.getSingleton(DefaultSingletonBeanRegistry.java:234)
	at org.springframework.beans.factory.support.AbstractBeanFactory.doGetBean(AbstractBeanFactory.java:335)
	at org.springframework.beans.factory.support.AbstractBeanFactory.getBean(AbstractBeanFactory.java:205)
	at org.springframework.context.support.AbstractApplicationContext.finishBeanFactoryInitialization(AbstractApplicationContext.java:952)
	at org.springframework.context.support.AbstractApplicationContext.refresh(AbstractApplicationContext.java:624)
	at org.springframework.boot.web.servlet.context.ServletWebServerApplicationContext.refresh(ServletWebServerApplicationContext.java:146)
	at org.springframework.boot.SpringApplication.refresh(SpringApplication.java:754)
	at org.springframework.boot.SpringApplication.refreshContext(SpringApplication.java:456)
	at org.springframework.boot.SpringApplication.run(SpringApplication.java:335)
	at org.springframework.boot.SpringApplication.run(SpringApplication.java:1363)
	at org.springframework.boot.SpringApplication.run(SpringApplication.java:1352)
	at com.school.management.SchoolManagementApplication.main(SchoolManagementApplication.java:11)
Caused by: java.sql.SQLException: Failed to open the referenced table 'utilisateur'
	at com.mysql.cj.jdbc.exceptions.SQLError.createSQLException(SQLError.java:130)
	at com.mysql.cj.jdbc.exceptions.SQLExceptionsMapping.translateException(SQLExceptionsMapping.java:122)
	at com.mysql.cj.jdbc.StatementImpl.executeInternal(StatementImpl.java:770)
	at com.mysql.cj.jdbc.StatementImpl.execute(StatementImpl.java:653)
	at com.zaxxer.hikari.pool.ProxyStatement.execute(ProxyStatement.java:94)
	at com.zaxxer.hikari.pool.HikariProxyStatement.execute(HikariProxyStatement.java)
	at org.hibernate.tool.schema.internal.exec.GenerationTargetToDatabase.accept(GenerationTargetToDatabase.java:80)
	... 36 common frames omitted
2025-06-06 08:43:59,517 WARN o.h.t.s.i.ExceptionHandlerLoggedImpl [main] GenerationTarget encountered exception accepting command : Error executing DDL "
    alter table paiements 
       add constraint FKa2gysb7sesilnnjpi0v4ks23c 
       foreign key (eleve_id) 
       references eleve (id)" via JDBC [Failed to open the referenced table 'eleve']
org.hibernate.tool.schema.spi.CommandAcceptanceException: Error executing DDL "
    alter table paiements 
       add constraint FKa2gysb7sesilnnjpi0v4ks23c 
       foreign key (eleve_id) 
       references eleve (id)" via JDBC [Failed to open the referenced table 'eleve']
	at org.hibernate.tool.schema.internal.exec.GenerationTargetToDatabase.accept(GenerationTargetToDatabase.java:94)
	at org.hibernate.tool.schema.internal.AbstractSchemaMigrator.applySqlString(AbstractSchemaMigrator.java:575)
	at org.hibernate.tool.schema.internal.AbstractSchemaMigrator.applySqlStrings(AbstractSchemaMigrator.java:515)
	at org.hibernate.tool.schema.internal.AbstractSchemaMigrator.applyForeignKeys(AbstractSchemaMigrator.java:447)
	at org.hibernate.tool.schema.internal.AbstractSchemaMigrator.performMigration(AbstractSchemaMigrator.java:268)
	at org.hibernate.tool.schema.internal.AbstractSchemaMigrator.doMigration(AbstractSchemaMigrator.java:117)
	at org.hibernate.tool.schema.spi.SchemaManagementToolCoordinator.performDatabaseAction(SchemaManagementToolCoordinator.java:280)
	at org.hibernate.tool.schema.spi.SchemaManagementToolCoordinator.lambda$process$5(SchemaManagementToolCoordinator.java:144)
	at java.base/java.util.HashMap.forEach(HashMap.java:1429)
	at org.hibernate.tool.schema.spi.SchemaManagementToolCoordinator.process(SchemaManagementToolCoordinator.java:141)
	at org.hibernate.boot.internal.SessionFactoryObserverForSchemaExport.sessionFactoryCreated(SessionFactoryObserverForSchemaExport.java:37)
	at org.hibernate.internal.SessionFactoryObserverChain.sessionFactoryCreated(SessionFactoryObserverChain.java:35)
	at org.hibernate.internal.SessionFactoryImpl.<init>(SessionFactoryImpl.java:322)
	at org.hibernate.boot.internal.SessionFactoryBuilderImpl.build(SessionFactoryBuilderImpl.java:457)
	at org.hibernate.jpa.boot.internal.EntityManagerFactoryBuilderImpl.build(EntityManagerFactoryBuilderImpl.java:1506)
	at org.springframework.orm.jpa.vendor.SpringHibernateJpaPersistenceProvider.createContainerEntityManagerFactory(SpringHibernateJpaPersistenceProvider.java:75)
	at org.springframework.orm.jpa.LocalContainerEntityManagerFactoryBean.createNativeEntityManagerFactory(LocalContainerEntityManagerFactoryBean.java:390)
	at org.springframework.orm.jpa.AbstractEntityManagerFactoryBean.buildNativeEntityManagerFactory(AbstractEntityManagerFactoryBean.java:409)
	at org.springframework.orm.jpa.AbstractEntityManagerFactoryBean.afterPropertiesSet(AbstractEntityManagerFactoryBean.java:396)
	at org.springframework.orm.jpa.LocalContainerEntityManagerFactoryBean.afterPropertiesSet(LocalContainerEntityManagerFactoryBean.java:366)
	at org.springframework.beans.factory.support.AbstractAutowireCapableBeanFactory.invokeInitMethods(AbstractAutowireCapableBeanFactory.java:1835)
	at org.springframework.beans.factory.support.AbstractAutowireCapableBeanFactory.initializeBean(AbstractAutowireCapableBeanFactory.java:1784)
	at org.springframework.beans.factory.support.AbstractAutowireCapableBeanFactory.doCreateBean(AbstractAutowireCapableBeanFactory.java:600)
	at org.springframework.beans.factory.support.AbstractAutowireCapableBeanFactory.createBean(AbstractAutowireCapableBeanFactory.java:522)
	at org.springframework.beans.factory.support.AbstractBeanFactory.lambda$doGetBean$0(AbstractBeanFactory.java:337)
	at org.springframework.beans.factory.support.DefaultSingletonBeanRegistry.getSingleton(DefaultSingletonBeanRegistry.java:234)
	at org.springframework.beans.factory.support.AbstractBeanFactory.doGetBean(AbstractBeanFactory.java:335)
	at org.springframework.beans.factory.support.AbstractBeanFactory.getBean(AbstractBeanFactory.java:205)
	at org.springframework.context.support.AbstractApplicationContext.finishBeanFactoryInitialization(AbstractApplicationContext.java:952)
	at org.springframework.context.support.AbstractApplicationContext.refresh(AbstractApplicationContext.java:624)
	at org.springframework.boot.web.servlet.context.ServletWebServerApplicationContext.refresh(ServletWebServerApplicationContext.java:146)
	at org.springframework.boot.SpringApplication.refresh(SpringApplication.java:754)
	at org.springframework.boot.SpringApplication.refreshContext(SpringApplication.java:456)
	at org.springframework.boot.SpringApplication.run(SpringApplication.java:335)
	at org.springframework.boot.SpringApplication.run(SpringApplication.java:1363)
	at org.springframework.boot.SpringApplication.run(SpringApplication.java:1352)
	at com.school.management.SchoolManagementApplication.main(SchoolManagementApplication.java:11)
Caused by: java.sql.SQLException: Failed to open the referenced table 'eleve'
	at com.mysql.cj.jdbc.exceptions.SQLError.createSQLException(SQLError.java:130)
	at com.mysql.cj.jdbc.exceptions.SQLExceptionsMapping.translateException(SQLExceptionsMapping.java:122)
	at com.mysql.cj.jdbc.StatementImpl.executeInternal(StatementImpl.java:770)
	at com.mysql.cj.jdbc.StatementImpl.execute(StatementImpl.java:653)
	at com.zaxxer.hikari.pool.ProxyStatement.execute(ProxyStatement.java:94)
	at com.zaxxer.hikari.pool.HikariProxyStatement.execute(HikariProxyStatement.java)
	at org.hibernate.tool.schema.internal.exec.GenerationTargetToDatabase.accept(GenerationTargetToDatabase.java:80)
	... 36 common frames omitted
2025-06-06 08:43:59,677 WARN o.h.t.s.i.ExceptionHandlerLoggedImpl [main] GenerationTarget encountered exception accepting command : Error executing DDL "
    alter table student_progress_report 
       add constraint FKa399yrjjpj6y3idqg9q5594n 
       foreign key (student_id) 
       references utilisateur (id)" via JDBC [Failed to open the referenced table 'utilisateur']
org.hibernate.tool.schema.spi.CommandAcceptanceException: Error executing DDL "
    alter table student_progress_report 
       add constraint FKa399yrjjpj6y3idqg9q5594n 
       foreign key (student_id) 
       references utilisateur (id)" via JDBC [Failed to open the referenced table 'utilisateur']
	at org.hibernate.tool.schema.internal.exec.GenerationTargetToDatabase.accept(GenerationTargetToDatabase.java:94)
	at org.hibernate.tool.schema.internal.AbstractSchemaMigrator.applySqlString(AbstractSchemaMigrator.java:575)
	at org.hibernate.tool.schema.internal.AbstractSchemaMigrator.applySqlStrings(AbstractSchemaMigrator.java:515)
	at org.hibernate.tool.schema.internal.AbstractSchemaMigrator.applyForeignKeys(AbstractSchemaMigrator.java:447)
	at org.hibernate.tool.schema.internal.AbstractSchemaMigrator.performMigration(AbstractSchemaMigrator.java:268)
	at org.hibernate.tool.schema.internal.AbstractSchemaMigrator.doMigration(AbstractSchemaMigrator.java:117)
	at org.hibernate.tool.schema.spi.SchemaManagementToolCoordinator.performDatabaseAction(SchemaManagementToolCoordinator.java:280)
	at org.hibernate.tool.schema.spi.SchemaManagementToolCoordinator.lambda$process$5(SchemaManagementToolCoordinator.java:144)
	at java.base/java.util.HashMap.forEach(HashMap.java:1429)
	at org.hibernate.tool.schema.spi.SchemaManagementToolCoordinator.process(SchemaManagementToolCoordinator.java:141)
	at org.hibernate.boot.internal.SessionFactoryObserverForSchemaExport.sessionFactoryCreated(SessionFactoryObserverForSchemaExport.java:37)
	at org.hibernate.internal.SessionFactoryObserverChain.sessionFactoryCreated(SessionFactoryObserverChain.java:35)
	at org.hibernate.internal.SessionFactoryImpl.<init>(SessionFactoryImpl.java:322)
	at org.hibernate.boot.internal.SessionFactoryBuilderImpl.build(SessionFactoryBuilderImpl.java:457)
	at org.hibernate.jpa.boot.internal.EntityManagerFactoryBuilderImpl.build(EntityManagerFactoryBuilderImpl.java:1506)
	at org.springframework.orm.jpa.vendor.SpringHibernateJpaPersistenceProvider.createContainerEntityManagerFactory(SpringHibernateJpaPersistenceProvider.java:75)
	at org.springframework.orm.jpa.LocalContainerEntityManagerFactoryBean.createNativeEntityManagerFactory(LocalContainerEntityManagerFactoryBean.java:390)
	at org.springframework.orm.jpa.AbstractEntityManagerFactoryBean.buildNativeEntityManagerFactory(AbstractEntityManagerFactoryBean.java:409)
	at org.springframework.orm.jpa.AbstractEntityManagerFactoryBean.afterPropertiesSet(AbstractEntityManagerFactoryBean.java:396)
	at org.springframework.orm.jpa.LocalContainerEntityManagerFactoryBean.afterPropertiesSet(LocalContainerEntityManagerFactoryBean.java:366)
	at org.springframework.beans.factory.support.AbstractAutowireCapableBeanFactory.invokeInitMethods(AbstractAutowireCapableBeanFactory.java:1835)
	at org.springframework.beans.factory.support.AbstractAutowireCapableBeanFactory.initializeBean(AbstractAutowireCapableBeanFactory.java:1784)
	at org.springframework.beans.factory.support.AbstractAutowireCapableBeanFactory.doCreateBean(AbstractAutowireCapableBeanFactory.java:600)
	at org.springframework.beans.factory.support.AbstractAutowireCapableBeanFactory.createBean(AbstractAutowireCapableBeanFactory.java:522)
	at org.springframework.beans.factory.support.AbstractBeanFactory.lambda$doGetBean$0(AbstractBeanFactory.java:337)
	at org.springframework.beans.factory.support.DefaultSingletonBeanRegistry.getSingleton(DefaultSingletonBeanRegistry.java:234)
	at org.springframework.beans.factory.support.AbstractBeanFactory.doGetBean(AbstractBeanFactory.java:335)
	at org.springframework.beans.factory.support.AbstractBeanFactory.getBean(AbstractBeanFactory.java:205)
	at org.springframework.context.support.AbstractApplicationContext.finishBeanFactoryInitialization(AbstractApplicationContext.java:952)
	at org.springframework.context.support.AbstractApplicationContext.refresh(AbstractApplicationContext.java:624)
	at org.springframework.boot.web.servlet.context.ServletWebServerApplicationContext.refresh(ServletWebServerApplicationContext.java:146)
	at org.springframework.boot.SpringApplication.refresh(SpringApplication.java:754)
	at org.springframework.boot.SpringApplication.refreshContext(SpringApplication.java:456)
	at org.springframework.boot.SpringApplication.run(SpringApplication.java:335)
	at org.springframework.boot.SpringApplication.run(SpringApplication.java:1363)
	at org.springframework.boot.SpringApplication.run(SpringApplication.java:1352)
	at com.school.management.SchoolManagementApplication.main(SchoolManagementApplication.java:11)
Caused by: java.sql.SQLException: Failed to open the referenced table 'utilisateur'
	at com.mysql.cj.jdbc.exceptions.SQLError.createSQLException(SQLError.java:130)
	at com.mysql.cj.jdbc.exceptions.SQLExceptionsMapping.translateException(SQLExceptionsMapping.java:122)
	at com.mysql.cj.jdbc.StatementImpl.executeInternal(StatementImpl.java:770)
	at com.mysql.cj.jdbc.StatementImpl.execute(StatementImpl.java:653)
	at com.zaxxer.hikari.pool.ProxyStatement.execute(ProxyStatement.java:94)
	at com.zaxxer.hikari.pool.HikariProxyStatement.execute(HikariProxyStatement.java)
	at org.hibernate.tool.schema.internal.exec.GenerationTargetToDatabase.accept(GenerationTargetToDatabase.java:80)
	... 36 common frames omitted
2025-06-06 08:43:59,877 INFO o.s.o.j.AbstractEntityManagerFactoryBean [main] Initialized JPA EntityManagerFactory for persistence unit 'default'
2025-06-06 08:44:01,171 WARN o.s.c.s.AbstractApplicationContext [main] Exception encountered during context initialization - cancelling refresh attempt: org.springframework.beans.factory.UnsatisfiedDependencyException: Error creating bean with name 'gradeController' defined in file [C:\Users\GLOBAL STORE\Documents\Primary-School\backend\build\classes\java\main\com\school\management\controller\GradeController.class]: Unsatisfied dependency expressed through constructor parameter 0: Error creating bean with name 'gradeService' defined in file [C:\Users\GLOBAL STORE\Documents\Primary-School\backend\build\classes\java\main\com\school\management\service\GradeService.class]: Unsatisfied dependency expressed through constructor parameter 0: Error creating bean with name 'noteRepository' defined in com.school.management.repository.NoteRepository defined in @EnableJpaRepositories declared on JpaRepositoriesRegistrar.EnableJpaRepositoriesConfiguration: Could not create query for public abstract org.springframework.data.domain.Page com.school.management.repository.NoteRepository.findByClasseIdAndPeriod(java.lang.Long,java.lang.String,org.springframework.data.domain.Pageable); Reason: Failed to create query for method public abstract org.springframework.data.domain.Page com.school.management.repository.NoteRepository.findByClasseIdAndPeriod(java.lang.Long,java.lang.String,org.springframework.data.domain.Pageable); No property 'classeId' found for type 'Note'
2025-06-06 08:44:01,172 INFO o.s.o.j.AbstractEntityManagerFactoryBean [main] Closing JPA EntityManagerFactory for persistence unit 'default'
2025-06-06 08:44:01,176 INFO c.z.h.HikariDataSource [main] HikariPool-1 - Shutdown initiated...
2025-06-06 08:44:01,185 INFO c.z.h.HikariDataSource [main] HikariPool-1 - Shutdown completed.
2025-06-06 08:44:01,187 INFO o.a.j.l.DirectJDKLog [main] Stopping service [Tomcat]
2025-06-06 08:44:01,218 INFO o.s.b.a.l.ConditionEvaluationReportLogger [main] 

Error starting ApplicationContext. To display the condition evaluation report re-run your application with 'debug' enabled.
2025-06-06 08:44:01,254 ERROR o.s.b.SpringApplication [main] Application run failed
org.springframework.beans.factory.UnsatisfiedDependencyException: Error creating bean with name 'gradeController' defined in file [C:\Users\GLOBAL STORE\Documents\Primary-School\backend\build\classes\java\main\com\school\management\controller\GradeController.class]: Unsatisfied dependency expressed through constructor parameter 0: Error creating bean with name 'gradeService' defined in file [C:\Users\GLOBAL STORE\Documents\Primary-School\backend\build\classes\java\main\com\school\management\service\GradeService.class]: Unsatisfied dependency expressed through constructor parameter 0: Error creating bean with name 'noteRepository' defined in com.school.management.repository.NoteRepository defined in @EnableJpaRepositories declared on JpaRepositoriesRegistrar.EnableJpaRepositoriesConfiguration: Could not create query for public abstract org.springframework.data.domain.Page com.school.management.repository.NoteRepository.findByClasseIdAndPeriod(java.lang.Long,java.lang.String,org.springframework.data.domain.Pageable); Reason: Failed to create query for method public abstract org.springframework.data.domain.Page com.school.management.repository.NoteRepository.findByClasseIdAndPeriod(java.lang.Long,java.lang.String,org.springframework.data.domain.Pageable); No property 'classeId' found for type 'Note'
	at org.springframework.beans.factory.support.ConstructorResolver.createArgumentArray(ConstructorResolver.java:795)
	at org.springframework.beans.factory.support.ConstructorResolver.autowireConstructor(ConstructorResolver.java:237)
	at org.springframework.beans.factory.support.AbstractAutowireCapableBeanFactory.autowireConstructor(AbstractAutowireCapableBeanFactory.java:1357)
	at org.springframework.beans.factory.support.AbstractAutowireCapableBeanFactory.createBeanInstance(AbstractAutowireCapableBeanFactory.java:1194)
	at org.springframework.beans.factory.support.AbstractAutowireCapableBeanFactory.doCreateBean(AbstractAutowireCapableBeanFactory.java:562)
	at org.springframework.beans.factory.support.AbstractAutowireCapableBeanFactory.createBean(AbstractAutowireCapableBeanFactory.java:522)
	at org.springframework.beans.factory.support.AbstractBeanFactory.lambda$doGetBean$0(AbstractBeanFactory.java:337)
	at org.springframework.beans.factory.support.DefaultSingletonBeanRegistry.getSingleton(DefaultSingletonBeanRegistry.java:234)
	at org.springframework.beans.factory.support.AbstractBeanFactory.doGetBean(AbstractBeanFactory.java:335)
	at org.springframework.beans.factory.support.AbstractBeanFactory.getBean(AbstractBeanFactory.java:200)
	at org.springframework.beans.factory.support.DefaultListableBeanFactory.preInstantiateSingletons(DefaultListableBeanFactory.java:975)
	at org.springframework.context.support.AbstractApplicationContext.finishBeanFactoryInitialization(AbstractApplicationContext.java:962)
	at org.springframework.context.support.AbstractApplicationContext.refresh(AbstractApplicationContext.java:624)
	at org.springframework.boot.web.servlet.context.ServletWebServerApplicationContext.refresh(ServletWebServerApplicationContext.java:146)
	at org.springframework.boot.SpringApplication.refresh(SpringApplication.java:754)
	at org.springframework.boot.SpringApplication.refreshContext(SpringApplication.java:456)
	at org.springframework.boot.SpringApplication.run(SpringApplication.java:335)
	at org.springframework.boot.SpringApplication.run(SpringApplication.java:1363)
	at org.springframework.boot.SpringApplication.run(SpringApplication.java:1352)
	at com.school.management.SchoolManagementApplication.main(SchoolManagementApplication.java:11)
Caused by: org.springframework.beans.factory.UnsatisfiedDependencyException: Error creating bean with name 'gradeService' defined in file [C:\Users\GLOBAL STORE\Documents\Primary-School\backend\build\classes\java\main\com\school\management\service\GradeService.class]: Unsatisfied dependency expressed through constructor parameter 0: Error creating bean with name 'noteRepository' defined in com.school.management.repository.NoteRepository defined in @EnableJpaRepositories declared on JpaRepositoriesRegistrar.EnableJpaRepositoriesConfiguration: Could not create query for public abstract org.springframework.data.domain.Page com.school.management.repository.NoteRepository.findByClasseIdAndPeriod(java.lang.Long,java.lang.String,org.springframework.data.domain.Pageable); Reason: Failed to create query for method public abstract org.springframework.data.domain.Page com.school.management.repository.NoteRepository.findByClasseIdAndPeriod(java.lang.Long,java.lang.String,org.springframework.data.domain.Pageable); No property 'classeId' found for type 'Note'
	at org.springframework.beans.factory.support.ConstructorResolver.createArgumentArray(ConstructorResolver.java:795)
	at org.springframework.beans.factory.support.ConstructorResolver.autowireConstructor(ConstructorResolver.java:237)
	at org.springframework.beans.factory.support.AbstractAutowireCapableBeanFactory.autowireConstructor(AbstractAutowireCapableBeanFactory.java:1357)
	at org.springframework.beans.factory.support.AbstractAutowireCapableBeanFactory.createBeanInstance(AbstractAutowireCapableBeanFactory.java:1194)
	at org.springframework.beans.factory.support.AbstractAutowireCapableBeanFactory.doCreateBean(AbstractAutowireCapableBeanFactory.java:562)
	at org.springframework.beans.factory.support.AbstractAutowireCapableBeanFactory.createBean(AbstractAutowireCapableBeanFactory.java:522)
	at org.springframework.beans.factory.support.AbstractBeanFactory.lambda$doGetBean$0(AbstractBeanFactory.java:337)
	at org.springframework.beans.factory.support.DefaultSingletonBeanRegistry.getSingleton(DefaultSingletonBeanRegistry.java:234)
	at org.springframework.beans.factory.support.AbstractBeanFactory.doGetBean(AbstractBeanFactory.java:335)
	at org.springframework.beans.factory.support.AbstractBeanFactory.getBean(AbstractBeanFactory.java:200)
	at org.springframework.beans.factory.config.DependencyDescriptor.resolveCandidate(DependencyDescriptor.java:254)
	at org.springframework.beans.factory.support.DefaultListableBeanFactory.doResolveDependency(DefaultListableBeanFactory.java:1443)
	at org.springframework.beans.factory.support.DefaultListableBeanFactory.resolveDependency(DefaultListableBeanFactory.java:1353)
	at org.springframework.beans.factory.support.ConstructorResolver.resolveAutowiredArgument(ConstructorResolver.java:904)
	at org.springframework.beans.factory.support.ConstructorResolver.createArgumentArray(ConstructorResolver.java:782)
	... 19 common frames omitted
Caused by: org.springframework.beans.factory.BeanCreationException: Error creating bean with name 'noteRepository' defined in com.school.management.repository.NoteRepository defined in @EnableJpaRepositories declared on JpaRepositoriesRegistrar.EnableJpaRepositoriesConfiguration: Could not create query for public abstract org.springframework.data.domain.Page com.school.management.repository.NoteRepository.findByClasseIdAndPeriod(java.lang.Long,java.lang.String,org.springframework.data.domain.Pageable); Reason: Failed to create query for method public abstract org.springframework.data.domain.Page com.school.management.repository.NoteRepository.findByClasseIdAndPeriod(java.lang.Long,java.lang.String,org.springframework.data.domain.Pageable); No property 'classeId' found for type 'Note'
	at org.springframework.beans.factory.support.AbstractAutowireCapableBeanFactory.initializeBean(AbstractAutowireCapableBeanFactory.java:1788)
	at org.springframework.beans.factory.support.AbstractAutowireCapableBeanFactory.doCreateBean(AbstractAutowireCapableBeanFactory.java:600)
	at org.springframework.beans.factory.support.AbstractAutowireCapableBeanFactory.createBean(AbstractAutowireCapableBeanFactory.java:522)
	at org.springframework.beans.factory.support.AbstractBeanFactory.lambda$doGetBean$0(AbstractBeanFactory.java:337)
	at org.springframework.beans.factory.support.DefaultSingletonBeanRegistry.getSingleton(DefaultSingletonBeanRegistry.java:234)
	at org.springframework.beans.factory.support.AbstractBeanFactory.doGetBean(AbstractBeanFactory.java:335)
	at org.springframework.beans.factory.support.AbstractBeanFactory.getBean(AbstractBeanFactory.java:200)
	at org.springframework.beans.factory.config.DependencyDescriptor.resolveCandidate(DependencyDescriptor.java:254)
	at org.springframework.beans.factory.support.DefaultListableBeanFactory.doResolveDependency(DefaultListableBeanFactory.java:1443)
	at org.springframework.beans.factory.support.DefaultListableBeanFactory.resolveDependency(DefaultListableBeanFactory.java:1353)
	at org.springframework.beans.factory.support.ConstructorResolver.resolveAutowiredArgument(ConstructorResolver.java:904)
	at org.springframework.beans.factory.support.ConstructorResolver.createArgumentArray(ConstructorResolver.java:782)
	... 33 common frames omitted
Caused by: org.springframework.data.repository.query.QueryCreationException: Could not create query for public abstract org.springframework.data.domain.Page com.school.management.repository.NoteRepository.findByClasseIdAndPeriod(java.lang.Long,java.lang.String,org.springframework.data.domain.Pageable); Reason: Failed to create query for method public abstract org.springframework.data.domain.Page com.school.management.repository.NoteRepository.findByClasseIdAndPeriod(java.lang.Long,java.lang.String,org.springframework.data.domain.Pageable); No property 'classeId' found for type 'Note'
	at org.springframework.data.repository.query.QueryCreationException.create(QueryCreationException.java:101)
	at org.springframework.data.repository.core.support.QueryExecutorMethodInterceptor.lookupQuery(QueryExecutorMethodInterceptor.java:115)
	at org.springframework.data.repository.core.support.QueryExecutorMethodInterceptor.mapMethodsToQuery(QueryExecutorMethodInterceptor.java:99)
	at org.springframework.data.repository.core.support.QueryExecutorMethodInterceptor.lambda$new$0(QueryExecutorMethodInterceptor.java:88)
	at java.base/java.util.Optional.map(Optional.java:260)
	at org.springframework.data.repository.core.support.QueryExecutorMethodInterceptor.<init>(QueryExecutorMethodInterceptor.java:88)
	at org.springframework.data.repository.core.support.RepositoryFactorySupport.getRepository(RepositoryFactorySupport.java:357)
	at org.springframework.data.repository.core.support.RepositoryFactoryBeanSupport.lambda$afterPropertiesSet$5(RepositoryFactoryBeanSupport.java:286)
	at org.springframework.data.util.Lazy.getNullable(Lazy.java:135)
	at org.springframework.data.util.Lazy.get(Lazy.java:113)
	at org.springframework.data.repository.core.support.RepositoryFactoryBeanSupport.afterPropertiesSet(RepositoryFactoryBeanSupport.java:292)
	at org.springframework.data.jpa.repository.support.JpaRepositoryFactoryBean.afterPropertiesSet(JpaRepositoryFactoryBean.java:132)
	at org.springframework.beans.factory.support.AbstractAutowireCapableBeanFactory.invokeInitMethods(AbstractAutowireCapableBeanFactory.java:1835)
	at org.springframework.beans.factory.support.AbstractAutowireCapableBeanFactory.initializeBean(AbstractAutowireCapableBeanFactory.java:1784)
	... 44 common frames omitted
Caused by: java.lang.IllegalArgumentException: Failed to create query for method public abstract org.springframework.data.domain.Page com.school.management.repository.NoteRepository.findByClasseIdAndPeriod(java.lang.Long,java.lang.String,org.springframework.data.domain.Pageable); No property 'classeId' found for type 'Note'
	at org.springframework.data.jpa.repository.query.PartTreeJpaQuery.<init>(PartTreeJpaQuery.java:106)
	at org.springframework.data.jpa.repository.query.JpaQueryLookupStrategy$CreateQueryLookupStrategy.resolveQuery(JpaQueryLookupStrategy.java:124)
	at org.springframework.data.jpa.repository.query.JpaQueryLookupStrategy$CreateIfNotFoundQueryLookupStrategy.resolveQuery(JpaQueryLookupStrategy.java:258)
	at org.springframework.data.jpa.repository.query.JpaQueryLookupStrategy$AbstractQueryLookupStrategy.resolveQuery(JpaQueryLookupStrategy.java:95)
	at org.springframework.data.repository.core.support.QueryExecutorMethodInterceptor.lookupQuery(QueryExecutorMethodInterceptor.java:111)
	... 56 common frames omitted
Caused by: org.springframework.data.mapping.PropertyReferenceException: No property 'classeId' found for type 'Note'
	at org.springframework.data.mapping.PropertyPath.<init>(PropertyPath.java:94)
	at org.springframework.data.mapping.PropertyPath.create(PropertyPath.java:455)
	at org.springframework.data.mapping.PropertyPath.create(PropertyPath.java:431)
	at org.springframework.data.mapping.PropertyPath.lambda$from$0(PropertyPath.java:384)
	at java.base/java.util.concurrent.ConcurrentMap.computeIfAbsent(ConcurrentMap.java:330)
	at org.springframework.data.mapping.PropertyPath.from(PropertyPath.java:366)
	at org.springframework.data.mapping.PropertyPath.from(PropertyPath.java:344)
	at org.springframework.data.repository.query.parser.Part.<init>(Part.java:81)
	at org.springframework.data.repository.query.parser.PartTree$OrPart.lambda$new$0(PartTree.java:259)
	at java.base/java.util.stream.ReferencePipeline$3$1.accept(ReferencePipeline.java:197)
	at java.base/java.util.stream.ReferencePipeline$2$1.accept(ReferencePipeline.java:179)
	at java.base/java.util.Spliterators$ArraySpliterator.forEachRemaining(Spliterators.java:1024)
	at java.base/java.util.stream.AbstractPipeline.copyInto(AbstractPipeline.java:509)
	at java.base/java.util.stream.AbstractPipeline.wrapAndCopyInto(AbstractPipeline.java:499)
	at java.base/java.util.stream.ReduceOps$ReduceOp.evaluateSequential(ReduceOps.java:921)
	at java.base/java.util.stream.AbstractPipeline.evaluate(AbstractPipeline.java:234)
	at java.base/java.util.stream.ReferencePipeline.collect(ReferencePipeline.java:682)
	at org.springframework.data.repository.query.parser.PartTree$OrPart.<init>(PartTree.java:260)
	at org.springframework.data.repository.query.parser.PartTree$Predicate.lambda$new$0(PartTree.java:389)
	at java.base/java.util.stream.ReferencePipeline$3$1.accept(ReferencePipeline.java:197)
	at java.base/java.util.stream.ReferencePipeline$2$1.accept(ReferencePipeline.java:179)
	at java.base/java.util.Spliterators$ArraySpliterator.forEachRemaining(Spliterators.java:1024)
	at java.base/java.util.stream.AbstractPipeline.copyInto(AbstractPipeline.java:509)
	at java.base/java.util.stream.AbstractPipeline.wrapAndCopyInto(AbstractPipeline.java:499)
	at java.base/java.util.stream.ReduceOps$ReduceOp.evaluateSequential(ReduceOps.java:921)
	at java.base/java.util.stream.AbstractPipeline.evaluate(AbstractPipeline.java:234)
	at java.base/java.util.stream.ReferencePipeline.collect(ReferencePipeline.java:682)
	at org.springframework.data.repository.query.parser.PartTree$Predicate.<init>(PartTree.java:390)
	at org.springframework.data.repository.query.parser.PartTree.<init>(PartTree.java:103)
	at org.springframework.data.jpa.repository.query.PartTreeJpaQuery.<init>(PartTreeJpaQuery.java:100)
	... 60 common frames omitted
2025-06-06 08:52:43,426 INFO o.h.v.i.u.Version [background-preinit] HV000001: Hibernate Validator 8.0.1.Final
2025-06-06 08:52:43,688 INFO o.s.b.StartupInfoLogger [main] Starting SchoolManagementApplication using Java 21.0.6 with PID 7772 (C:\Users\GLOBAL STORE\Documents\Primary-School\backend\build\classes\java\main started by GLOBAL STORE in C:\Users\GLOBAL STORE\Documents\Primary-School\backend)
2025-06-06 08:52:43,689 DEBUG o.s.b.StartupInfoLogger [main] Running with Spring Boot v3.3.0, Spring v6.1.8
2025-06-06 08:52:43,691 INFO o.s.b.SpringApplication [main] No active profile set, falling back to 1 default profile: "default"
2025-06-06 08:52:49,120 INFO o.s.d.r.c.RepositoryConfigurationDelegate [main] Multiple Spring Data modules found, entering strict repository configuration mode
2025-06-06 08:52:49,127 INFO o.s.d.r.c.RepositoryConfigurationDelegate [main] Bootstrapping Spring Data JPA repositories in DEFAULT mode.
2025-06-06 08:52:49,757 INFO o.s.d.r.c.RepositoryConfigurationDelegate [main] Finished Spring Data repository scanning in 606 ms. Found 22 JPA repository interfaces.
2025-06-06 08:52:49,801 INFO o.s.d.r.c.RepositoryConfigurationDelegate [main] Multiple Spring Data modules found, entering strict repository configuration mode
2025-06-06 08:52:49,804 INFO o.s.d.r.c.RepositoryConfigurationDelegate [main] Bootstrapping Spring Data Redis repositories in DEFAULT mode.
2025-06-06 08:52:49,856 INFO o.s.d.r.c.RepositoryConfigurationExtensionSupport [main] Spring Data Redis - Could not safely identify store assignment for repository candidate interface com.school.management.repository.AffectationRepository; If you want this repository to be a Redis repository, consider annotating your entities with one of these annotations: org.springframework.data.redis.core.RedisHash (preferred), or consider extending one of the following types with your repository: org.springframework.data.keyvalue.repository.KeyValueRepository
2025-06-06 08:52:49,857 INFO o.s.d.r.c.RepositoryConfigurationExtensionSupport [main] Spring Data Redis - Could not safely identify store assignment for repository candidate interface com.school.management.repository.AnneeScolaireRepository; If you want this repository to be a Redis repository, consider annotating your entities with one of these annotations: org.springframework.data.redis.core.RedisHash (preferred), or consider extending one of the following types with your repository: org.springframework.data.keyvalue.repository.KeyValueRepository
2025-06-06 08:52:49,858 INFO o.s.d.r.c.RepositoryConfigurationExtensionSupport [main] Spring Data Redis - Could not safely identify store assignment for repository candidate interface com.school.management.repository.ClasseRepository; If you want this repository to be a Redis repository, consider annotating your entities with one of these annotations: org.springframework.data.redis.core.RedisHash (preferred), or consider extending one of the following types with your repository: org.springframework.data.keyvalue.repository.KeyValueRepository
2025-06-06 08:52:49,858 INFO o.s.d.r.c.RepositoryConfigurationExtensionSupport [main] Spring Data Redis - Could not safely identify store assignment for repository candidate interface com.school.management.repository.ClassRepository; If you want this repository to be a Redis repository, consider annotating your entities with one of these annotations: org.springframework.data.redis.core.RedisHash (preferred), or consider extending one of the following types with your repository: org.springframework.data.keyvalue.repository.KeyValueRepository
2025-06-06 08:52:49,859 INFO o.s.d.r.c.RepositoryConfigurationExtensionSupport [main] Spring Data Redis - Could not safely identify store assignment for repository candidate interface com.school.management.repository.DocumentRepository; If you want this repository to be a Redis repository, consider annotating your entities with one of these annotations: org.springframework.data.redis.core.RedisHash (preferred), or consider extending one of the following types with your repository: org.springframework.data.keyvalue.repository.KeyValueRepository
2025-06-06 08:52:49,859 INFO o.s.d.r.c.RepositoryConfigurationExtensionSupport [main] Spring Data Redis - Could not safely identify store assignment for repository candidate interface com.school.management.repository.EleveRepository; If you want this repository to be a Redis repository, consider annotating your entities with one of these annotations: org.springframework.data.redis.core.RedisHash (preferred), or consider extending one of the following types with your repository: org.springframework.data.keyvalue.repository.KeyValueRepository
2025-06-06 08:52:49,860 INFO o.s.d.r.c.RepositoryConfigurationExtensionSupport [main] Spring Data Redis - Could not safely identify store assignment for repository candidate interface com.school.management.repository.EnseignantRepository; If you want this repository to be a Redis repository, consider annotating your entities with one of these annotations: org.springframework.data.redis.core.RedisHash (preferred), or consider extending one of the following types with your repository: org.springframework.data.keyvalue.repository.KeyValueRepository
2025-06-06 08:52:49,862 INFO o.s.d.r.c.RepositoryConfigurationExtensionSupport [main] Spring Data Redis - Could not safely identify store assignment for repository candidate interface com.school.management.repository.GradeRepository; If you want this repository to be a Redis repository, consider annotating your entities with one of these annotations: org.springframework.data.redis.core.RedisHash (preferred), or consider extending one of the following types with your repository: org.springframework.data.keyvalue.repository.KeyValueRepository
2025-06-06 08:52:49,862 INFO o.s.d.r.c.RepositoryConfigurationExtensionSupport [main] Spring Data Redis - Could not safely identify store assignment for repository candidate interface com.school.management.repository.LogActiviteRepository; If you want this repository to be a Redis repository, consider annotating your entities with one of these annotations: org.springframework.data.redis.core.RedisHash (preferred), or consider extending one of the following types with your repository: org.springframework.data.keyvalue.repository.KeyValueRepository
2025-06-06 08:52:49,863 INFO o.s.d.r.c.RepositoryConfigurationExtensionSupport [main] Spring Data Redis - Could not safely identify store assignment for repository candidate interface com.school.management.repository.MatiereRepository; If you want this repository to be a Redis repository, consider annotating your entities with one of these annotations: org.springframework.data.redis.core.RedisHash (preferred), or consider extending one of the following types with your repository: org.springframework.data.keyvalue.repository.KeyValueRepository
2025-06-06 08:52:49,864 INFO o.s.d.r.c.RepositoryConfigurationExtensionSupport [main] Spring Data Redis - Could not safely identify store assignment for repository candidate interface com.school.management.repository.NoteRepository; If you want this repository to be a Redis repository, consider annotating your entities with one of these annotations: org.springframework.data.redis.core.RedisHash (preferred), or consider extending one of the following types with your repository: org.springframework.data.keyvalue.repository.KeyValueRepository
2025-06-06 08:52:49,865 INFO o.s.d.r.c.RepositoryConfigurationExtensionSupport [main] Spring Data Redis - Could not safely identify store assignment for repository candidate interface com.school.management.repository.NotificationRepository; If you want this repository to be a Redis repository, consider annotating your entities with one of these annotations: org.springframework.data.redis.core.RedisHash (preferred), or consider extending one of the following types with your repository: org.springframework.data.keyvalue.repository.KeyValueRepository
2025-06-06 08:52:49,865 INFO o.s.d.r.c.RepositoryConfigurationExtensionSupport [main] Spring Data Redis - Could not safely identify store assignment for repository candidate interface com.school.management.repository.PaiementRepository; If you want this repository to be a Redis repository, consider annotating your entities with one of these annotations: org.springframework.data.redis.core.RedisHash (preferred), or consider extending one of the following types with your repository: org.springframework.data.keyvalue.repository.KeyValueRepository
2025-06-06 08:52:49,866 INFO o.s.d.r.c.RepositoryConfigurationExtensionSupport [main] Spring Data Redis - Could not safely identify store assignment for repository candidate interface com.school.management.repository.ProfilUtilisateurRepository; If you want this repository to be a Redis repository, consider annotating your entities with one of these annotations: org.springframework.data.redis.core.RedisHash (preferred), or consider extending one of the following types with your repository: org.springframework.data.keyvalue.repository.KeyValueRepository
2025-06-06 08:52:49,869 INFO o.s.d.r.c.RepositoryConfigurationExtensionSupport [main] Spring Data Redis - Could not safely identify store assignment for repository candidate interface com.school.management.repository.RoleRepository; If you want this repository to be a Redis repository, consider annotating your entities with one of these annotations: org.springframework.data.redis.core.RedisHash (preferred), or consider extending one of the following types with your repository: org.springframework.data.keyvalue.repository.KeyValueRepository
2025-06-06 08:52:49,869 INFO o.s.d.r.c.RepositoryConfigurationExtensionSupport [main] Spring Data Redis - Could not safely identify store assignment for repository candidate interface com.school.management.repository.SectionRepository; If you want this repository to be a Redis repository, consider annotating your entities with one of these annotations: org.springframework.data.redis.core.RedisHash (preferred), or consider extending one of the following types with your repository: org.springframework.data.keyvalue.repository.KeyValueRepository
2025-06-06 08:52:49,870 INFO o.s.d.r.c.RepositoryConfigurationExtensionSupport [main] Spring Data Redis - Could not safely identify store assignment for repository candidate interface com.school.management.repository.SequenceRepository; If you want this repository to be a Redis repository, consider annotating your entities with one of these annotations: org.springframework.data.redis.core.RedisHash (preferred), or consider extending one of the following types with your repository: org.springframework.data.keyvalue.repository.KeyValueRepository
2025-06-06 08:52:49,870 INFO o.s.d.r.c.RepositoryConfigurationExtensionSupport [main] Spring Data Redis - Could not safely identify store assignment for repository candidate interface com.school.management.repository.StatutAnneeRepository; If you want this repository to be a Redis repository, consider annotating your entities with one of these annotations: org.springframework.data.redis.core.RedisHash (preferred), or consider extending one of the following types with your repository: org.springframework.data.keyvalue.repository.KeyValueRepository
2025-06-06 08:52:49,871 INFO o.s.d.r.c.RepositoryConfigurationExtensionSupport [main] Spring Data Redis - Could not safely identify store assignment for repository candidate interface com.school.management.repository.StudentRepository; If you want this repository to be a Redis repository, consider annotating your entities with one of these annotations: org.springframework.data.redis.core.RedisHash (preferred), or consider extending one of the following types with your repository: org.springframework.data.keyvalue.repository.KeyValueRepository
2025-06-06 08:52:49,871 INFO o.s.d.r.c.RepositoryConfigurationExtensionSupport [main] Spring Data Redis - Could not safely identify store assignment for repository candidate interface com.school.management.repository.TrimestreRepository; If you want this repository to be a Redis repository, consider annotating your entities with one of these annotations: org.springframework.data.redis.core.RedisHash (preferred), or consider extending one of the following types with your repository: org.springframework.data.keyvalue.repository.KeyValueRepository
2025-06-06 08:52:49,872 INFO o.s.d.r.c.RepositoryConfigurationExtensionSupport [main] Spring Data Redis - Could not safely identify store assignment for repository candidate interface com.school.management.repository.TypeAffectationRepository; If you want this repository to be a Redis repository, consider annotating your entities with one of these annotations: org.springframework.data.redis.core.RedisHash (preferred), or consider extending one of the following types with your repository: org.springframework.data.keyvalue.repository.KeyValueRepository
2025-06-06 08:52:49,872 INFO o.s.d.r.c.RepositoryConfigurationExtensionSupport [main] Spring Data Redis - Could not safely identify store assignment for repository candidate interface com.school.management.repository.UtilisateurRepository; If you want this repository to be a Redis repository, consider annotating your entities with one of these annotations: org.springframework.data.redis.core.RedisHash (preferred), or consider extending one of the following types with your repository: org.springframework.data.keyvalue.repository.KeyValueRepository
2025-06-06 08:52:49,873 INFO o.s.d.r.c.RepositoryConfigurationDelegate [main] Finished Spring Data repository scanning in 41 ms. Found 0 Redis repository interfaces.
2025-06-06 08:52:54,046 INFO o.s.b.w.e.t.TomcatWebServer [main] Tomcat initialized with port 8080 (http)
2025-06-06 08:52:54,071 INFO o.a.j.l.DirectJDKLog [main] Initializing ProtocolHandler ["http-nio-8080"]
2025-06-06 08:52:54,074 INFO o.a.j.l.DirectJDKLog [main] Starting service [Tomcat]
2025-06-06 08:52:54,075 INFO o.a.j.l.DirectJDKLog [main] Starting Servlet engine: [Apache Tomcat/10.1.24]
2025-06-06 08:52:54,175 INFO o.a.j.l.DirectJDKLog [main] Initializing Spring embedded WebApplicationContext
2025-06-06 08:52:54,178 INFO o.s.b.w.s.c.ServletWebServerApplicationContext [main] Root WebApplicationContext: initialization completed in 10295 ms
2025-06-06 08:52:54,895 INFO o.h.j.i.u.LogHelper [main] HHH000204: Processing PersistenceUnitInfo [name: default]
2025-06-06 08:52:55,163 INFO o.h.Version [main] HHH000412: Hibernate ORM core version 6.5.2.Final
2025-06-06 08:52:55,256 INFO o.h.c.i.RegionFactoryInitiator [main] HHH000026: Second-level cache disabled
2025-06-06 08:52:56,149 INFO o.s.o.j.p.SpringPersistenceUnitInfo [main] No LoadTimeWeaver setup: ignoring JPA class transformer
2025-06-06 08:52:56,228 INFO c.z.h.HikariDataSource [main] HikariPool-1 - Starting...
2025-06-06 08:52:56,665 INFO c.z.h.p.HikariPool [main] HikariPool-1 - Added connection com.mysql.cj.jdbc.ConnectionImpl@7f53a31f
2025-06-06 08:52:56,672 INFO c.z.h.HikariDataSource [main] HikariPool-1 - Start completed.
2025-06-06 08:52:56,817 WARN o.h.e.j.d.i.DialectFactoryImpl [main] HHH90000025: MySQLDialect does not need to be specified explicitly using 'hibernate.dialect' (remove the property setting and it will be selected by default)
2025-06-06 08:53:01,614 INFO o.h.e.t.j.p.i.JtaPlatformInitiator [main] HHH000489: No JTA platform available (set 'hibernate.transaction.jta.platform' to enable JTA platform integration)
2025-06-06 08:53:01,666 DEBUG o.h.e.j.s.SqlStatementLogger [main] 
    alter table `affectation` 
       drop 
       foreign key `FK9eu96qf7kye9sf1pmecfd0yfm`
2025-06-06 08:53:01,783 DEBUG o.h.e.j.s.SqlStatementLogger [main] 
    alter table `affectation` 
       drop 
       foreign key `FKpe0bo22qt45crdtir2olejjyg`
2025-06-06 08:53:01,836 DEBUG o.h.e.j.s.SqlStatementLogger [main] 
    alter table `affectation` 
       drop 
       foreign key `FK3av7c7bm789r6knql1ykv0iuh`
2025-06-06 08:53:01,903 DEBUG o.h.e.j.s.SqlStatementLogger [main] 
    alter table `affectation` 
       drop 
       foreign key `FKbd6pqb4xm1b2f6dsjng6t9vy1`
2025-06-06 08:53:01,968 DEBUG o.h.e.j.s.SqlStatementLogger [main] 
    alter table `document` 
       drop 
       foreign key `FK4uxipd5g6ulta9p7gt3992osv`
2025-06-06 08:53:02,053 DEBUG o.h.e.j.s.SqlStatementLogger [main] 
    alter table `eleve` 
       drop 
       foreign key `FKak1ytyiywaoq3w1wjuwpdu81p`
2025-06-06 08:53:02,103 DEBUG o.h.e.j.s.SqlStatementLogger [main] 
    alter table `eleve` 
       drop 
       foreign key `FK31spnejrvma8oawmo11nku169`
2025-06-06 08:53:02,150 DEBUG o.h.e.j.s.SqlStatementLogger [main] 
    alter table `eleve` 
       drop 
       foreign key `FKfpstf9bai3b6n4qu9wsx077ja`
2025-06-06 08:53:02,556 DEBUG o.h.e.j.s.SqlStatementLogger [main] 
    alter table `enseignant` 
       drop 
       foreign key `FKh4do9onk9pwd1p5hpdl2jlvsw`
2025-06-06 08:53:03,275 DEBUG o.h.e.j.s.SqlStatementLogger [main] 
    alter table `grade` 
       drop 
       foreign key `FKipf4njw2w6vostd6y4ti401mm`
2025-06-06 08:53:03,343 WARN o.h.t.s.i.ExceptionHandlerLoggedImpl [main] GenerationTarget encountered exception accepting command : Error executing DDL "
    alter table `grade` 
       drop 
       foreign key `FKipf4njw2w6vostd6y4ti401mm`" via JDBC [Ne peut effacer (DROP) 'FKipf4njw2w6vostd6y4ti401mm'. Vérifiez s'il existe]
org.hibernate.tool.schema.spi.CommandAcceptanceException: Error executing DDL "
    alter table `grade` 
       drop 
       foreign key `FKipf4njw2w6vostd6y4ti401mm`" via JDBC [Ne peut effacer (DROP) 'FKipf4njw2w6vostd6y4ti401mm'. Vérifiez s'il existe]
	at org.hibernate.tool.schema.internal.exec.GenerationTargetToDatabase.accept(GenerationTargetToDatabase.java:94)
	at org.hibernate.tool.schema.internal.Helper.applySqlString(Helper.java:233)
	at org.hibernate.tool.schema.internal.Helper.applySqlStrings(Helper.java:217)
	at org.hibernate.tool.schema.internal.SchemaDropperImpl.applyConstraintDropping(SchemaDropperImpl.java:476)
	at org.hibernate.tool.schema.internal.SchemaDropperImpl.dropConstraintsTablesSequences(SchemaDropperImpl.java:242)
	at org.hibernate.tool.schema.internal.SchemaDropperImpl.dropFromMetadata(SchemaDropperImpl.java:215)
	at org.hibernate.tool.schema.internal.SchemaDropperImpl.performDrop(SchemaDropperImpl.java:185)
	at org.hibernate.tool.schema.internal.SchemaDropperImpl.doDrop(SchemaDropperImpl.java:155)
	at org.hibernate.tool.schema.internal.SchemaDropperImpl.doDrop(SchemaDropperImpl.java:115)
	at org.hibernate.tool.schema.spi.SchemaManagementToolCoordinator.performDatabaseAction(SchemaManagementToolCoordinator.java:238)
	at org.hibernate.tool.schema.spi.SchemaManagementToolCoordinator.lambda$process$5(SchemaManagementToolCoordinator.java:144)
	at java.base/java.util.HashMap.forEach(HashMap.java:1429)
	at org.hibernate.tool.schema.spi.SchemaManagementToolCoordinator.process(SchemaManagementToolCoordinator.java:141)
	at org.hibernate.boot.internal.SessionFactoryObserverForSchemaExport.sessionFactoryCreated(SessionFactoryObserverForSchemaExport.java:37)
	at org.hibernate.internal.SessionFactoryObserverChain.sessionFactoryCreated(SessionFactoryObserverChain.java:35)
	at org.hibernate.internal.SessionFactoryImpl.<init>(SessionFactoryImpl.java:322)
	at org.hibernate.boot.internal.SessionFactoryBuilderImpl.build(SessionFactoryBuilderImpl.java:457)
	at org.hibernate.jpa.boot.internal.EntityManagerFactoryBuilderImpl.build(EntityManagerFactoryBuilderImpl.java:1506)
	at org.springframework.orm.jpa.vendor.SpringHibernateJpaPersistenceProvider.createContainerEntityManagerFactory(SpringHibernateJpaPersistenceProvider.java:75)
	at org.springframework.orm.jpa.LocalContainerEntityManagerFactoryBean.createNativeEntityManagerFactory(LocalContainerEntityManagerFactoryBean.java:390)
	at org.springframework.orm.jpa.AbstractEntityManagerFactoryBean.buildNativeEntityManagerFactory(AbstractEntityManagerFactoryBean.java:409)
	at org.springframework.orm.jpa.AbstractEntityManagerFactoryBean.afterPropertiesSet(AbstractEntityManagerFactoryBean.java:396)
	at org.springframework.orm.jpa.LocalContainerEntityManagerFactoryBean.afterPropertiesSet(LocalContainerEntityManagerFactoryBean.java:366)
	at org.springframework.beans.factory.support.AbstractAutowireCapableBeanFactory.invokeInitMethods(AbstractAutowireCapableBeanFactory.java:1835)
	at org.springframework.beans.factory.support.AbstractAutowireCapableBeanFactory.initializeBean(AbstractAutowireCapableBeanFactory.java:1784)
	at org.springframework.beans.factory.support.AbstractAutowireCapableBeanFactory.doCreateBean(AbstractAutowireCapableBeanFactory.java:600)
	at org.springframework.beans.factory.support.AbstractAutowireCapableBeanFactory.createBean(AbstractAutowireCapableBeanFactory.java:522)
	at org.springframework.beans.factory.support.AbstractBeanFactory.lambda$doGetBean$0(AbstractBeanFactory.java:337)
	at org.springframework.beans.factory.support.DefaultSingletonBeanRegistry.getSingleton(DefaultSingletonBeanRegistry.java:234)
	at org.springframework.beans.factory.support.AbstractBeanFactory.doGetBean(AbstractBeanFactory.java:335)
	at org.springframework.beans.factory.support.AbstractBeanFactory.getBean(AbstractBeanFactory.java:205)
	at org.springframework.context.support.AbstractApplicationContext.finishBeanFactoryInitialization(AbstractApplicationContext.java:952)
	at org.springframework.context.support.AbstractApplicationContext.refresh(AbstractApplicationContext.java:624)
	at org.springframework.boot.web.servlet.context.ServletWebServerApplicationContext.refresh(ServletWebServerApplicationContext.java:146)
	at org.springframework.boot.SpringApplication.refresh(SpringApplication.java:754)
	at org.springframework.boot.SpringApplication.refreshContext(SpringApplication.java:456)
	at org.springframework.boot.SpringApplication.run(SpringApplication.java:335)
	at org.springframework.boot.SpringApplication.run(SpringApplication.java:1363)
	at org.springframework.boot.SpringApplication.run(SpringApplication.java:1352)
	at com.school.management.SchoolManagementApplication.main(SchoolManagementApplication.java:11)
Caused by: java.sql.SQLSyntaxErrorException: Ne peut effacer (DROP) 'FKipf4njw2w6vostd6y4ti401mm'. Vérifiez s'il existe
	at com.mysql.cj.jdbc.exceptions.SQLError.createSQLException(SQLError.java:121)
	at com.mysql.cj.jdbc.exceptions.SQLExceptionsMapping.translateException(SQLExceptionsMapping.java:122)
	at com.mysql.cj.jdbc.StatementImpl.executeInternal(StatementImpl.java:770)
	at com.mysql.cj.jdbc.StatementImpl.execute(StatementImpl.java:653)
	at com.zaxxer.hikari.pool.ProxyStatement.execute(ProxyStatement.java:94)
	at com.zaxxer.hikari.pool.HikariProxyStatement.execute(HikariProxyStatement.java)
	at org.hibernate.tool.schema.internal.exec.GenerationTargetToDatabase.accept(GenerationTargetToDatabase.java:80)
	... 39 common frames omitted
2025-06-06 08:53:03,350 DEBUG o.h.e.j.s.SqlStatementLogger [main] 
    alter table `grade` 
       drop 
       foreign key `FKga475phybm7f4xh2qgjlm4tef`
2025-06-06 08:53:03,352 WARN o.h.t.s.i.ExceptionHandlerLoggedImpl [main] GenerationTarget encountered exception accepting command : Error executing DDL "
    alter table `grade` 
       drop 
       foreign key `FKga475phybm7f4xh2qgjlm4tef`" via JDBC [Ne peut effacer (DROP) 'FKga475phybm7f4xh2qgjlm4tef'. Vérifiez s'il existe]
org.hibernate.tool.schema.spi.CommandAcceptanceException: Error executing DDL "
    alter table `grade` 
       drop 
       foreign key `FKga475phybm7f4xh2qgjlm4tef`" via JDBC [Ne peut effacer (DROP) 'FKga475phybm7f4xh2qgjlm4tef'. Vérifiez s'il existe]
	at org.hibernate.tool.schema.internal.exec.GenerationTargetToDatabase.accept(GenerationTargetToDatabase.java:94)
	at org.hibernate.tool.schema.internal.Helper.applySqlString(Helper.java:233)
	at org.hibernate.tool.schema.internal.Helper.applySqlStrings(Helper.java:217)
	at org.hibernate.tool.schema.internal.SchemaDropperImpl.applyConstraintDropping(SchemaDropperImpl.java:476)
	at org.hibernate.tool.schema.internal.SchemaDropperImpl.dropConstraintsTablesSequences(SchemaDropperImpl.java:242)
	at org.hibernate.tool.schema.internal.SchemaDropperImpl.dropFromMetadata(SchemaDropperImpl.java:215)
	at org.hibernate.tool.schema.internal.SchemaDropperImpl.performDrop(SchemaDropperImpl.java:185)
	at org.hibernate.tool.schema.internal.SchemaDropperImpl.doDrop(SchemaDropperImpl.java:155)
	at org.hibernate.tool.schema.internal.SchemaDropperImpl.doDrop(SchemaDropperImpl.java:115)
	at org.hibernate.tool.schema.spi.SchemaManagementToolCoordinator.performDatabaseAction(SchemaManagementToolCoordinator.java:238)
	at org.hibernate.tool.schema.spi.SchemaManagementToolCoordinator.lambda$process$5(SchemaManagementToolCoordinator.java:144)
	at java.base/java.util.HashMap.forEach(HashMap.java:1429)
	at org.hibernate.tool.schema.spi.SchemaManagementToolCoordinator.process(SchemaManagementToolCoordinator.java:141)
	at org.hibernate.boot.internal.SessionFactoryObserverForSchemaExport.sessionFactoryCreated(SessionFactoryObserverForSchemaExport.java:37)
	at org.hibernate.internal.SessionFactoryObserverChain.sessionFactoryCreated(SessionFactoryObserverChain.java:35)
	at org.hibernate.internal.SessionFactoryImpl.<init>(SessionFactoryImpl.java:322)
	at org.hibernate.boot.internal.SessionFactoryBuilderImpl.build(SessionFactoryBuilderImpl.java:457)
	at org.hibernate.jpa.boot.internal.EntityManagerFactoryBuilderImpl.build(EntityManagerFactoryBuilderImpl.java:1506)
	at org.springframework.orm.jpa.vendor.SpringHibernateJpaPersistenceProvider.createContainerEntityManagerFactory(SpringHibernateJpaPersistenceProvider.java:75)
	at org.springframework.orm.jpa.LocalContainerEntityManagerFactoryBean.createNativeEntityManagerFactory(LocalContainerEntityManagerFactoryBean.java:390)
	at org.springframework.orm.jpa.AbstractEntityManagerFactoryBean.buildNativeEntityManagerFactory(AbstractEntityManagerFactoryBean.java:409)
	at org.springframework.orm.jpa.AbstractEntityManagerFactoryBean.afterPropertiesSet(AbstractEntityManagerFactoryBean.java:396)
	at org.springframework.orm.jpa.LocalContainerEntityManagerFactoryBean.afterPropertiesSet(LocalContainerEntityManagerFactoryBean.java:366)
	at org.springframework.beans.factory.support.AbstractAutowireCapableBeanFactory.invokeInitMethods(AbstractAutowireCapableBeanFactory.java:1835)
	at org.springframework.beans.factory.support.AbstractAutowireCapableBeanFactory.initializeBean(AbstractAutowireCapableBeanFactory.java:1784)
	at org.springframework.beans.factory.support.AbstractAutowireCapableBeanFactory.doCreateBean(AbstractAutowireCapableBeanFactory.java:600)
	at org.springframework.beans.factory.support.AbstractAutowireCapableBeanFactory.createBean(AbstractAutowireCapableBeanFactory.java:522)
	at org.springframework.beans.factory.support.AbstractBeanFactory.lambda$doGetBean$0(AbstractBeanFactory.java:337)
	at org.springframework.beans.factory.support.DefaultSingletonBeanRegistry.getSingleton(DefaultSingletonBeanRegistry.java:234)
	at org.springframework.beans.factory.support.AbstractBeanFactory.doGetBean(AbstractBeanFactory.java:335)
	at org.springframework.beans.factory.support.AbstractBeanFactory.getBean(AbstractBeanFactory.java:205)
	at org.springframework.context.support.AbstractApplicationContext.finishBeanFactoryInitialization(AbstractApplicationContext.java:952)
	at org.springframework.context.support.AbstractApplicationContext.refresh(AbstractApplicationContext.java:624)
	at org.springframework.boot.web.servlet.context.ServletWebServerApplicationContext.refresh(ServletWebServerApplicationContext.java:146)
	at org.springframework.boot.SpringApplication.refresh(SpringApplication.java:754)
	at org.springframework.boot.SpringApplication.refreshContext(SpringApplication.java:456)
	at org.springframework.boot.SpringApplication.run(SpringApplication.java:335)
	at org.springframework.boot.SpringApplication.run(SpringApplication.java:1363)
	at org.springframework.boot.SpringApplication.run(SpringApplication.java:1352)
	at com.school.management.SchoolManagementApplication.main(SchoolManagementApplication.java:11)
Caused by: java.sql.SQLSyntaxErrorException: Ne peut effacer (DROP) 'FKga475phybm7f4xh2qgjlm4tef'. Vérifiez s'il existe
	at com.mysql.cj.jdbc.exceptions.SQLError.createSQLException(SQLError.java:121)
	at com.mysql.cj.jdbc.exceptions.SQLExceptionsMapping.translateException(SQLExceptionsMapping.java:122)
	at com.mysql.cj.jdbc.StatementImpl.executeInternal(StatementImpl.java:770)
	at com.mysql.cj.jdbc.StatementImpl.execute(StatementImpl.java:653)
	at com.zaxxer.hikari.pool.ProxyStatement.execute(ProxyStatement.java:94)
	at com.zaxxer.hikari.pool.HikariProxyStatement.execute(HikariProxyStatement.java)
	at org.hibernate.tool.schema.internal.exec.GenerationTargetToDatabase.accept(GenerationTargetToDatabase.java:80)
	... 39 common frames omitted
2025-06-06 08:53:03,353 DEBUG o.h.e.j.s.SqlStatementLogger [main] 
    alter table `log_activite` 
       drop 
       foreign key `FKrfsnh1x7lprexosg0odve3edk`
2025-06-06 08:53:03,403 DEBUG o.h.e.j.s.SqlStatementLogger [main] 
    alter table `note` 
       drop 
       foreign key `FKckjcf0lcp26yn81tkbiyyvpxs`
2025-06-06 08:53:03,461 DEBUG o.h.e.j.s.SqlStatementLogger [main] 
    alter table `note` 
       drop 
       foreign key `FKce6fgrwojbdjuyfobkryhsubc`
2025-06-06 08:53:03,552 DEBUG o.h.e.j.s.SqlStatementLogger [main] 
    alter table `note` 
       drop 
       foreign key `FKnx3h3lbhngn4he4lrc8ylhrxh`
2025-06-06 08:53:03,603 DEBUG o.h.e.j.s.SqlStatementLogger [main] 
    alter table `note` 
       drop 
       foreign key `FKsq8sa1xg25htraxpx0ylx3lgk`
2025-06-06 08:53:03,649 DEBUG o.h.e.j.s.SqlStatementLogger [main] 
    alter table `paiements` 
       drop 
       foreign key `FKafefes0eqpleg9i7g6mvt6xhh`
2025-06-06 08:53:03,652 WARN o.h.t.s.i.ExceptionHandlerLoggedImpl [main] GenerationTarget encountered exception accepting command : Error executing DDL "
    alter table `paiements` 
       drop 
       foreign key `FKafefes0eqpleg9i7g6mvt6xhh`" via JDBC [Ne peut effacer (DROP) 'FKafefes0eqpleg9i7g6mvt6xhh'. Vérifiez s'il existe]
org.hibernate.tool.schema.spi.CommandAcceptanceException: Error executing DDL "
    alter table `paiements` 
       drop 
       foreign key `FKafefes0eqpleg9i7g6mvt6xhh`" via JDBC [Ne peut effacer (DROP) 'FKafefes0eqpleg9i7g6mvt6xhh'. Vérifiez s'il existe]
	at org.hibernate.tool.schema.internal.exec.GenerationTargetToDatabase.accept(GenerationTargetToDatabase.java:94)
	at org.hibernate.tool.schema.internal.Helper.applySqlString(Helper.java:233)
	at org.hibernate.tool.schema.internal.Helper.applySqlStrings(Helper.java:217)
	at org.hibernate.tool.schema.internal.SchemaDropperImpl.applyConstraintDropping(SchemaDropperImpl.java:476)
	at org.hibernate.tool.schema.internal.SchemaDropperImpl.dropConstraintsTablesSequences(SchemaDropperImpl.java:242)
	at org.hibernate.tool.schema.internal.SchemaDropperImpl.dropFromMetadata(SchemaDropperImpl.java:215)
	at org.hibernate.tool.schema.internal.SchemaDropperImpl.performDrop(SchemaDropperImpl.java:185)
	at org.hibernate.tool.schema.internal.SchemaDropperImpl.doDrop(SchemaDropperImpl.java:155)
	at org.hibernate.tool.schema.internal.SchemaDropperImpl.doDrop(SchemaDropperImpl.java:115)
	at org.hibernate.tool.schema.spi.SchemaManagementToolCoordinator.performDatabaseAction(SchemaManagementToolCoordinator.java:238)
	at org.hibernate.tool.schema.spi.SchemaManagementToolCoordinator.lambda$process$5(SchemaManagementToolCoordinator.java:144)
	at java.base/java.util.HashMap.forEach(HashMap.java:1429)
	at org.hibernate.tool.schema.spi.SchemaManagementToolCoordinator.process(SchemaManagementToolCoordinator.java:141)
	at org.hibernate.boot.internal.SessionFactoryObserverForSchemaExport.sessionFactoryCreated(SessionFactoryObserverForSchemaExport.java:37)
	at org.hibernate.internal.SessionFactoryObserverChain.sessionFactoryCreated(SessionFactoryObserverChain.java:35)
	at org.hibernate.internal.SessionFactoryImpl.<init>(SessionFactoryImpl.java:322)
	at org.hibernate.boot.internal.SessionFactoryBuilderImpl.build(SessionFactoryBuilderImpl.java:457)
	at org.hibernate.jpa.boot.internal.EntityManagerFactoryBuilderImpl.build(EntityManagerFactoryBuilderImpl.java:1506)
	at org.springframework.orm.jpa.vendor.SpringHibernateJpaPersistenceProvider.createContainerEntityManagerFactory(SpringHibernateJpaPersistenceProvider.java:75)
	at org.springframework.orm.jpa.LocalContainerEntityManagerFactoryBean.createNativeEntityManagerFactory(LocalContainerEntityManagerFactoryBean.java:390)
	at org.springframework.orm.jpa.AbstractEntityManagerFactoryBean.buildNativeEntityManagerFactory(AbstractEntityManagerFactoryBean.java:409)
	at org.springframework.orm.jpa.AbstractEntityManagerFactoryBean.afterPropertiesSet(AbstractEntityManagerFactoryBean.java:396)
	at org.springframework.orm.jpa.LocalContainerEntityManagerFactoryBean.afterPropertiesSet(LocalContainerEntityManagerFactoryBean.java:366)
	at org.springframework.beans.factory.support.AbstractAutowireCapableBeanFactory.invokeInitMethods(AbstractAutowireCapableBeanFactory.java:1835)
	at org.springframework.beans.factory.support.AbstractAutowireCapableBeanFactory.initializeBean(AbstractAutowireCapableBeanFactory.java:1784)
	at org.springframework.beans.factory.support.AbstractAutowireCapableBeanFactory.doCreateBean(AbstractAutowireCapableBeanFactory.java:600)
	at org.springframework.beans.factory.support.AbstractAutowireCapableBeanFactory.createBean(AbstractAutowireCapableBeanFactory.java:522)
	at org.springframework.beans.factory.support.AbstractBeanFactory.lambda$doGetBean$0(AbstractBeanFactory.java:337)
	at org.springframework.beans.factory.support.DefaultSingletonBeanRegistry.getSingleton(DefaultSingletonBeanRegistry.java:234)
	at org.springframework.beans.factory.support.AbstractBeanFactory.doGetBean(AbstractBeanFactory.java:335)
	at org.springframework.beans.factory.support.AbstractBeanFactory.getBean(AbstractBeanFactory.java:205)
	at org.springframework.context.support.AbstractApplicationContext.finishBeanFactoryInitialization(AbstractApplicationContext.java:952)
	at org.springframework.context.support.AbstractApplicationContext.refresh(AbstractApplicationContext.java:624)
	at org.springframework.boot.web.servlet.context.ServletWebServerApplicationContext.refresh(ServletWebServerApplicationContext.java:146)
	at org.springframework.boot.SpringApplication.refresh(SpringApplication.java:754)
	at org.springframework.boot.SpringApplication.refreshContext(SpringApplication.java:456)
	at org.springframework.boot.SpringApplication.run(SpringApplication.java:335)
	at org.springframework.boot.SpringApplication.run(SpringApplication.java:1363)
	at org.springframework.boot.SpringApplication.run(SpringApplication.java:1352)
	at com.school.management.SchoolManagementApplication.main(SchoolManagementApplication.java:11)
Caused by: java.sql.SQLSyntaxErrorException: Ne peut effacer (DROP) 'FKafefes0eqpleg9i7g6mvt6xhh'. Vérifiez s'il existe
	at com.mysql.cj.jdbc.exceptions.SQLError.createSQLException(SQLError.java:121)
	at com.mysql.cj.jdbc.exceptions.SQLExceptionsMapping.translateException(SQLExceptionsMapping.java:122)
	at com.mysql.cj.jdbc.StatementImpl.executeInternal(StatementImpl.java:770)
	at com.mysql.cj.jdbc.StatementImpl.execute(StatementImpl.java:653)
	at com.zaxxer.hikari.pool.ProxyStatement.execute(ProxyStatement.java:94)
	at com.zaxxer.hikari.pool.HikariProxyStatement.execute(HikariProxyStatement.java)
	at org.hibernate.tool.schema.internal.exec.GenerationTargetToDatabase.accept(GenerationTargetToDatabase.java:80)
	... 39 common frames omitted
2025-06-06 08:53:03,653 DEBUG o.h.e.j.s.SqlStatementLogger [main] 
    alter table `profil_utilisateur` 
       drop 
       foreign key `FK177de5xq3y87tjxuwctokx341`
2025-06-06 08:53:03,711 DEBUG o.h.e.j.s.SqlStatementLogger [main] 
    alter table `sequence` 
       drop 
       foreign key `FKclybiy2bjbpf0ejgg6rq51ynf`
2025-06-06 08:53:03,776 DEBUG o.h.e.j.s.SqlStatementLogger [main] 
    alter table `student_progress_report` 
       drop 
       foreign key `FK1u5j5o832a13lgcq3foy1g3rr`
2025-06-06 08:53:03,779 WARN o.h.t.s.i.ExceptionHandlerLoggedImpl [main] GenerationTarget encountered exception accepting command : Error executing DDL "
    alter table `student_progress_report` 
       drop 
       foreign key `FK1u5j5o832a13lgcq3foy1g3rr`" via JDBC [Ne peut effacer (DROP) 'FK1u5j5o832a13lgcq3foy1g3rr'. Vérifiez s'il existe]
org.hibernate.tool.schema.spi.CommandAcceptanceException: Error executing DDL "
    alter table `student_progress_report` 
       drop 
       foreign key `FK1u5j5o832a13lgcq3foy1g3rr`" via JDBC [Ne peut effacer (DROP) 'FK1u5j5o832a13lgcq3foy1g3rr'. Vérifiez s'il existe]
	at org.hibernate.tool.schema.internal.exec.GenerationTargetToDatabase.accept(GenerationTargetToDatabase.java:94)
	at org.hibernate.tool.schema.internal.Helper.applySqlString(Helper.java:233)
	at org.hibernate.tool.schema.internal.Helper.applySqlStrings(Helper.java:217)
	at org.hibernate.tool.schema.internal.SchemaDropperImpl.applyConstraintDropping(SchemaDropperImpl.java:476)
	at org.hibernate.tool.schema.internal.SchemaDropperImpl.dropConstraintsTablesSequences(SchemaDropperImpl.java:242)
	at org.hibernate.tool.schema.internal.SchemaDropperImpl.dropFromMetadata(SchemaDropperImpl.java:215)
	at org.hibernate.tool.schema.internal.SchemaDropperImpl.performDrop(SchemaDropperImpl.java:185)
	at org.hibernate.tool.schema.internal.SchemaDropperImpl.doDrop(SchemaDropperImpl.java:155)
	at org.hibernate.tool.schema.internal.SchemaDropperImpl.doDrop(SchemaDropperImpl.java:115)
	at org.hibernate.tool.schema.spi.SchemaManagementToolCoordinator.performDatabaseAction(SchemaManagementToolCoordinator.java:238)
	at org.hibernate.tool.schema.spi.SchemaManagementToolCoordinator.lambda$process$5(SchemaManagementToolCoordinator.java:144)
	at java.base/java.util.HashMap.forEach(HashMap.java:1429)
	at org.hibernate.tool.schema.spi.SchemaManagementToolCoordinator.process(SchemaManagementToolCoordinator.java:141)
	at org.hibernate.boot.internal.SessionFactoryObserverForSchemaExport.sessionFactoryCreated(SessionFactoryObserverForSchemaExport.java:37)
	at org.hibernate.internal.SessionFactoryObserverChain.sessionFactoryCreated(SessionFactoryObserverChain.java:35)
	at org.hibernate.internal.SessionFactoryImpl.<init>(SessionFactoryImpl.java:322)
	at org.hibernate.boot.internal.SessionFactoryBuilderImpl.build(SessionFactoryBuilderImpl.java:457)
	at org.hibernate.jpa.boot.internal.EntityManagerFactoryBuilderImpl.build(EntityManagerFactoryBuilderImpl.java:1506)
	at org.springframework.orm.jpa.vendor.SpringHibernateJpaPersistenceProvider.createContainerEntityManagerFactory(SpringHibernateJpaPersistenceProvider.java:75)
	at org.springframework.orm.jpa.LocalContainerEntityManagerFactoryBean.createNativeEntityManagerFactory(LocalContainerEntityManagerFactoryBean.java:390)
	at org.springframework.orm.jpa.AbstractEntityManagerFactoryBean.buildNativeEntityManagerFactory(AbstractEntityManagerFactoryBean.java:409)
	at org.springframework.orm.jpa.AbstractEntityManagerFactoryBean.afterPropertiesSet(AbstractEntityManagerFactoryBean.java:396)
	at org.springframework.orm.jpa.LocalContainerEntityManagerFactoryBean.afterPropertiesSet(LocalContainerEntityManagerFactoryBean.java:366)
	at org.springframework.beans.factory.support.AbstractAutowireCapableBeanFactory.invokeInitMethods(AbstractAutowireCapableBeanFactory.java:1835)
	at org.springframework.beans.factory.support.AbstractAutowireCapableBeanFactory.initializeBean(AbstractAutowireCapableBeanFactory.java:1784)
	at org.springframework.beans.factory.support.AbstractAutowireCapableBeanFactory.doCreateBean(AbstractAutowireCapableBeanFactory.java:600)
	at org.springframework.beans.factory.support.AbstractAutowireCapableBeanFactory.createBean(AbstractAutowireCapableBeanFactory.java:522)
	at org.springframework.beans.factory.support.AbstractBeanFactory.lambda$doGetBean$0(AbstractBeanFactory.java:337)
	at org.springframework.beans.factory.support.DefaultSingletonBeanRegistry.getSingleton(DefaultSingletonBeanRegistry.java:234)
	at org.springframework.beans.factory.support.AbstractBeanFactory.doGetBean(AbstractBeanFactory.java:335)
	at org.springframework.beans.factory.support.AbstractBeanFactory.getBean(AbstractBeanFactory.java:205)
	at org.springframework.context.support.AbstractApplicationContext.finishBeanFactoryInitialization(AbstractApplicationContext.java:952)
	at org.springframework.context.support.AbstractApplicationContext.refresh(AbstractApplicationContext.java:624)
	at org.springframework.boot.web.servlet.context.ServletWebServerApplicationContext.refresh(ServletWebServerApplicationContext.java:146)
	at org.springframework.boot.SpringApplication.refresh(SpringApplication.java:754)
	at org.springframework.boot.SpringApplication.refreshContext(SpringApplication.java:456)
	at org.springframework.boot.SpringApplication.run(SpringApplication.java:335)
	at org.springframework.boot.SpringApplication.run(SpringApplication.java:1363)
	at org.springframework.boot.SpringApplication.run(SpringApplication.java:1352)
	at com.school.management.SchoolManagementApplication.main(SchoolManagementApplication.java:11)
Caused by: java.sql.SQLSyntaxErrorException: Ne peut effacer (DROP) 'FK1u5j5o832a13lgcq3foy1g3rr'. Vérifiez s'il existe
	at com.mysql.cj.jdbc.exceptions.SQLError.createSQLException(SQLError.java:121)
	at com.mysql.cj.jdbc.exceptions.SQLExceptionsMapping.translateException(SQLExceptionsMapping.java:122)
	at com.mysql.cj.jdbc.StatementImpl.executeInternal(StatementImpl.java:770)
	at com.mysql.cj.jdbc.StatementImpl.execute(StatementImpl.java:653)
	at com.zaxxer.hikari.pool.ProxyStatement.execute(ProxyStatement.java:94)
	at com.zaxxer.hikari.pool.HikariProxyStatement.execute(HikariProxyStatement.java)
	at org.hibernate.tool.schema.internal.exec.GenerationTargetToDatabase.accept(GenerationTargetToDatabase.java:80)
	... 39 common frames omitted
2025-06-06 08:53:03,780 DEBUG o.h.e.j.s.SqlStatementLogger [main] 
    alter table `students` 
       drop 
       foreign key `FKtb9nirq953dcf0onxisl98ni1`
2025-06-06 08:53:03,791 WARN o.h.t.s.i.ExceptionHandlerLoggedImpl [main] GenerationTarget encountered exception accepting command : Error executing DDL "
    alter table `students` 
       drop 
       foreign key `FKtb9nirq953dcf0onxisl98ni1`" via JDBC [Ne peut effacer (DROP) 'FKtb9nirq953dcf0onxisl98ni1'. Vérifiez s'il existe]
org.hibernate.tool.schema.spi.CommandAcceptanceException: Error executing DDL "
    alter table `students` 
       drop 
       foreign key `FKtb9nirq953dcf0onxisl98ni1`" via JDBC [Ne peut effacer (DROP) 'FKtb9nirq953dcf0onxisl98ni1'. Vérifiez s'il existe]
	at org.hibernate.tool.schema.internal.exec.GenerationTargetToDatabase.accept(GenerationTargetToDatabase.java:94)
	at org.hibernate.tool.schema.internal.Helper.applySqlString(Helper.java:233)
	at org.hibernate.tool.schema.internal.Helper.applySqlStrings(Helper.java:217)
	at org.hibernate.tool.schema.internal.SchemaDropperImpl.applyConstraintDropping(SchemaDropperImpl.java:476)
	at org.hibernate.tool.schema.internal.SchemaDropperImpl.dropConstraintsTablesSequences(SchemaDropperImpl.java:242)
	at org.hibernate.tool.schema.internal.SchemaDropperImpl.dropFromMetadata(SchemaDropperImpl.java:215)
	at org.hibernate.tool.schema.internal.SchemaDropperImpl.performDrop(SchemaDropperImpl.java:185)
	at org.hibernate.tool.schema.internal.SchemaDropperImpl.doDrop(SchemaDropperImpl.java:155)
	at org.hibernate.tool.schema.internal.SchemaDropperImpl.doDrop(SchemaDropperImpl.java:115)
	at org.hibernate.tool.schema.spi.SchemaManagementToolCoordinator.performDatabaseAction(SchemaManagementToolCoordinator.java:238)
	at org.hibernate.tool.schema.spi.SchemaManagementToolCoordinator.lambda$process$5(SchemaManagementToolCoordinator.java:144)
	at java.base/java.util.HashMap.forEach(HashMap.java:1429)
	at org.hibernate.tool.schema.spi.SchemaManagementToolCoordinator.process(SchemaManagementToolCoordinator.java:141)
	at org.hibernate.boot.internal.SessionFactoryObserverForSchemaExport.sessionFactoryCreated(SessionFactoryObserverForSchemaExport.java:37)
	at org.hibernate.internal.SessionFactoryObserverChain.sessionFactoryCreated(SessionFactoryObserverChain.java:35)
	at org.hibernate.internal.SessionFactoryImpl.<init>(SessionFactoryImpl.java:322)
	at org.hibernate.boot.internal.SessionFactoryBuilderImpl.build(SessionFactoryBuilderImpl.java:457)
	at org.hibernate.jpa.boot.internal.EntityManagerFactoryBuilderImpl.build(EntityManagerFactoryBuilderImpl.java:1506)
	at org.springframework.orm.jpa.vendor.SpringHibernateJpaPersistenceProvider.createContainerEntityManagerFactory(SpringHibernateJpaPersistenceProvider.java:75)
	at org.springframework.orm.jpa.LocalContainerEntityManagerFactoryBean.createNativeEntityManagerFactory(LocalContainerEntityManagerFactoryBean.java:390)
	at org.springframework.orm.jpa.AbstractEntityManagerFactoryBean.buildNativeEntityManagerFactory(AbstractEntityManagerFactoryBean.java:409)
	at org.springframework.orm.jpa.AbstractEntityManagerFactoryBean.afterPropertiesSet(AbstractEntityManagerFactoryBean.java:396)
	at org.springframework.orm.jpa.LocalContainerEntityManagerFactoryBean.afterPropertiesSet(LocalContainerEntityManagerFactoryBean.java:366)
	at org.springframework.beans.factory.support.AbstractAutowireCapableBeanFactory.invokeInitMethods(AbstractAutowireCapableBeanFactory.java:1835)
	at org.springframework.beans.factory.support.AbstractAutowireCapableBeanFactory.initializeBean(AbstractAutowireCapableBeanFactory.java:1784)
	at org.springframework.beans.factory.support.AbstractAutowireCapableBeanFactory.doCreateBean(AbstractAutowireCapableBeanFactory.java:600)
	at org.springframework.beans.factory.support.AbstractAutowireCapableBeanFactory.createBean(AbstractAutowireCapableBeanFactory.java:522)
	at org.springframework.beans.factory.support.AbstractBeanFactory.lambda$doGetBean$0(AbstractBeanFactory.java:337)
	at org.springframework.beans.factory.support.DefaultSingletonBeanRegistry.getSingleton(DefaultSingletonBeanRegistry.java:234)
	at org.springframework.beans.factory.support.AbstractBeanFactory.doGetBean(AbstractBeanFactory.java:335)
	at org.springframework.beans.factory.support.AbstractBeanFactory.getBean(AbstractBeanFactory.java:205)
	at org.springframework.context.support.AbstractApplicationContext.finishBeanFactoryInitialization(AbstractApplicationContext.java:952)
	at org.springframework.context.support.AbstractApplicationContext.refresh(AbstractApplicationContext.java:624)
	at org.springframework.boot.web.servlet.context.ServletWebServerApplicationContext.refresh(ServletWebServerApplicationContext.java:146)
	at org.springframework.boot.SpringApplication.refresh(SpringApplication.java:754)
	at org.springframework.boot.SpringApplication.refreshContext(SpringApplication.java:456)
	at org.springframework.boot.SpringApplication.run(SpringApplication.java:335)
	at org.springframework.boot.SpringApplication.run(SpringApplication.java:1363)
	at org.springframework.boot.SpringApplication.run(SpringApplication.java:1352)
	at com.school.management.SchoolManagementApplication.main(SchoolManagementApplication.java:11)
Caused by: java.sql.SQLSyntaxErrorException: Ne peut effacer (DROP) 'FKtb9nirq953dcf0onxisl98ni1'. Vérifiez s'il existe
	at com.mysql.cj.jdbc.exceptions.SQLError.createSQLException(SQLError.java:121)
	at com.mysql.cj.jdbc.exceptions.SQLExceptionsMapping.translateException(SQLExceptionsMapping.java:122)
	at com.mysql.cj.jdbc.StatementImpl.executeInternal(StatementImpl.java:770)
	at com.mysql.cj.jdbc.StatementImpl.execute(StatementImpl.java:653)
	at com.zaxxer.hikari.pool.ProxyStatement.execute(ProxyStatement.java:94)
	at com.zaxxer.hikari.pool.HikariProxyStatement.execute(HikariProxyStatement.java)
	at org.hibernate.tool.schema.internal.exec.GenerationTargetToDatabase.accept(GenerationTargetToDatabase.java:80)
	... 39 common frames omitted
2025-06-06 08:53:03,792 DEBUG o.h.e.j.s.SqlStatementLogger [main] 
    alter table `students` 
       drop 
       foreign key `FKgkvw6901117nqyb8tyx3gmpk5`
2025-06-06 08:53:03,795 WARN o.h.t.s.i.ExceptionHandlerLoggedImpl [main] GenerationTarget encountered exception accepting command : Error executing DDL "
    alter table `students` 
       drop 
       foreign key `FKgkvw6901117nqyb8tyx3gmpk5`" via JDBC [Ne peut effacer (DROP) 'FKgkvw6901117nqyb8tyx3gmpk5'. Vérifiez s'il existe]
org.hibernate.tool.schema.spi.CommandAcceptanceException: Error executing DDL "
    alter table `students` 
       drop 
       foreign key `FKgkvw6901117nqyb8tyx3gmpk5`" via JDBC [Ne peut effacer (DROP) 'FKgkvw6901117nqyb8tyx3gmpk5'. Vérifiez s'il existe]
	at org.hibernate.tool.schema.internal.exec.GenerationTargetToDatabase.accept(GenerationTargetToDatabase.java:94)
	at org.hibernate.tool.schema.internal.Helper.applySqlString(Helper.java:233)
	at org.hibernate.tool.schema.internal.Helper.applySqlStrings(Helper.java:217)
	at org.hibernate.tool.schema.internal.SchemaDropperImpl.applyConstraintDropping(SchemaDropperImpl.java:476)
	at org.hibernate.tool.schema.internal.SchemaDropperImpl.dropConstraintsTablesSequences(SchemaDropperImpl.java:242)
	at org.hibernate.tool.schema.internal.SchemaDropperImpl.dropFromMetadata(SchemaDropperImpl.java:215)
	at org.hibernate.tool.schema.internal.SchemaDropperImpl.performDrop(SchemaDropperImpl.java:185)
	at org.hibernate.tool.schema.internal.SchemaDropperImpl.doDrop(SchemaDropperImpl.java:155)
	at org.hibernate.tool.schema.internal.SchemaDropperImpl.doDrop(SchemaDropperImpl.java:115)
	at org.hibernate.tool.schema.spi.SchemaManagementToolCoordinator.performDatabaseAction(SchemaManagementToolCoordinator.java:238)
	at org.hibernate.tool.schema.spi.SchemaManagementToolCoordinator.lambda$process$5(SchemaManagementToolCoordinator.java:144)
	at java.base/java.util.HashMap.forEach(HashMap.java:1429)
	at org.hibernate.tool.schema.spi.SchemaManagementToolCoordinator.process(SchemaManagementToolCoordinator.java:141)
	at org.hibernate.boot.internal.SessionFactoryObserverForSchemaExport.sessionFactoryCreated(SessionFactoryObserverForSchemaExport.java:37)
	at org.hibernate.internal.SessionFactoryObserverChain.sessionFactoryCreated(SessionFactoryObserverChain.java:35)
	at org.hibernate.internal.SessionFactoryImpl.<init>(SessionFactoryImpl.java:322)
	at org.hibernate.boot.internal.SessionFactoryBuilderImpl.build(SessionFactoryBuilderImpl.java:457)
	at org.hibernate.jpa.boot.internal.EntityManagerFactoryBuilderImpl.build(EntityManagerFactoryBuilderImpl.java:1506)
	at org.springframework.orm.jpa.vendor.SpringHibernateJpaPersistenceProvider.createContainerEntityManagerFactory(SpringHibernateJpaPersistenceProvider.java:75)
	at org.springframework.orm.jpa.LocalContainerEntityManagerFactoryBean.createNativeEntityManagerFactory(LocalContainerEntityManagerFactoryBean.java:390)
	at org.springframework.orm.jpa.AbstractEntityManagerFactoryBean.buildNativeEntityManagerFactory(AbstractEntityManagerFactoryBean.java:409)
	at org.springframework.orm.jpa.AbstractEntityManagerFactoryBean.afterPropertiesSet(AbstractEntityManagerFactoryBean.java:396)
	at org.springframework.orm.jpa.LocalContainerEntityManagerFactoryBean.afterPropertiesSet(LocalContainerEntityManagerFactoryBean.java:366)
	at org.springframework.beans.factory.support.AbstractAutowireCapableBeanFactory.invokeInitMethods(AbstractAutowireCapableBeanFactory.java:1835)
	at org.springframework.beans.factory.support.AbstractAutowireCapableBeanFactory.initializeBean(AbstractAutowireCapableBeanFactory.java:1784)
	at org.springframework.beans.factory.support.AbstractAutowireCapableBeanFactory.doCreateBean(AbstractAutowireCapableBeanFactory.java:600)
	at org.springframework.beans.factory.support.AbstractAutowireCapableBeanFactory.createBean(AbstractAutowireCapableBeanFactory.java:522)
	at org.springframework.beans.factory.support.AbstractBeanFactory.lambda$doGetBean$0(AbstractBeanFactory.java:337)
	at org.springframework.beans.factory.support.DefaultSingletonBeanRegistry.getSingleton(DefaultSingletonBeanRegistry.java:234)
	at org.springframework.beans.factory.support.AbstractBeanFactory.doGetBean(AbstractBeanFactory.java:335)
	at org.springframework.beans.factory.support.AbstractBeanFactory.getBean(AbstractBeanFactory.java:205)
	at org.springframework.context.support.AbstractApplicationContext.finishBeanFactoryInitialization(AbstractApplicationContext.java:952)
	at org.springframework.context.support.AbstractApplicationContext.refresh(AbstractApplicationContext.java:624)
	at org.springframework.boot.web.servlet.context.ServletWebServerApplicationContext.refresh(ServletWebServerApplicationContext.java:146)
	at org.springframework.boot.SpringApplication.refresh(SpringApplication.java:754)
	at org.springframework.boot.SpringApplication.refreshContext(SpringApplication.java:456)
	at org.springframework.boot.SpringApplication.run(SpringApplication.java:335)
	at org.springframework.boot.SpringApplication.run(SpringApplication.java:1363)
	at org.springframework.boot.SpringApplication.run(SpringApplication.java:1352)
	at com.school.management.SchoolManagementApplication.main(SchoolManagementApplication.java:11)
Caused by: java.sql.SQLSyntaxErrorException: Ne peut effacer (DROP) 'FKgkvw6901117nqyb8tyx3gmpk5'. Vérifiez s'il existe
	at com.mysql.cj.jdbc.exceptions.SQLError.createSQLException(SQLError.java:121)
	at com.mysql.cj.jdbc.exceptions.SQLExceptionsMapping.translateException(SQLExceptionsMapping.java:122)
	at com.mysql.cj.jdbc.StatementImpl.executeInternal(StatementImpl.java:770)
	at com.mysql.cj.jdbc.StatementImpl.execute(StatementImpl.java:653)
	at com.zaxxer.hikari.pool.ProxyStatement.execute(ProxyStatement.java:94)
	at com.zaxxer.hikari.pool.HikariProxyStatement.execute(HikariProxyStatement.java)
	at org.hibernate.tool.schema.internal.exec.GenerationTargetToDatabase.accept(GenerationTargetToDatabase.java:80)
	... 39 common frames omitted
2025-06-06 08:53:03,796 DEBUG o.h.e.j.s.SqlStatementLogger [main] 
    alter table `trimestre` 
       drop 
       foreign key `FKql50yxg7ydwdp4uom1mltlbkr`
2025-06-06 08:53:03,864 DEBUG o.h.e.j.s.SqlStatementLogger [main] 
    alter table `utilisateur` 
       drop 
       foreign key `FKmjx8u4qqtx1pp4g0tpmuf3yb9`
2025-06-06 08:53:03,920 DEBUG o.h.e.j.s.SqlStatementLogger [main] 
    drop table if exists `affectation`
2025-06-06 08:53:03,951 DEBUG o.h.e.j.s.SqlStatementLogger [main] 
    drop table if exists `annee_scolaire`
2025-06-06 08:53:03,965 DEBUG o.h.e.j.s.SqlStatementLogger [main] 
    drop table if exists `classes`
2025-06-06 08:53:03,970 WARN o.h.t.s.i.ExceptionHandlerLoggedImpl [main] GenerationTarget encountered exception accepting command : Error executing DDL "
    drop table if exists `classes`" via JDBC [Cannot drop table 'classes' referenced by a foreign key constraint 'FKf886wcwmxdqpptgjcmwyrkkvp' on table 'students'.]
org.hibernate.tool.schema.spi.CommandAcceptanceException: Error executing DDL "
    drop table if exists `classes`" via JDBC [Cannot drop table 'classes' referenced by a foreign key constraint 'FKf886wcwmxdqpptgjcmwyrkkvp' on table 'students'.]
	at org.hibernate.tool.schema.internal.exec.GenerationTargetToDatabase.accept(GenerationTargetToDatabase.java:94)
	at org.hibernate.tool.schema.internal.Helper.applySqlString(Helper.java:233)
	at org.hibernate.tool.schema.internal.Helper.applySqlStrings(Helper.java:217)
	at org.hibernate.tool.schema.internal.SchemaDropperImpl.dropTables(SchemaDropperImpl.java:381)
	at org.hibernate.tool.schema.internal.SchemaDropperImpl.dropConstraintsTablesSequences(SchemaDropperImpl.java:253)
	at org.hibernate.tool.schema.internal.SchemaDropperImpl.dropFromMetadata(SchemaDropperImpl.java:215)
	at org.hibernate.tool.schema.internal.SchemaDropperImpl.performDrop(SchemaDropperImpl.java:185)
	at org.hibernate.tool.schema.internal.SchemaDropperImpl.doDrop(SchemaDropperImpl.java:155)
	at org.hibernate.tool.schema.internal.SchemaDropperImpl.doDrop(SchemaDropperImpl.java:115)
	at org.hibernate.tool.schema.spi.SchemaManagementToolCoordinator.performDatabaseAction(SchemaManagementToolCoordinator.java:238)
	at org.hibernate.tool.schema.spi.SchemaManagementToolCoordinator.lambda$process$5(SchemaManagementToolCoordinator.java:144)
	at java.base/java.util.HashMap.forEach(HashMap.java:1429)
	at org.hibernate.tool.schema.spi.SchemaManagementToolCoordinator.process(SchemaManagementToolCoordinator.java:141)
	at org.hibernate.boot.internal.SessionFactoryObserverForSchemaExport.sessionFactoryCreated(SessionFactoryObserverForSchemaExport.java:37)
	at org.hibernate.internal.SessionFactoryObserverChain.sessionFactoryCreated(SessionFactoryObserverChain.java:35)
	at org.hibernate.internal.SessionFactoryImpl.<init>(SessionFactoryImpl.java:322)
	at org.hibernate.boot.internal.SessionFactoryBuilderImpl.build(SessionFactoryBuilderImpl.java:457)
	at org.hibernate.jpa.boot.internal.EntityManagerFactoryBuilderImpl.build(EntityManagerFactoryBuilderImpl.java:1506)
	at org.springframework.orm.jpa.vendor.SpringHibernateJpaPersistenceProvider.createContainerEntityManagerFactory(SpringHibernateJpaPersistenceProvider.java:75)
	at org.springframework.orm.jpa.LocalContainerEntityManagerFactoryBean.createNativeEntityManagerFactory(LocalContainerEntityManagerFactoryBean.java:390)
	at org.springframework.orm.jpa.AbstractEntityManagerFactoryBean.buildNativeEntityManagerFactory(AbstractEntityManagerFactoryBean.java:409)
	at org.springframework.orm.jpa.AbstractEntityManagerFactoryBean.afterPropertiesSet(AbstractEntityManagerFactoryBean.java:396)
	at org.springframework.orm.jpa.LocalContainerEntityManagerFactoryBean.afterPropertiesSet(LocalContainerEntityManagerFactoryBean.java:366)
	at org.springframework.beans.factory.support.AbstractAutowireCapableBeanFactory.invokeInitMethods(AbstractAutowireCapableBeanFactory.java:1835)
	at org.springframework.beans.factory.support.AbstractAutowireCapableBeanFactory.initializeBean(AbstractAutowireCapableBeanFactory.java:1784)
	at org.springframework.beans.factory.support.AbstractAutowireCapableBeanFactory.doCreateBean(AbstractAutowireCapableBeanFactory.java:600)
	at org.springframework.beans.factory.support.AbstractAutowireCapableBeanFactory.createBean(AbstractAutowireCapableBeanFactory.java:522)
	at org.springframework.beans.factory.support.AbstractBeanFactory.lambda$doGetBean$0(AbstractBeanFactory.java:337)
	at org.springframework.beans.factory.support.DefaultSingletonBeanRegistry.getSingleton(DefaultSingletonBeanRegistry.java:234)
	at org.springframework.beans.factory.support.AbstractBeanFactory.doGetBean(AbstractBeanFactory.java:335)
	at org.springframework.beans.factory.support.AbstractBeanFactory.getBean(AbstractBeanFactory.java:205)
	at org.springframework.context.support.AbstractApplicationContext.finishBeanFactoryInitialization(AbstractApplicationContext.java:952)
	at org.springframework.context.support.AbstractApplicationContext.refresh(AbstractApplicationContext.java:624)
	at org.springframework.boot.web.servlet.context.ServletWebServerApplicationContext.refresh(ServletWebServerApplicationContext.java:146)
	at org.springframework.boot.SpringApplication.refresh(SpringApplication.java:754)
	at org.springframework.boot.SpringApplication.refreshContext(SpringApplication.java:456)
	at org.springframework.boot.SpringApplication.run(SpringApplication.java:335)
	at org.springframework.boot.SpringApplication.run(SpringApplication.java:1363)
	at org.springframework.boot.SpringApplication.run(SpringApplication.java:1352)
	at com.school.management.SchoolManagementApplication.main(SchoolManagementApplication.java:11)
Caused by: java.sql.SQLException: Cannot drop table 'classes' referenced by a foreign key constraint 'FKf886wcwmxdqpptgjcmwyrkkvp' on table 'students'.
	at com.mysql.cj.jdbc.exceptions.SQLError.createSQLException(SQLError.java:130)
	at com.mysql.cj.jdbc.exceptions.SQLExceptionsMapping.translateException(SQLExceptionsMapping.java:122)
	at com.mysql.cj.jdbc.StatementImpl.executeInternal(StatementImpl.java:770)
	at com.mysql.cj.jdbc.StatementImpl.execute(StatementImpl.java:653)
	at com.zaxxer.hikari.pool.ProxyStatement.execute(ProxyStatement.java:94)
	at com.zaxxer.hikari.pool.HikariProxyStatement.execute(HikariProxyStatement.java)
	at org.hibernate.tool.schema.internal.exec.GenerationTargetToDatabase.accept(GenerationTargetToDatabase.java:80)
	... 39 common frames omitted
2025-06-06 08:53:03,971 DEBUG o.h.e.j.s.SqlStatementLogger [main] 
    drop table if exists `document`
2025-06-06 08:53:03,986 DEBUG o.h.e.j.s.SqlStatementLogger [main] 
    drop table if exists `eleve`
2025-06-06 08:53:04,019 DEBUG o.h.e.j.s.SqlStatementLogger [main] 
    drop table if exists `enseignant`
2025-06-06 08:53:04,038 DEBUG o.h.e.j.s.SqlStatementLogger [main] 
    drop table if exists `grade`
2025-06-06 08:53:04,133 DEBUG o.h.e.j.s.SqlStatementLogger [main] 
    drop table if exists `log_activite`
2025-06-06 08:53:04,144 DEBUG o.h.e.j.s.SqlStatementLogger [main] 
    drop table if exists `matiere`
2025-06-06 08:53:04,172 DEBUG o.h.e.j.s.SqlStatementLogger [main] 
    drop table if exists `note`
2025-06-06 08:53:04,195 DEBUG o.h.e.j.s.SqlStatementLogger [main] 
    drop table if exists `notifications`
2025-06-06 08:53:04,207 DEBUG o.h.e.j.s.SqlStatementLogger [main] 
    drop table if exists `paiements`
2025-06-06 08:53:04,249 DEBUG o.h.e.j.s.SqlStatementLogger [main] 
    drop table if exists `parents`
2025-06-06 08:53:04,286 DEBUG o.h.e.j.s.SqlStatementLogger [main] 
    drop table if exists `profil_utilisateur`
2025-06-06 08:53:04,295 DEBUG o.h.e.j.s.SqlStatementLogger [main] 
    drop table if exists `role`
2025-06-06 08:53:04,407 DEBUG o.h.e.j.s.SqlStatementLogger [main] 
    drop table if exists `sections`
2025-06-06 08:53:04,411 WARN o.h.t.s.i.ExceptionHandlerLoggedImpl [main] GenerationTarget encountered exception accepting command : Error executing DDL "
    drop table if exists `sections`" via JDBC [Cannot drop table 'sections' referenced by a foreign key constraint 'FKbu72kq4xd8qjcemytgfxel71l' on table 'students'.]
org.hibernate.tool.schema.spi.CommandAcceptanceException: Error executing DDL "
    drop table if exists `sections`" via JDBC [Cannot drop table 'sections' referenced by a foreign key constraint 'FKbu72kq4xd8qjcemytgfxel71l' on table 'students'.]
	at org.hibernate.tool.schema.internal.exec.GenerationTargetToDatabase.accept(GenerationTargetToDatabase.java:94)
	at org.hibernate.tool.schema.internal.Helper.applySqlString(Helper.java:233)
	at org.hibernate.tool.schema.internal.Helper.applySqlStrings(Helper.java:217)
	at org.hibernate.tool.schema.internal.SchemaDropperImpl.dropTables(SchemaDropperImpl.java:381)
	at org.hibernate.tool.schema.internal.SchemaDropperImpl.dropConstraintsTablesSequences(SchemaDropperImpl.java:253)
	at org.hibernate.tool.schema.internal.SchemaDropperImpl.dropFromMetadata(SchemaDropperImpl.java:215)
	at org.hibernate.tool.schema.internal.SchemaDropperImpl.performDrop(SchemaDropperImpl.java:185)
	at org.hibernate.tool.schema.internal.SchemaDropperImpl.doDrop(SchemaDropperImpl.java:155)
	at org.hibernate.tool.schema.internal.SchemaDropperImpl.doDrop(SchemaDropperImpl.java:115)
	at org.hibernate.tool.schema.spi.SchemaManagementToolCoordinator.performDatabaseAction(SchemaManagementToolCoordinator.java:238)
	at org.hibernate.tool.schema.spi.SchemaManagementToolCoordinator.lambda$process$5(SchemaManagementToolCoordinator.java:144)
	at java.base/java.util.HashMap.forEach(HashMap.java:1429)
	at org.hibernate.tool.schema.spi.SchemaManagementToolCoordinator.process(SchemaManagementToolCoordinator.java:141)
	at org.hibernate.boot.internal.SessionFactoryObserverForSchemaExport.sessionFactoryCreated(SessionFactoryObserverForSchemaExport.java:37)
	at org.hibernate.internal.SessionFactoryObserverChain.sessionFactoryCreated(SessionFactoryObserverChain.java:35)
	at org.hibernate.internal.SessionFactoryImpl.<init>(SessionFactoryImpl.java:322)
	at org.hibernate.boot.internal.SessionFactoryBuilderImpl.build(SessionFactoryBuilderImpl.java:457)
	at org.hibernate.jpa.boot.internal.EntityManagerFactoryBuilderImpl.build(EntityManagerFactoryBuilderImpl.java:1506)
	at org.springframework.orm.jpa.vendor.SpringHibernateJpaPersistenceProvider.createContainerEntityManagerFactory(SpringHibernateJpaPersistenceProvider.java:75)
	at org.springframework.orm.jpa.LocalContainerEntityManagerFactoryBean.createNativeEntityManagerFactory(LocalContainerEntityManagerFactoryBean.java:390)
	at org.springframework.orm.jpa.AbstractEntityManagerFactoryBean.buildNativeEntityManagerFactory(AbstractEntityManagerFactoryBean.java:409)
	at org.springframework.orm.jpa.AbstractEntityManagerFactoryBean.afterPropertiesSet(AbstractEntityManagerFactoryBean.java:396)
	at org.springframework.orm.jpa.LocalContainerEntityManagerFactoryBean.afterPropertiesSet(LocalContainerEntityManagerFactoryBean.java:366)
	at org.springframework.beans.factory.support.AbstractAutowireCapableBeanFactory.invokeInitMethods(AbstractAutowireCapableBeanFactory.java:1835)
	at org.springframework.beans.factory.support.AbstractAutowireCapableBeanFactory.initializeBean(AbstractAutowireCapableBeanFactory.java:1784)
	at org.springframework.beans.factory.support.AbstractAutowireCapableBeanFactory.doCreateBean(AbstractAutowireCapableBeanFactory.java:600)
	at org.springframework.beans.factory.support.AbstractAutowireCapableBeanFactory.createBean(AbstractAutowireCapableBeanFactory.java:522)
	at org.springframework.beans.factory.support.AbstractBeanFactory.lambda$doGetBean$0(AbstractBeanFactory.java:337)
	at org.springframework.beans.factory.support.DefaultSingletonBeanRegistry.getSingleton(DefaultSingletonBeanRegistry.java:234)
	at org.springframework.beans.factory.support.AbstractBeanFactory.doGetBean(AbstractBeanFactory.java:335)
	at org.springframework.beans.factory.support.AbstractBeanFactory.getBean(AbstractBeanFactory.java:205)
	at org.springframework.context.support.AbstractApplicationContext.finishBeanFactoryInitialization(AbstractApplicationContext.java:952)
	at org.springframework.context.support.AbstractApplicationContext.refresh(AbstractApplicationContext.java:624)
	at org.springframework.boot.web.servlet.context.ServletWebServerApplicationContext.refresh(ServletWebServerApplicationContext.java:146)
	at org.springframework.boot.SpringApplication.refresh(SpringApplication.java:754)
	at org.springframework.boot.SpringApplication.refreshContext(SpringApplication.java:456)
	at org.springframework.boot.SpringApplication.run(SpringApplication.java:335)
	at org.springframework.boot.SpringApplication.run(SpringApplication.java:1363)
	at org.springframework.boot.SpringApplication.run(SpringApplication.java:1352)
	at com.school.management.SchoolManagementApplication.main(SchoolManagementApplication.java:11)
Caused by: java.sql.SQLException: Cannot drop table 'sections' referenced by a foreign key constraint 'FKbu72kq4xd8qjcemytgfxel71l' on table 'students'.
	at com.mysql.cj.jdbc.exceptions.SQLError.createSQLException(SQLError.java:130)
	at com.mysql.cj.jdbc.exceptions.SQLExceptionsMapping.translateException(SQLExceptionsMapping.java:122)
	at com.mysql.cj.jdbc.StatementImpl.executeInternal(StatementImpl.java:770)
	at com.mysql.cj.jdbc.StatementImpl.execute(StatementImpl.java:653)
	at com.zaxxer.hikari.pool.ProxyStatement.execute(ProxyStatement.java:94)
	at com.zaxxer.hikari.pool.HikariProxyStatement.execute(HikariProxyStatement.java)
	at org.hibernate.tool.schema.internal.exec.GenerationTargetToDatabase.accept(GenerationTargetToDatabase.java:80)
	... 39 common frames omitted
2025-06-06 08:53:04,412 DEBUG o.h.e.j.s.SqlStatementLogger [main] 
    drop table if exists `sequence`
2025-06-06 08:53:04,420 DEBUG o.h.e.j.s.SqlStatementLogger [main] 
    drop table if exists `statut_annee`
2025-06-06 08:53:04,430 DEBUG o.h.e.j.s.SqlStatementLogger [main] 
    drop table if exists `student_progress_report`
2025-06-06 08:53:04,477 DEBUG o.h.e.j.s.SqlStatementLogger [main] 
    drop table if exists `students`
2025-06-06 08:53:04,544 DEBUG o.h.e.j.s.SqlStatementLogger [main] 
    drop table if exists `subject`
2025-06-06 08:53:04,577 DEBUG o.h.e.j.s.SqlStatementLogger [main] 
    drop table if exists `trimestre`
2025-06-06 08:53:04,582 DEBUG o.h.e.j.s.SqlStatementLogger [main] 
    drop table if exists `type_affectation`
2025-06-06 08:53:04,595 DEBUG o.h.e.j.s.SqlStatementLogger [main] 
    drop table if exists `utilisateur`
2025-06-06 08:53:04,630 DEBUG o.h.e.j.s.SqlStatementLogger [main] 
    create table `affectation` (
        `date_debut` date,
        `date_fin` date,
        `annee_scolaire_id` bigint not null,
        `classe_id` bigint not null,
        `created_at` datetime(6),
        `enseignant_id` bigint not null,
        `id` bigint not null auto_increment,
        `matiere_id` bigint not null,
        `updated_at` datetime(6),
        `type_code` varchar(20) not null,
        primary key (`id`)
    ) engine=InnoDB
2025-06-06 08:53:04,687 DEBUG o.h.e.j.s.SqlStatementLogger [main] 
    create table `annee_scolaire` (
        `date_debut` date not null,
        `date_fin` date not null,
        `created_at` datetime(6),
        `id` bigint not null auto_increment,
        `updated_at` datetime(6),
        `statut_code` varchar(20) not null,
        `libelle` varchar(50) not null,
        primary key (`id`)
    ) engine=InnoDB
2025-06-06 08:53:04,755 DEBUG o.h.e.j.s.SqlStatementLogger [main] 
    create table `classes` (
        `actif` bit,
        `capacite` integer,
        `created_at` datetime(6),
        `id` bigint not null auto_increment,
        `updated_at` datetime(6),
        `annee_scolaire` varchar(9) not null,
        `niveau` varchar(50) not null,
        `nom` varchar(100) not null,
        `description` varchar(500),
        primary key (`id`)
    ) engine=InnoDB
2025-06-06 08:53:04,762 WARN o.h.t.s.i.ExceptionHandlerLoggedImpl [main] GenerationTarget encountered exception accepting command : Error executing DDL "
    create table `classes` (
        `actif` bit,
        `capacite` integer,
        `created_at` datetime(6),
        `id` bigint not null auto_increment,
        `updated_at` datetime(6),
        `annee_scolaire` varchar(9) not null,
        `niveau` varchar(50) not null,
        `nom` varchar(100) not null,
        `description` varchar(500),
        primary key (`id`)
    ) engine=InnoDB" via JDBC [La table 'classes' existe déjà]
org.hibernate.tool.schema.spi.CommandAcceptanceException: Error executing DDL "
    create table `classes` (
        `actif` bit,
        `capacite` integer,
        `created_at` datetime(6),
        `id` bigint not null auto_increment,
        `updated_at` datetime(6),
        `annee_scolaire` varchar(9) not null,
        `niveau` varchar(50) not null,
        `nom` varchar(100) not null,
        `description` varchar(500),
        primary key (`id`)
    ) engine=InnoDB" via JDBC [La table 'classes' existe déjà]
	at org.hibernate.tool.schema.internal.exec.GenerationTargetToDatabase.accept(GenerationTargetToDatabase.java:94)
	at org.hibernate.tool.schema.internal.Helper.applySqlString(Helper.java:233)
	at org.hibernate.tool.schema.internal.Helper.applySqlStrings(Helper.java:217)
	at org.hibernate.tool.schema.internal.SchemaCreatorImpl.createTables(SchemaCreatorImpl.java:428)
	at org.hibernate.tool.schema.internal.SchemaCreatorImpl.createSequencesTablesConstraints(SchemaCreatorImpl.java:344)
	at org.hibernate.tool.schema.internal.SchemaCreatorImpl.createFromMetadata(SchemaCreatorImpl.java:239)
	at org.hibernate.tool.schema.internal.SchemaCreatorImpl.performCreation(SchemaCreatorImpl.java:172)
	at org.hibernate.tool.schema.internal.SchemaCreatorImpl.doCreation(SchemaCreatorImpl.java:142)
	at org.hibernate.tool.schema.internal.SchemaCreatorImpl.doCreation(SchemaCreatorImpl.java:118)
	at org.hibernate.tool.schema.spi.SchemaManagementToolCoordinator.performDatabaseAction(SchemaManagementToolCoordinator.java:250)
	at org.hibernate.tool.schema.spi.SchemaManagementToolCoordinator.lambda$process$5(SchemaManagementToolCoordinator.java:144)
	at java.base/java.util.HashMap.forEach(HashMap.java:1429)
	at org.hibernate.tool.schema.spi.SchemaManagementToolCoordinator.process(SchemaManagementToolCoordinator.java:141)
	at org.hibernate.boot.internal.SessionFactoryObserverForSchemaExport.sessionFactoryCreated(SessionFactoryObserverForSchemaExport.java:37)
	at org.hibernate.internal.SessionFactoryObserverChain.sessionFactoryCreated(SessionFactoryObserverChain.java:35)
	at org.hibernate.internal.SessionFactoryImpl.<init>(SessionFactoryImpl.java:322)
	at org.hibernate.boot.internal.SessionFactoryBuilderImpl.build(SessionFactoryBuilderImpl.java:457)
	at org.hibernate.jpa.boot.internal.EntityManagerFactoryBuilderImpl.build(EntityManagerFactoryBuilderImpl.java:1506)
	at org.springframework.orm.jpa.vendor.SpringHibernateJpaPersistenceProvider.createContainerEntityManagerFactory(SpringHibernateJpaPersistenceProvider.java:75)
	at org.springframework.orm.jpa.LocalContainerEntityManagerFactoryBean.createNativeEntityManagerFactory(LocalContainerEntityManagerFactoryBean.java:390)
	at org.springframework.orm.jpa.AbstractEntityManagerFactoryBean.buildNativeEntityManagerFactory(AbstractEntityManagerFactoryBean.java:409)
	at org.springframework.orm.jpa.AbstractEntityManagerFactoryBean.afterPropertiesSet(AbstractEntityManagerFactoryBean.java:396)
	at org.springframework.orm.jpa.LocalContainerEntityManagerFactoryBean.afterPropertiesSet(LocalContainerEntityManagerFactoryBean.java:366)
	at org.springframework.beans.factory.support.AbstractAutowireCapableBeanFactory.invokeInitMethods(AbstractAutowireCapableBeanFactory.java:1835)
	at org.springframework.beans.factory.support.AbstractAutowireCapableBeanFactory.initializeBean(AbstractAutowireCapableBeanFactory.java:1784)
	at org.springframework.beans.factory.support.AbstractAutowireCapableBeanFactory.doCreateBean(AbstractAutowireCapableBeanFactory.java:600)
	at org.springframework.beans.factory.support.AbstractAutowireCapableBeanFactory.createBean(AbstractAutowireCapableBeanFactory.java:522)
	at org.springframework.beans.factory.support.AbstractBeanFactory.lambda$doGetBean$0(AbstractBeanFactory.java:337)
	at org.springframework.beans.factory.support.DefaultSingletonBeanRegistry.getSingleton(DefaultSingletonBeanRegistry.java:234)
	at org.springframework.beans.factory.support.AbstractBeanFactory.doGetBean(AbstractBeanFactory.java:335)
	at org.springframework.beans.factory.support.AbstractBeanFactory.getBean(AbstractBeanFactory.java:205)
	at org.springframework.context.support.AbstractApplicationContext.finishBeanFactoryInitialization(AbstractApplicationContext.java:952)
	at org.springframework.context.support.AbstractApplicationContext.refresh(AbstractApplicationContext.java:624)
	at org.springframework.boot.web.servlet.context.ServletWebServerApplicationContext.refresh(ServletWebServerApplicationContext.java:146)
	at org.springframework.boot.SpringApplication.refresh(SpringApplication.java:754)
	at org.springframework.boot.SpringApplication.refreshContext(SpringApplication.java:456)
	at org.springframework.boot.SpringApplication.run(SpringApplication.java:335)
	at org.springframework.boot.SpringApplication.run(SpringApplication.java:1363)
	at org.springframework.boot.SpringApplication.run(SpringApplication.java:1352)
	at com.school.management.SchoolManagementApplication.main(SchoolManagementApplication.java:11)
Caused by: java.sql.SQLSyntaxErrorException: La table 'classes' existe déjà
	at com.mysql.cj.jdbc.exceptions.SQLError.createSQLException(SQLError.java:121)
	at com.mysql.cj.jdbc.exceptions.SQLExceptionsMapping.translateException(SQLExceptionsMapping.java:122)
	at com.mysql.cj.jdbc.StatementImpl.executeInternal(StatementImpl.java:770)
	at com.mysql.cj.jdbc.StatementImpl.execute(StatementImpl.java:653)
	at com.zaxxer.hikari.pool.ProxyStatement.execute(ProxyStatement.java:94)
	at com.zaxxer.hikari.pool.HikariProxyStatement.execute(HikariProxyStatement.java)
	at org.hibernate.tool.schema.internal.exec.GenerationTargetToDatabase.accept(GenerationTargetToDatabase.java:80)
	... 39 common frames omitted
2025-06-06 08:53:04,765 DEBUG o.h.e.j.s.SqlStatementLogger [main] 
    create table `document` (
        `date_ajout` datetime(6),
        `eleve_id` bigint,
        `id` bigint not null auto_increment,
        `chemin_fichier` varchar(255) not null,
        `type_document` enum ('AUTRE','BULLETIN','RECU') not null,
        primary key (`id`)
    ) engine=InnoDB
2025-06-06 08:53:04,814 DEBUG o.h.e.j.s.SqlStatementLogger [main] 
    create table `eleve` (
        `actif` bit,
        `date_naissance` date,
        `classe_id` bigint,
        `created_at` datetime(6),
        `date_inscription` datetime(6),
        `id` bigint not null auto_increment,
        `parent_id` bigint,
        `section_id` bigint,
        `updated_at` datetime(6),
        `genre` varchar(20),
        `email` varchar(100) not null,
        `nom` varchar(100) not null,
        `prenom` varchar(100) not null,
        `adresse` varchar(200),
        primary key (`id`)
    ) engine=InnoDB
2025-06-06 08:53:04,878 DEBUG o.h.e.j.s.SqlStatementLogger [main] 
    create table `enseignant` (
        `actif` bit,
        `created_at` datetime(6),
        `date_embauche` datetime(6),
        `id` bigint not null auto_increment,
        `section_id` bigint,
        `updated_at` datetime(6),
        `telephone` varchar(20),
        `niveau` varchar(50),
        `email` varchar(100) not null,
        `nom` varchar(100) not null,
        `prenom` varchar(100) not null,
        `specialite` varchar(100),
        primary key (`id`)
    ) engine=InnoDB
2025-06-06 08:53:04,907 DEBUG o.h.e.j.s.SqlStatementLogger [main] 
    create table `grade` (
        `grade` float(53) not null,
        `created_at` datetime(6),
        `id` bigint not null auto_increment,
        `student_id` bigint not null,
        `subject_id` bigint not null,
        `updated_at` datetime(6),
        `period` varchar(20) not null,
        `comments` varchar(500),
        primary key (`id`)
    ) engine=InnoDB
2025-06-06 08:53:04,948 DEBUG o.h.e.j.s.SqlStatementLogger [main] 
    create table `log_activite` (
        `date_action` datetime(6),
        `id` bigint not null auto_increment,
        `reference_id` bigint,
        `utilisateur_id` bigint not null,
        `ip_adresse` varchar(45),
        `table_cible` varchar(100),
        `action` varchar(255) not null,
        primary key (`id`)
    ) engine=InnoDB
2025-06-06 08:53:04,982 DEBUG o.h.e.j.s.SqlStatementLogger [main] 
    create table `matiere` (
        `coefficient` decimal(5,2) not null,
        `created_at` datetime(6),
        `id` bigint not null auto_increment,
        `updated_at` datetime(6),
        `nom` varchar(100) not null,
        primary key (`id`)
    ) engine=InnoDB
2025-06-06 08:53:05,016 DEBUG o.h.e.j.s.SqlStatementLogger [main] 
    create table `note` (
        `note` decimal(5,2) not null,
        `created_at` datetime(6) not null,
        `eleve_id` bigint not null,
        `id` bigint not null auto_increment,
        `matiere_id` bigint not null,
        `sequence_id` bigint not null,
        `trimestre_id` bigint,
        `updated_at` datetime(6),
        `commentaire` varchar(255),
        primary key (`id`)
    ) engine=InnoDB
2025-06-06 08:53:05,066 DEBUG o.h.e.j.s.SqlStatementLogger [main] 
    create table `notifications` (
        `read` bit,
        `created_at` datetime(6),
        `id` bigint not null auto_increment,
        `user_id` bigint,
        `message` varchar(255) not null,
        primary key (`id`)
    ) engine=InnoDB
2025-06-06 08:53:05,091 DEBUG o.h.e.j.s.SqlStatementLogger [main] 
    create table `paiements` (
        `date_paiement` date,
        `montant` decimal(38,2) not null,
        `eleve_id` bigint not null,
        `id` bigint not null auto_increment,
        `description` varchar(255),
        `type_paiement` varchar(255),
        primary key (`id`)
    ) engine=InnoDB
2025-06-06 08:53:05,123 DEBUG o.h.e.j.s.SqlStatementLogger [main] 
    create table `parents` (
        `id` bigint not null auto_increment,
        `adresse` varchar(255),
        `email` varchar(255),
        `nom` varchar(255) not null,
        `prenom` varchar(255) not null,
        `profession` varchar(255),
        `telephone` varchar(255),
        primary key (`id`)
    ) engine=InnoDB
2025-06-06 08:53:05,155 DEBUG o.h.e.j.s.SqlStatementLogger [main] 
    create table `profil_utilisateur` (
        `created_at` datetime(6),
        `id` bigint not null auto_increment,
        `reference_id` bigint not null,
        `updated_at` datetime(6),
        `utilisateur_id` bigint not null,
        `type_personne` enum ('AGENT','ELEVE','ENSEIGNANT','PARENT') not null,
        primary key (`id`)
    ) engine=InnoDB
2025-06-06 08:53:05,194 DEBUG o.h.e.j.s.SqlStatementLogger [main] 
    create table `role` (
        `id` bigint not null auto_increment,
        `libelle` varchar(50) not null,
        primary key (`id`)
    ) engine=InnoDB
2025-06-06 08:53:05,219 DEBUG o.h.e.j.s.SqlStatementLogger [main] 
    create table `sections` (
        `id` bigint not null auto_increment,
        `description` varchar(255),
        `nom` varchar(255) not null,
        primary key (`id`)
    ) engine=InnoDB
2025-06-06 08:53:05,223 WARN o.h.t.s.i.ExceptionHandlerLoggedImpl [main] GenerationTarget encountered exception accepting command : Error executing DDL "
    create table `sections` (
        `id` bigint not null auto_increment,
        `description` varchar(255),
        `nom` varchar(255) not null,
        primary key (`id`)
    ) engine=InnoDB" via JDBC [La table 'sections' existe déjà]
org.hibernate.tool.schema.spi.CommandAcceptanceException: Error executing DDL "
    create table `sections` (
        `id` bigint not null auto_increment,
        `description` varchar(255),
        `nom` varchar(255) not null,
        primary key (`id`)
    ) engine=InnoDB" via JDBC [La table 'sections' existe déjà]
	at org.hibernate.tool.schema.internal.exec.GenerationTargetToDatabase.accept(GenerationTargetToDatabase.java:94)
	at org.hibernate.tool.schema.internal.Helper.applySqlString(Helper.java:233)
	at org.hibernate.tool.schema.internal.Helper.applySqlStrings(Helper.java:217)
	at org.hibernate.tool.schema.internal.SchemaCreatorImpl.createTables(SchemaCreatorImpl.java:428)
	at org.hibernate.tool.schema.internal.SchemaCreatorImpl.createSequencesTablesConstraints(SchemaCreatorImpl.java:344)
	at org.hibernate.tool.schema.internal.SchemaCreatorImpl.createFromMetadata(SchemaCreatorImpl.java:239)
	at org.hibernate.tool.schema.internal.SchemaCreatorImpl.performCreation(SchemaCreatorImpl.java:172)
	at org.hibernate.tool.schema.internal.SchemaCreatorImpl.doCreation(SchemaCreatorImpl.java:142)
	at org.hibernate.tool.schema.internal.SchemaCreatorImpl.doCreation(SchemaCreatorImpl.java:118)
	at org.hibernate.tool.schema.spi.SchemaManagementToolCoordinator.performDatabaseAction(SchemaManagementToolCoordinator.java:250)
	at org.hibernate.tool.schema.spi.SchemaManagementToolCoordinator.lambda$process$5(SchemaManagementToolCoordinator.java:144)
	at java.base/java.util.HashMap.forEach(HashMap.java:1429)
	at org.hibernate.tool.schema.spi.SchemaManagementToolCoordinator.process(SchemaManagementToolCoordinator.java:141)
	at org.hibernate.boot.internal.SessionFactoryObserverForSchemaExport.sessionFactoryCreated(SessionFactoryObserverForSchemaExport.java:37)
	at org.hibernate.internal.SessionFactoryObserverChain.sessionFactoryCreated(SessionFactoryObserverChain.java:35)
	at org.hibernate.internal.SessionFactoryImpl.<init>(SessionFactoryImpl.java:322)
	at org.hibernate.boot.internal.SessionFactoryBuilderImpl.build(SessionFactoryBuilderImpl.java:457)
	at org.hibernate.jpa.boot.internal.EntityManagerFactoryBuilderImpl.build(EntityManagerFactoryBuilderImpl.java:1506)
	at org.springframework.orm.jpa.vendor.SpringHibernateJpaPersistenceProvider.createContainerEntityManagerFactory(SpringHibernateJpaPersistenceProvider.java:75)
	at org.springframework.orm.jpa.LocalContainerEntityManagerFactoryBean.createNativeEntityManagerFactory(LocalContainerEntityManagerFactoryBean.java:390)
	at org.springframework.orm.jpa.AbstractEntityManagerFactoryBean.buildNativeEntityManagerFactory(AbstractEntityManagerFactoryBean.java:409)
	at org.springframework.orm.jpa.AbstractEntityManagerFactoryBean.afterPropertiesSet(AbstractEntityManagerFactoryBean.java:396)
	at org.springframework.orm.jpa.LocalContainerEntityManagerFactoryBean.afterPropertiesSet(LocalContainerEntityManagerFactoryBean.java:366)
	at org.springframework.beans.factory.support.AbstractAutowireCapableBeanFactory.invokeInitMethods(AbstractAutowireCapableBeanFactory.java:1835)
	at org.springframework.beans.factory.support.AbstractAutowireCapableBeanFactory.initializeBean(AbstractAutowireCapableBeanFactory.java:1784)
	at org.springframework.beans.factory.support.AbstractAutowireCapableBeanFactory.doCreateBean(AbstractAutowireCapableBeanFactory.java:600)
	at org.springframework.beans.factory.support.AbstractAutowireCapableBeanFactory.createBean(AbstractAutowireCapableBeanFactory.java:522)
	at org.springframework.beans.factory.support.AbstractBeanFactory.lambda$doGetBean$0(AbstractBeanFactory.java:337)
	at org.springframework.beans.factory.support.DefaultSingletonBeanRegistry.getSingleton(DefaultSingletonBeanRegistry.java:234)
	at org.springframework.beans.factory.support.AbstractBeanFactory.doGetBean(AbstractBeanFactory.java:335)
	at org.springframework.beans.factory.support.AbstractBeanFactory.getBean(AbstractBeanFactory.java:205)
	at org.springframework.context.support.AbstractApplicationContext.finishBeanFactoryInitialization(AbstractApplicationContext.java:952)
	at org.springframework.context.support.AbstractApplicationContext.refresh(AbstractApplicationContext.java:624)
	at org.springframework.boot.web.servlet.context.ServletWebServerApplicationContext.refresh(ServletWebServerApplicationContext.java:146)
	at org.springframework.boot.SpringApplication.refresh(SpringApplication.java:754)
	at org.springframework.boot.SpringApplication.refreshContext(SpringApplication.java:456)
	at org.springframework.boot.SpringApplication.run(SpringApplication.java:335)
	at org.springframework.boot.SpringApplication.run(SpringApplication.java:1363)
	at org.springframework.boot.SpringApplication.run(SpringApplication.java:1352)
	at com.school.management.SchoolManagementApplication.main(SchoolManagementApplication.java:11)
Caused by: java.sql.SQLSyntaxErrorException: La table 'sections' existe déjà
	at com.mysql.cj.jdbc.exceptions.SQLError.createSQLException(SQLError.java:121)
	at com.mysql.cj.jdbc.exceptions.SQLExceptionsMapping.translateException(SQLExceptionsMapping.java:122)
	at com.mysql.cj.jdbc.StatementImpl.executeInternal(StatementImpl.java:770)
	at com.mysql.cj.jdbc.StatementImpl.execute(StatementImpl.java:653)
	at com.zaxxer.hikari.pool.ProxyStatement.execute(ProxyStatement.java:94)
	at com.zaxxer.hikari.pool.HikariProxyStatement.execute(HikariProxyStatement.java)
	at org.hibernate.tool.schema.internal.exec.GenerationTargetToDatabase.accept(GenerationTargetToDatabase.java:80)
	... 39 common frames omitted
2025-06-06 08:53:05,225 DEBUG o.h.e.j.s.SqlStatementLogger [main] 
    create table `sequence` (
        `numero` integer not null,
        `created_at` datetime(6),
        `id` bigint not null auto_increment,
        `trimestre_id` bigint not null,
        `updated_at` datetime(6),
        `libelle` varchar(50) not null,
        primary key (`id`)
    ) engine=InnoDB
2025-06-06 08:53:05,258 DEBUG o.h.e.j.s.SqlStatementLogger [main] 
    create table `statut_annee` (
        `code` varchar(20) not null,
        `libelle` varchar(100) not null,
        primary key (`code`)
    ) engine=InnoDB
2025-06-06 08:53:05,288 DEBUG o.h.e.j.s.SqlStatementLogger [main] 
    create table `student_progress_report` (
        `attendance_rate` float(53),
        `average_grade` float(53),
        `created_at` datetime(6),
        `id` bigint not null auto_increment,
        `student_id` bigint not null,
        `updated_at` datetime(6),
        `period` varchar(20) not null,
        `comments` varchar(1000),
        primary key (`id`)
    ) engine=InnoDB
2025-06-06 08:53:05,327 DEBUG o.h.e.j.s.SqlStatementLogger [main] 
    create table `students` (
        `actif` bit,
        `date_naissance` date not null,
        `genre` varchar(1),
        `classe_id` bigint,
        `created_at` datetime(6),
        `date_inscription` datetime(6) not null,
        `id` bigint not null auto_increment,
        `section_id` bigint,
        `updated_at` datetime(6),
        `telephone` varchar(20),
        `section_name` varchar(50),
        `email` varchar(100) not null,
        `nom` varchar(100) not null,
        `nom_classe` varchar(100),
        `nom_parent` varchar(100),
        `prenom` varchar(100) not null,
        `adresse` varchar(200),
        primary key (`id`)
    ) engine=InnoDB
2025-06-06 08:53:05,367 DEBUG o.h.e.j.s.SqlStatementLogger [main] 
    create table `subject` (
        `actif` bit,
        `coefficient` integer,
        `created_at` datetime(6),
        `id` bigint not null auto_increment,
        `updated_at` datetime(6),
        `code` varchar(20) not null,
        `nom` varchar(100) not null,
        `description` varchar(500),
        primary key (`id`)
    ) engine=InnoDB
2025-06-06 08:53:05,399 DEBUG o.h.e.j.s.SqlStatementLogger [main] 
    create table `trimestre` (
        `numero` integer not null,
        `annee_scolaire_id` bigint not null,
        `created_at` datetime(6),
        `id` bigint not null auto_increment,
        `updated_at` datetime(6),
        `libelle` varchar(50) not null,
        primary key (`id`)
    ) engine=InnoDB
2025-06-06 08:53:05,432 DEBUG o.h.e.j.s.SqlStatementLogger [main] 
    create table `type_affectation` (
        `code` varchar(20) not null,
        `libelle` varchar(100) not null,
        primary key (`code`)
    ) engine=InnoDB
2025-06-06 08:53:05,466 DEBUG o.h.e.j.s.SqlStatementLogger [main] 
    create table `utilisateur` (
        `actif` bit,
        `created_at` datetime(6),
        `id` bigint not null auto_increment,
        `last_login` datetime(6),
        `role_id` bigint not null,
        `updated_at` datetime(6),
        `email` varchar(100) not null,
        `nom` varchar(100) not null,
        `mot_de_passe` varchar(255) not null,
        `reset_token` varchar(255),
        `type_personne` enum ('ADMIN','AGENT','ELEVE','ENSEIGNANT','PARENT') not null,
        primary key (`id`)
    ) engine=InnoDB
2025-06-06 08:53:05,499 DEBUG o.h.e.j.s.SqlStatementLogger [main] 
    alter table `eleve` 
       add constraint `UK3je7qooa79q4tilrndh8oam3m` unique (`email`)
2025-06-06 08:53:05,560 DEBUG o.h.e.j.s.SqlStatementLogger [main] 
    alter table `enseignant` 
       add constraint `UK6ex91blq02gqxj28ap08w4ncw` unique (`email`)
2025-06-06 08:53:05,585 DEBUG o.h.e.j.s.SqlStatementLogger [main] 
    alter table `parents` 
       add constraint `UKtlrv9uh1txn4xn3kfyfbr5cii` unique (`email`)
2025-06-06 08:53:05,633 DEBUG o.h.e.j.s.SqlStatementLogger [main] 
    alter table `role` 
       add constraint `UK7qkwo5clnu41lgrl4rp23bfl7` unique (`libelle`)
2025-06-06 08:53:05,674 DEBUG o.h.e.j.s.SqlStatementLogger [main] 
    alter table `students` 
       add constraint `UK7f453ket6kpg0a77vjnv9wa90` unique (`email`)
2025-06-06 08:53:05,723 DEBUG o.h.e.j.s.SqlStatementLogger [main] 
    alter table `subject` 
       add constraint `UKp5bbvemlyhcg54gx8cu27n5r4` unique (`code`)
2025-06-06 08:53:05,770 DEBUG o.h.e.j.s.SqlStatementLogger [main] 
    alter table `utilisateur` 
       add constraint `UKhko75y8lmcl7h4qc1sgpu9ekf` unique (`email`)
2025-06-06 08:53:05,831 DEBUG o.h.e.j.s.SqlStatementLogger [main] 
    alter table `affectation` 
       add constraint `FK9eu96qf7kye9sf1pmecfd0yfm` 
       foreign key (`annee_scolaire_id`) 
       references `annee_scolaire` (`id`)
2025-06-06 08:53:05,947 DEBUG o.h.e.j.s.SqlStatementLogger [main] 
    alter table `affectation` 
       add constraint `FKpe0bo22qt45crdtir2olejjyg` 
       foreign key (`classe_id`) 
       references `classes` (`id`)
2025-06-06 08:53:06,126 DEBUG o.h.e.j.s.SqlStatementLogger [main] 
    alter table `affectation` 
       add constraint `FK3av7c7bm789r6knql1ykv0iuh` 
       foreign key (`enseignant_id`) 
       references `enseignant` (`id`)
2025-06-06 08:53:06,253 DEBUG o.h.e.j.s.SqlStatementLogger [main] 
    alter table `affectation` 
       add constraint `FKbd6pqb4xm1b2f6dsjng6t9vy1` 
       foreign key (`matiere_id`) 
       references `matiere` (`id`)
2025-06-06 08:53:06,400 DEBUG o.h.e.j.s.SqlStatementLogger [main] 
    alter table `document` 
       add constraint `FK4uxipd5g6ulta9p7gt3992osv` 
       foreign key (`eleve_id`) 
       references `eleve` (`id`)
2025-06-06 08:53:06,489 DEBUG o.h.e.j.s.SqlStatementLogger [main] 
    alter table `eleve` 
       add constraint `FKak1ytyiywaoq3w1wjuwpdu81p` 
       foreign key (`classe_id`) 
       references `classes` (`id`)
2025-06-06 08:53:06,637 DEBUG o.h.e.j.s.SqlStatementLogger [main] 
    alter table `eleve` 
       add constraint `FK31spnejrvma8oawmo11nku169` 
       foreign key (`parent_id`) 
       references `parents` (`id`)
2025-06-06 08:53:06,799 DEBUG o.h.e.j.s.SqlStatementLogger [main] 
    alter table `eleve` 
       add constraint `FKfpstf9bai3b6n4qu9wsx077ja` 
       foreign key (`section_id`) 
       references `sections` (`id`)
2025-06-06 08:53:06,929 DEBUG o.h.e.j.s.SqlStatementLogger [main] 
    alter table `enseignant` 
       add constraint `FKh4do9onk9pwd1p5hpdl2jlvsw` 
       foreign key (`section_id`) 
       references `sections` (`id`)
2025-06-06 08:53:07,050 DEBUG o.h.e.j.s.SqlStatementLogger [main] 
    alter table `grade` 
       add constraint `FKipf4njw2w6vostd6y4ti401mm` 
       foreign key (`student_id`) 
       references `utilisateur` (`id`)
2025-06-06 08:53:07,152 DEBUG o.h.e.j.s.SqlStatementLogger [main] 
    alter table `grade` 
       add constraint `FKga475phybm7f4xh2qgjlm4tef` 
       foreign key (`subject_id`) 
       references `subject` (`id`)
2025-06-06 08:53:07,245 DEBUG o.h.e.j.s.SqlStatementLogger [main] 
    alter table `log_activite` 
       add constraint `FKrfsnh1x7lprexosg0odve3edk` 
       foreign key (`utilisateur_id`) 
       references `utilisateur` (`id`)
2025-06-06 08:53:07,357 DEBUG o.h.e.j.s.SqlStatementLogger [main] 
    alter table `note` 
       add constraint `FKckjcf0lcp26yn81tkbiyyvpxs` 
       foreign key (`eleve_id`) 
       references `eleve` (`id`)
2025-06-06 08:53:07,468 DEBUG o.h.e.j.s.SqlStatementLogger [main] 
    alter table `note` 
       add constraint `FKce6fgrwojbdjuyfobkryhsubc` 
       foreign key (`matiere_id`) 
       references `matiere` (`id`)
2025-06-06 08:53:07,579 DEBUG o.h.e.j.s.SqlStatementLogger [main] 
    alter table `note` 
       add constraint `FKnx3h3lbhngn4he4lrc8ylhrxh` 
       foreign key (`sequence_id`) 
       references `sequence` (`id`)
2025-06-06 08:53:07,712 DEBUG o.h.e.j.s.SqlStatementLogger [main] 
    alter table `note` 
       add constraint `FKsq8sa1xg25htraxpx0ylx3lgk` 
       foreign key (`trimestre_id`) 
       references `trimestre` (`id`)
2025-06-06 08:53:09,539 DEBUG o.h.e.j.s.SqlStatementLogger [main] 
    alter table `paiements` 
       add constraint `FKafefes0eqpleg9i7g6mvt6xhh` 
       foreign key (`eleve_id`) 
       references `eleve` (`id`)
2025-06-06 08:53:09,679 DEBUG o.h.e.j.s.SqlStatementLogger [main] 
    alter table `profil_utilisateur` 
       add constraint `FK177de5xq3y87tjxuwctokx341` 
       foreign key (`utilisateur_id`) 
       references `utilisateur` (`id`)
2025-06-06 08:53:09,784 DEBUG o.h.e.j.s.SqlStatementLogger [main] 
    alter table `sequence` 
       add constraint `FKclybiy2bjbpf0ejgg6rq51ynf` 
       foreign key (`trimestre_id`) 
       references `trimestre` (`id`)
2025-06-06 08:53:09,896 DEBUG o.h.e.j.s.SqlStatementLogger [main] 
    alter table `student_progress_report` 
       add constraint `FK1u5j5o832a13lgcq3foy1g3rr` 
       foreign key (`student_id`) 
       references `utilisateur` (`id`)
2025-06-06 08:53:09,981 DEBUG o.h.e.j.s.SqlStatementLogger [main] 
    alter table `students` 
       add constraint `FKtb9nirq953dcf0onxisl98ni1` 
       foreign key (`classe_id`) 
       references `classes` (`id`)
2025-06-06 08:53:10,091 DEBUG o.h.e.j.s.SqlStatementLogger [main] 
    alter table `students` 
       add constraint `FKgkvw6901117nqyb8tyx3gmpk5` 
       foreign key (`section_id`) 
       references `sections` (`id`)
2025-06-06 08:53:10,220 DEBUG o.h.e.j.s.SqlStatementLogger [main] 
    alter table `trimestre` 
       add constraint `FKql50yxg7ydwdp4uom1mltlbkr` 
       foreign key (`annee_scolaire_id`) 
       references `annee_scolaire` (`id`)
2025-06-06 08:53:10,386 DEBUG o.h.e.j.s.SqlStatementLogger [main] 
    alter table `utilisateur` 
       add constraint `FKmjx8u4qqtx1pp4g0tpmuf3yb9` 
       foreign key (`role_id`) 
       references `role` (`id`)
2025-06-06 08:53:10,531 INFO o.s.o.j.AbstractEntityManagerFactoryBean [main] Initialized JPA EntityManagerFactory for persistence unit 'default'
2025-06-06 08:53:13,312 WARN o.s.c.s.AbstractApplicationContext [main] Exception encountered during context initialization - cancelling refresh attempt: org.springframework.beans.factory.UnsatisfiedDependencyException: Error creating bean with name 'gradeController' defined in file [C:\Users\GLOBAL STORE\Documents\Primary-School\backend\build\classes\java\main\com\school\management\controller\GradeController.class]: Unsatisfied dependency expressed through constructor parameter 0: Error creating bean with name 'gradeService' defined in file [C:\Users\GLOBAL STORE\Documents\Primary-School\backend\build\classes\java\main\com\school\management\service\GradeService.class]: Unsatisfied dependency expressed through constructor parameter 0: Error creating bean with name 'noteRepository' defined in com.school.management.repository.NoteRepository defined in @EnableJpaRepositories declared on JpaRepositoriesRegistrar.EnableJpaRepositoriesConfiguration: Could not create query for public abstract org.springframework.data.domain.Page com.school.management.repository.NoteRepository.findByEleveIdAndPeriod(java.lang.Long,java.lang.String,org.springframework.data.domain.Pageable); Reason: Failed to create query for method public abstract org.springframework.data.domain.Page com.school.management.repository.NoteRepository.findByEleveIdAndPeriod(java.lang.Long,java.lang.String,org.springframework.data.domain.Pageable); No property 'period' found for type 'Note'
2025-06-06 08:53:13,313 INFO o.s.o.j.AbstractEntityManagerFactoryBean [main] Closing JPA EntityManagerFactory for persistence unit 'default'
2025-06-06 08:53:13,326 DEBUG o.h.e.j.s.SqlStatementLogger [main] 
    alter table `affectation` 
       drop 
       foreign key `FK9eu96qf7kye9sf1pmecfd0yfm`
2025-06-06 08:53:14,867 DEBUG o.h.e.j.s.SqlStatementLogger [main] 
    alter table `affectation` 
       drop 
       foreign key `FKpe0bo22qt45crdtir2olejjyg`
2025-06-06 08:53:14,889 DEBUG o.h.e.j.s.SqlStatementLogger [main] 
    alter table `affectation` 
       drop 
       foreign key `FK3av7c7bm789r6knql1ykv0iuh`
2025-06-06 08:53:14,926 DEBUG o.h.e.j.s.SqlStatementLogger [main] 
    alter table `affectation` 
       drop 
       foreign key `FKbd6pqb4xm1b2f6dsjng6t9vy1`
2025-06-06 08:53:14,970 DEBUG o.h.e.j.s.SqlStatementLogger [main] 
    alter table `document` 
       drop 
       foreign key `FK4uxipd5g6ulta9p7gt3992osv`
2025-06-06 08:53:15,036 DEBUG o.h.e.j.s.SqlStatementLogger [main] 
    alter table `eleve` 
       drop 
       foreign key `FKak1ytyiywaoq3w1wjuwpdu81p`
2025-06-06 08:53:15,298 DEBUG o.h.e.j.s.SqlStatementLogger [main] 
    alter table `eleve` 
       drop 
       foreign key `FK31spnejrvma8oawmo11nku169`
2025-06-06 08:53:15,496 DEBUG o.h.e.j.s.SqlStatementLogger [main] 
    alter table `eleve` 
       drop 
       foreign key `FKfpstf9bai3b6n4qu9wsx077ja`
2025-06-06 08:53:15,662 DEBUG o.h.e.j.s.SqlStatementLogger [main] 
    alter table `enseignant` 
       drop 
       foreign key `FKh4do9onk9pwd1p5hpdl2jlvsw`
2025-06-06 08:53:15,688 DEBUG o.h.e.j.s.SqlStatementLogger [main] 
    alter table `grade` 
       drop 
       foreign key `FKipf4njw2w6vostd6y4ti401mm`
2025-06-06 08:53:15,728 DEBUG o.h.e.j.s.SqlStatementLogger [main] 
    alter table `grade` 
       drop 
       foreign key `FKga475phybm7f4xh2qgjlm4tef`
2025-06-06 08:53:15,755 DEBUG o.h.e.j.s.SqlStatementLogger [main] 
    alter table `log_activite` 
       drop 
       foreign key `FKrfsnh1x7lprexosg0odve3edk`
2025-06-06 08:53:15,841 DEBUG o.h.e.j.s.SqlStatementLogger [main] 
    alter table `note` 
       drop 
       foreign key `FKckjcf0lcp26yn81tkbiyyvpxs`
2025-06-06 08:53:15,881 DEBUG o.h.e.j.s.SqlStatementLogger [main] 
    alter table `note` 
       drop 
       foreign key `FKce6fgrwojbdjuyfobkryhsubc`
2025-06-06 08:53:15,905 DEBUG o.h.e.j.s.SqlStatementLogger [main] 
    alter table `note` 
       drop 
       foreign key `FKnx3h3lbhngn4he4lrc8ylhrxh`
2025-06-06 08:53:15,924 DEBUG o.h.e.j.s.SqlStatementLogger [main] 
    alter table `note` 
       drop 
       foreign key `FKsq8sa1xg25htraxpx0ylx3lgk`
2025-06-06 08:53:15,981 DEBUG o.h.e.j.s.SqlStatementLogger [main] 
    alter table `paiements` 
       drop 
       foreign key `FKafefes0eqpleg9i7g6mvt6xhh`
2025-06-06 08:53:16,007 DEBUG o.h.e.j.s.SqlStatementLogger [main] 
    alter table `profil_utilisateur` 
       drop 
       foreign key `FK177de5xq3y87tjxuwctokx341`
2025-06-06 08:53:16,030 DEBUG o.h.e.j.s.SqlStatementLogger [main] 
    alter table `sequence` 
       drop 
       foreign key `FKclybiy2bjbpf0ejgg6rq51ynf`
2025-06-06 08:53:16,049 DEBUG o.h.e.j.s.SqlStatementLogger [main] 
    alter table `student_progress_report` 
       drop 
       foreign key `FK1u5j5o832a13lgcq3foy1g3rr`
2025-06-06 08:53:16,076 DEBUG o.h.e.j.s.SqlStatementLogger [main] 
    alter table `students` 
       drop 
       foreign key `FKtb9nirq953dcf0onxisl98ni1`
2025-06-06 08:53:16,155 DEBUG o.h.e.j.s.SqlStatementLogger [main] 
    alter table `students` 
       drop 
       foreign key `FKgkvw6901117nqyb8tyx3gmpk5`
2025-06-06 08:53:16,182 DEBUG o.h.e.j.s.SqlStatementLogger [main] 
    alter table `trimestre` 
       drop 
       foreign key `FKql50yxg7ydwdp4uom1mltlbkr`
2025-06-06 08:53:16,216 DEBUG o.h.e.j.s.SqlStatementLogger [main] 
    alter table `utilisateur` 
       drop 
       foreign key `FKmjx8u4qqtx1pp4g0tpmuf3yb9`
2025-06-06 08:53:16,245 DEBUG o.h.e.j.s.SqlStatementLogger [main] 
    drop table if exists `affectation`
2025-06-06 08:53:16,272 DEBUG o.h.e.j.s.SqlStatementLogger [main] 
    drop table if exists `annee_scolaire`
2025-06-06 08:53:16,317 DEBUG o.h.e.j.s.SqlStatementLogger [main] 
    drop table if exists `classes`
2025-06-06 08:53:16,392 DEBUG o.h.e.j.s.SqlStatementLogger [main] 
    drop table if exists `document`
2025-06-06 08:53:16,428 DEBUG o.h.e.j.s.SqlStatementLogger [main] 
    drop table if exists `eleve`
2025-06-06 08:53:16,481 DEBUG o.h.e.j.s.SqlStatementLogger [main] 
    drop table if exists `enseignant`
2025-06-06 08:53:16,504 DEBUG o.h.e.j.s.SqlStatementLogger [main] 
    drop table if exists `grade`
2025-06-06 08:53:16,529 DEBUG o.h.e.j.s.SqlStatementLogger [main] 
    drop table if exists `log_activite`
2025-06-06 08:53:16,552 DEBUG o.h.e.j.s.SqlStatementLogger [main] 
    drop table if exists `matiere`
2025-06-06 08:53:17,212 DEBUG o.h.e.j.s.SqlStatementLogger [main] 
    drop table if exists `note`
2025-06-06 08:53:17,244 DEBUG o.h.e.j.s.SqlStatementLogger [main] 
    drop table if exists `notifications`
2025-06-06 08:53:17,263 DEBUG o.h.e.j.s.SqlStatementLogger [main] 
    drop table if exists `paiements`
2025-06-06 08:53:17,299 DEBUG o.h.e.j.s.SqlStatementLogger [main] 
    drop table if exists `parents`
2025-06-06 08:53:17,318 DEBUG o.h.e.j.s.SqlStatementLogger [main] 
    drop table if exists `profil_utilisateur`
2025-06-06 08:53:17,335 DEBUG o.h.e.j.s.SqlStatementLogger [main] 
    drop table if exists `role`
2025-06-06 08:53:17,369 DEBUG o.h.e.j.s.SqlStatementLogger [main] 
    drop table if exists `sections`
2025-06-06 08:53:17,384 DEBUG o.h.e.j.s.SqlStatementLogger [main] 
    drop table if exists `sequence`
2025-06-06 08:53:17,402 DEBUG o.h.e.j.s.SqlStatementLogger [main] 
    drop table if exists `statut_annee`
2025-06-06 08:53:17,439 DEBUG o.h.e.j.s.SqlStatementLogger [main] 
    drop table if exists `student_progress_report`
2025-06-06 08:53:17,458 DEBUG o.h.e.j.s.SqlStatementLogger [main] 
    drop table if exists `students`
2025-06-06 08:53:17,483 DEBUG o.h.e.j.s.SqlStatementLogger [main] 
    drop table if exists `subject`
2025-06-06 08:53:17,520 DEBUG o.h.e.j.s.SqlStatementLogger [main] 
    drop table if exists `trimestre`
2025-06-06 08:53:17,542 DEBUG o.h.e.j.s.SqlStatementLogger [main] 
    drop table if exists `type_affectation`
2025-06-06 08:53:17,556 DEBUG o.h.e.j.s.SqlStatementLogger [main] 
    drop table if exists `utilisateur`
2025-06-06 08:53:17,579 INFO c.z.h.HikariDataSource [main] HikariPool-1 - Shutdown initiated...
2025-06-06 08:53:17,597 INFO c.z.h.HikariDataSource [main] HikariPool-1 - Shutdown completed.
2025-06-06 08:53:17,600 INFO o.a.j.l.DirectJDKLog [main] Stopping service [Tomcat]
2025-06-06 08:53:17,661 INFO o.s.b.a.l.ConditionEvaluationReportLogger [main] 

Error starting ApplicationContext. To display the condition evaluation report re-run your application with 'debug' enabled.
2025-06-06 08:53:17,735 ERROR o.s.b.SpringApplication [main] Application run failed
org.springframework.beans.factory.UnsatisfiedDependencyException: Error creating bean with name 'gradeController' defined in file [C:\Users\GLOBAL STORE\Documents\Primary-School\backend\build\classes\java\main\com\school\management\controller\GradeController.class]: Unsatisfied dependency expressed through constructor parameter 0: Error creating bean with name 'gradeService' defined in file [C:\Users\GLOBAL STORE\Documents\Primary-School\backend\build\classes\java\main\com\school\management\service\GradeService.class]: Unsatisfied dependency expressed through constructor parameter 0: Error creating bean with name 'noteRepository' defined in com.school.management.repository.NoteRepository defined in @EnableJpaRepositories declared on JpaRepositoriesRegistrar.EnableJpaRepositoriesConfiguration: Could not create query for public abstract org.springframework.data.domain.Page com.school.management.repository.NoteRepository.findByEleveIdAndPeriod(java.lang.Long,java.lang.String,org.springframework.data.domain.Pageable); Reason: Failed to create query for method public abstract org.springframework.data.domain.Page com.school.management.repository.NoteRepository.findByEleveIdAndPeriod(java.lang.Long,java.lang.String,org.springframework.data.domain.Pageable); No property 'period' found for type 'Note'
	at org.springframework.beans.factory.support.ConstructorResolver.createArgumentArray(ConstructorResolver.java:795)
	at org.springframework.beans.factory.support.ConstructorResolver.autowireConstructor(ConstructorResolver.java:237)
	at org.springframework.beans.factory.support.AbstractAutowireCapableBeanFactory.autowireConstructor(AbstractAutowireCapableBeanFactory.java:1357)
	at org.springframework.beans.factory.support.AbstractAutowireCapableBeanFactory.createBeanInstance(AbstractAutowireCapableBeanFactory.java:1194)
	at org.springframework.beans.factory.support.AbstractAutowireCapableBeanFactory.doCreateBean(AbstractAutowireCapableBeanFactory.java:562)
	at org.springframework.beans.factory.support.AbstractAutowireCapableBeanFactory.createBean(AbstractAutowireCapableBeanFactory.java:522)
	at org.springframework.beans.factory.support.AbstractBeanFactory.lambda$doGetBean$0(AbstractBeanFactory.java:337)
	at org.springframework.beans.factory.support.DefaultSingletonBeanRegistry.getSingleton(DefaultSingletonBeanRegistry.java:234)
	at org.springframework.beans.factory.support.AbstractBeanFactory.doGetBean(AbstractBeanFactory.java:335)
	at org.springframework.beans.factory.support.AbstractBeanFactory.getBean(AbstractBeanFactory.java:200)
	at org.springframework.beans.factory.support.DefaultListableBeanFactory.preInstantiateSingletons(DefaultListableBeanFactory.java:975)
	at org.springframework.context.support.AbstractApplicationContext.finishBeanFactoryInitialization(AbstractApplicationContext.java:962)
	at org.springframework.context.support.AbstractApplicationContext.refresh(AbstractApplicationContext.java:624)
	at org.springframework.boot.web.servlet.context.ServletWebServerApplicationContext.refresh(ServletWebServerApplicationContext.java:146)
	at org.springframework.boot.SpringApplication.refresh(SpringApplication.java:754)
	at org.springframework.boot.SpringApplication.refreshContext(SpringApplication.java:456)
	at org.springframework.boot.SpringApplication.run(SpringApplication.java:335)
	at org.springframework.boot.SpringApplication.run(SpringApplication.java:1363)
	at org.springframework.boot.SpringApplication.run(SpringApplication.java:1352)
	at com.school.management.SchoolManagementApplication.main(SchoolManagementApplication.java:11)
Caused by: org.springframework.beans.factory.UnsatisfiedDependencyException: Error creating bean with name 'gradeService' defined in file [C:\Users\GLOBAL STORE\Documents\Primary-School\backend\build\classes\java\main\com\school\management\service\GradeService.class]: Unsatisfied dependency expressed through constructor parameter 0: Error creating bean with name 'noteRepository' defined in com.school.management.repository.NoteRepository defined in @EnableJpaRepositories declared on JpaRepositoriesRegistrar.EnableJpaRepositoriesConfiguration: Could not create query for public abstract org.springframework.data.domain.Page com.school.management.repository.NoteRepository.findByEleveIdAndPeriod(java.lang.Long,java.lang.String,org.springframework.data.domain.Pageable); Reason: Failed to create query for method public abstract org.springframework.data.domain.Page com.school.management.repository.NoteRepository.findByEleveIdAndPeriod(java.lang.Long,java.lang.String,org.springframework.data.domain.Pageable); No property 'period' found for type 'Note'
	at org.springframework.beans.factory.support.ConstructorResolver.createArgumentArray(ConstructorResolver.java:795)
	at org.springframework.beans.factory.support.ConstructorResolver.autowireConstructor(ConstructorResolver.java:237)
	at org.springframework.beans.factory.support.AbstractAutowireCapableBeanFactory.autowireConstructor(AbstractAutowireCapableBeanFactory.java:1357)
	at org.springframework.beans.factory.support.AbstractAutowireCapableBeanFactory.createBeanInstance(AbstractAutowireCapableBeanFactory.java:1194)
	at org.springframework.beans.factory.support.AbstractAutowireCapableBeanFactory.doCreateBean(AbstractAutowireCapableBeanFactory.java:562)
	at org.springframework.beans.factory.support.AbstractAutowireCapableBeanFactory.createBean(AbstractAutowireCapableBeanFactory.java:522)
	at org.springframework.beans.factory.support.AbstractBeanFactory.lambda$doGetBean$0(AbstractBeanFactory.java:337)
	at org.springframework.beans.factory.support.DefaultSingletonBeanRegistry.getSingleton(DefaultSingletonBeanRegistry.java:234)
	at org.springframework.beans.factory.support.AbstractBeanFactory.doGetBean(AbstractBeanFactory.java:335)
	at org.springframework.beans.factory.support.AbstractBeanFactory.getBean(AbstractBeanFactory.java:200)
	at org.springframework.beans.factory.config.DependencyDescriptor.resolveCandidate(DependencyDescriptor.java:254)
	at org.springframework.beans.factory.support.DefaultListableBeanFactory.doResolveDependency(DefaultListableBeanFactory.java:1443)
	at org.springframework.beans.factory.support.DefaultListableBeanFactory.resolveDependency(DefaultListableBeanFactory.java:1353)
	at org.springframework.beans.factory.support.ConstructorResolver.resolveAutowiredArgument(ConstructorResolver.java:904)
	at org.springframework.beans.factory.support.ConstructorResolver.createArgumentArray(ConstructorResolver.java:782)
	... 19 common frames omitted
Caused by: org.springframework.beans.factory.BeanCreationException: Error creating bean with name 'noteRepository' defined in com.school.management.repository.NoteRepository defined in @EnableJpaRepositories declared on JpaRepositoriesRegistrar.EnableJpaRepositoriesConfiguration: Could not create query for public abstract org.springframework.data.domain.Page com.school.management.repository.NoteRepository.findByEleveIdAndPeriod(java.lang.Long,java.lang.String,org.springframework.data.domain.Pageable); Reason: Failed to create query for method public abstract org.springframework.data.domain.Page com.school.management.repository.NoteRepository.findByEleveIdAndPeriod(java.lang.Long,java.lang.String,org.springframework.data.domain.Pageable); No property 'period' found for type 'Note'
	at org.springframework.beans.factory.support.AbstractAutowireCapableBeanFactory.initializeBean(AbstractAutowireCapableBeanFactory.java:1788)
	at org.springframework.beans.factory.support.AbstractAutowireCapableBeanFactory.doCreateBean(AbstractAutowireCapableBeanFactory.java:600)
	at org.springframework.beans.factory.support.AbstractAutowireCapableBeanFactory.createBean(AbstractAutowireCapableBeanFactory.java:522)
	at org.springframework.beans.factory.support.AbstractBeanFactory.lambda$doGetBean$0(AbstractBeanFactory.java:337)
	at org.springframework.beans.factory.support.DefaultSingletonBeanRegistry.getSingleton(DefaultSingletonBeanRegistry.java:234)
	at org.springframework.beans.factory.support.AbstractBeanFactory.doGetBean(AbstractBeanFactory.java:335)
	at org.springframework.beans.factory.support.AbstractBeanFactory.getBean(AbstractBeanFactory.java:200)
	at org.springframework.beans.factory.config.DependencyDescriptor.resolveCandidate(DependencyDescriptor.java:254)
	at org.springframework.beans.factory.support.DefaultListableBeanFactory.doResolveDependency(DefaultListableBeanFactory.java:1443)
	at org.springframework.beans.factory.support.DefaultListableBeanFactory.resolveDependency(DefaultListableBeanFactory.java:1353)
	at org.springframework.beans.factory.support.ConstructorResolver.resolveAutowiredArgument(ConstructorResolver.java:904)
	at org.springframework.beans.factory.support.ConstructorResolver.createArgumentArray(ConstructorResolver.java:782)
	... 33 common frames omitted
Caused by: org.springframework.data.repository.query.QueryCreationException: Could not create query for public abstract org.springframework.data.domain.Page com.school.management.repository.NoteRepository.findByEleveIdAndPeriod(java.lang.Long,java.lang.String,org.springframework.data.domain.Pageable); Reason: Failed to create query for method public abstract org.springframework.data.domain.Page com.school.management.repository.NoteRepository.findByEleveIdAndPeriod(java.lang.Long,java.lang.String,org.springframework.data.domain.Pageable); No property 'period' found for type 'Note'
	at org.springframework.data.repository.query.QueryCreationException.create(QueryCreationException.java:101)
	at org.springframework.data.repository.core.support.QueryExecutorMethodInterceptor.lookupQuery(QueryExecutorMethodInterceptor.java:115)
	at org.springframework.data.repository.core.support.QueryExecutorMethodInterceptor.mapMethodsToQuery(QueryExecutorMethodInterceptor.java:99)
	at org.springframework.data.repository.core.support.QueryExecutorMethodInterceptor.lambda$new$0(QueryExecutorMethodInterceptor.java:88)
	at java.base/java.util.Optional.map(Optional.java:260)
	at org.springframework.data.repository.core.support.QueryExecutorMethodInterceptor.<init>(QueryExecutorMethodInterceptor.java:88)
	at org.springframework.data.repository.core.support.RepositoryFactorySupport.getRepository(RepositoryFactorySupport.java:357)
	at org.springframework.data.repository.core.support.RepositoryFactoryBeanSupport.lambda$afterPropertiesSet$5(RepositoryFactoryBeanSupport.java:286)
	at org.springframework.data.util.Lazy.getNullable(Lazy.java:135)
	at org.springframework.data.util.Lazy.get(Lazy.java:113)
	at org.springframework.data.repository.core.support.RepositoryFactoryBeanSupport.afterPropertiesSet(RepositoryFactoryBeanSupport.java:292)
	at org.springframework.data.jpa.repository.support.JpaRepositoryFactoryBean.afterPropertiesSet(JpaRepositoryFactoryBean.java:132)
	at org.springframework.beans.factory.support.AbstractAutowireCapableBeanFactory.invokeInitMethods(AbstractAutowireCapableBeanFactory.java:1835)
	at org.springframework.beans.factory.support.AbstractAutowireCapableBeanFactory.initializeBean(AbstractAutowireCapableBeanFactory.java:1784)
	... 44 common frames omitted
Caused by: java.lang.IllegalArgumentException: Failed to create query for method public abstract org.springframework.data.domain.Page com.school.management.repository.NoteRepository.findByEleveIdAndPeriod(java.lang.Long,java.lang.String,org.springframework.data.domain.Pageable); No property 'period' found for type 'Note'
	at org.springframework.data.jpa.repository.query.PartTreeJpaQuery.<init>(PartTreeJpaQuery.java:106)
	at org.springframework.data.jpa.repository.query.JpaQueryLookupStrategy$CreateQueryLookupStrategy.resolveQuery(JpaQueryLookupStrategy.java:124)
	at org.springframework.data.jpa.repository.query.JpaQueryLookupStrategy$CreateIfNotFoundQueryLookupStrategy.resolveQuery(JpaQueryLookupStrategy.java:258)
	at org.springframework.data.jpa.repository.query.JpaQueryLookupStrategy$AbstractQueryLookupStrategy.resolveQuery(JpaQueryLookupStrategy.java:95)
	at org.springframework.data.repository.core.support.QueryExecutorMethodInterceptor.lookupQuery(QueryExecutorMethodInterceptor.java:111)
	... 56 common frames omitted
Caused by: org.springframework.data.mapping.PropertyReferenceException: No property 'period' found for type 'Note'
	at org.springframework.data.mapping.PropertyPath.<init>(PropertyPath.java:94)
	at org.springframework.data.mapping.PropertyPath.create(PropertyPath.java:455)
	at org.springframework.data.mapping.PropertyPath.create(PropertyPath.java:431)
	at org.springframework.data.mapping.PropertyPath.lambda$from$0(PropertyPath.java:384)
	at java.base/java.util.concurrent.ConcurrentMap.computeIfAbsent(ConcurrentMap.java:330)
	at org.springframework.data.mapping.PropertyPath.from(PropertyPath.java:366)
	at org.springframework.data.mapping.PropertyPath.from(PropertyPath.java:344)
	at org.springframework.data.repository.query.parser.Part.<init>(Part.java:81)
	at org.springframework.data.repository.query.parser.PartTree$OrPart.lambda$new$0(PartTree.java:259)
	at java.base/java.util.stream.ReferencePipeline$3$1.accept(ReferencePipeline.java:197)
	at java.base/java.util.stream.ReferencePipeline$2$1.accept(ReferencePipeline.java:179)
	at java.base/java.util.Spliterators$ArraySpliterator.forEachRemaining(Spliterators.java:1024)
	at java.base/java.util.stream.AbstractPipeline.copyInto(AbstractPipeline.java:509)
	at java.base/java.util.stream.AbstractPipeline.wrapAndCopyInto(AbstractPipeline.java:499)
	at java.base/java.util.stream.ReduceOps$ReduceOp.evaluateSequential(ReduceOps.java:921)
	at java.base/java.util.stream.AbstractPipeline.evaluate(AbstractPipeline.java:234)
	at java.base/java.util.stream.ReferencePipeline.collect(ReferencePipeline.java:682)
	at org.springframework.data.repository.query.parser.PartTree$OrPart.<init>(PartTree.java:260)
	at org.springframework.data.repository.query.parser.PartTree$Predicate.lambda$new$0(PartTree.java:389)
	at java.base/java.util.stream.ReferencePipeline$3$1.accept(ReferencePipeline.java:197)
	at java.base/java.util.stream.ReferencePipeline$2$1.accept(ReferencePipeline.java:179)
	at java.base/java.util.Spliterators$ArraySpliterator.forEachRemaining(Spliterators.java:1024)
	at java.base/java.util.stream.AbstractPipeline.copyInto(AbstractPipeline.java:509)
	at java.base/java.util.stream.AbstractPipeline.wrapAndCopyInto(AbstractPipeline.java:499)
	at java.base/java.util.stream.ReduceOps$ReduceOp.evaluateSequential(ReduceOps.java:921)
	at java.base/java.util.stream.AbstractPipeline.evaluate(AbstractPipeline.java:234)
	at java.base/java.util.stream.ReferencePipeline.collect(ReferencePipeline.java:682)
	at org.springframework.data.repository.query.parser.PartTree$Predicate.<init>(PartTree.java:390)
	at org.springframework.data.repository.query.parser.PartTree.<init>(PartTree.java:103)
	at org.springframework.data.jpa.repository.query.PartTreeJpaQuery.<init>(PartTreeJpaQuery.java:100)
	... 60 common frames omitted
2025-06-06 09:20:05,341 INFO o.h.v.i.u.Version [background-preinit] HV000001: Hibernate Validator 8.0.1.Final
2025-06-06 09:20:05,445 INFO o.s.b.StartupInfoLogger [main] Starting SchoolManagementApplication using Java 21.0.6 with PID 22452 (C:\Users\GLOBAL STORE\Documents\Primary-School\backend\build\classes\java\main started by GLOBAL STORE in C:\Users\GLOBAL STORE\Documents\Primary-School\backend)
2025-06-06 09:20:05,446 DEBUG o.s.b.StartupInfoLogger [main] Running with Spring Boot v3.3.0, Spring v6.1.8
2025-06-06 09:20:05,447 INFO o.s.b.SpringApplication [main] No active profile set, falling back to 1 default profile: "default"
2025-06-06 09:20:07,965 INFO o.s.d.r.c.RepositoryConfigurationDelegate [main] Multiple Spring Data modules found, entering strict repository configuration mode
2025-06-06 09:20:07,971 INFO o.s.d.r.c.RepositoryConfigurationDelegate [main] Bootstrapping Spring Data JPA repositories in DEFAULT mode.
2025-06-06 09:20:08,565 INFO o.s.d.r.c.RepositoryConfigurationDelegate [main] Finished Spring Data repository scanning in 553 ms. Found 22 JPA repository interfaces.
2025-06-06 09:20:08,605 INFO o.s.d.r.c.RepositoryConfigurationDelegate [main] Multiple Spring Data modules found, entering strict repository configuration mode
2025-06-06 09:20:08,609 INFO o.s.d.r.c.RepositoryConfigurationDelegate [main] Bootstrapping Spring Data Redis repositories in DEFAULT mode.
2025-06-06 09:20:08,655 INFO o.s.d.r.c.RepositoryConfigurationExtensionSupport [main] Spring Data Redis - Could not safely identify store assignment for repository candidate interface com.school.management.repository.AffectationRepository; If you want this repository to be a Redis repository, consider annotating your entities with one of these annotations: org.springframework.data.redis.core.RedisHash (preferred), or consider extending one of the following types with your repository: org.springframework.data.keyvalue.repository.KeyValueRepository
2025-06-06 09:20:08,656 INFO o.s.d.r.c.RepositoryConfigurationExtensionSupport [main] Spring Data Redis - Could not safely identify store assignment for repository candidate interface com.school.management.repository.AnneeScolaireRepository; If you want this repository to be a Redis repository, consider annotating your entities with one of these annotations: org.springframework.data.redis.core.RedisHash (preferred), or consider extending one of the following types with your repository: org.springframework.data.keyvalue.repository.KeyValueRepository
2025-06-06 09:20:08,657 INFO o.s.d.r.c.RepositoryConfigurationExtensionSupport [main] Spring Data Redis - Could not safely identify store assignment for repository candidate interface com.school.management.repository.ClasseRepository; If you want this repository to be a Redis repository, consider annotating your entities with one of these annotations: org.springframework.data.redis.core.RedisHash (preferred), or consider extending one of the following types with your repository: org.springframework.data.keyvalue.repository.KeyValueRepository
2025-06-06 09:20:08,657 INFO o.s.d.r.c.RepositoryConfigurationExtensionSupport [main] Spring Data Redis - Could not safely identify store assignment for repository candidate interface com.school.management.repository.ClassRepository; If you want this repository to be a Redis repository, consider annotating your entities with one of these annotations: org.springframework.data.redis.core.RedisHash (preferred), or consider extending one of the following types with your repository: org.springframework.data.keyvalue.repository.KeyValueRepository
2025-06-06 09:20:08,657 INFO o.s.d.r.c.RepositoryConfigurationExtensionSupport [main] Spring Data Redis - Could not safely identify store assignment for repository candidate interface com.school.management.repository.DocumentRepository; If you want this repository to be a Redis repository, consider annotating your entities with one of these annotations: org.springframework.data.redis.core.RedisHash (preferred), or consider extending one of the following types with your repository: org.springframework.data.keyvalue.repository.KeyValueRepository
2025-06-06 09:20:08,658 INFO o.s.d.r.c.RepositoryConfigurationExtensionSupport [main] Spring Data Redis - Could not safely identify store assignment for repository candidate interface com.school.management.repository.EleveRepository; If you want this repository to be a Redis repository, consider annotating your entities with one of these annotations: org.springframework.data.redis.core.RedisHash (preferred), or consider extending one of the following types with your repository: org.springframework.data.keyvalue.repository.KeyValueRepository
2025-06-06 09:20:08,658 INFO o.s.d.r.c.RepositoryConfigurationExtensionSupport [main] Spring Data Redis - Could not safely identify store assignment for repository candidate interface com.school.management.repository.EnseignantRepository; If you want this repository to be a Redis repository, consider annotating your entities with one of these annotations: org.springframework.data.redis.core.RedisHash (preferred), or consider extending one of the following types with your repository: org.springframework.data.keyvalue.repository.KeyValueRepository
2025-06-06 09:20:08,659 INFO o.s.d.r.c.RepositoryConfigurationExtensionSupport [main] Spring Data Redis - Could not safely identify store assignment for repository candidate interface com.school.management.repository.GradeRepository; If you want this repository to be a Redis repository, consider annotating your entities with one of these annotations: org.springframework.data.redis.core.RedisHash (preferred), or consider extending one of the following types with your repository: org.springframework.data.keyvalue.repository.KeyValueRepository
2025-06-06 09:20:08,660 INFO o.s.d.r.c.RepositoryConfigurationExtensionSupport [main] Spring Data Redis - Could not safely identify store assignment for repository candidate interface com.school.management.repository.LogActiviteRepository; If you want this repository to be a Redis repository, consider annotating your entities with one of these annotations: org.springframework.data.redis.core.RedisHash (preferred), or consider extending one of the following types with your repository: org.springframework.data.keyvalue.repository.KeyValueRepository
2025-06-06 09:20:08,661 INFO o.s.d.r.c.RepositoryConfigurationExtensionSupport [main] Spring Data Redis - Could not safely identify store assignment for repository candidate interface com.school.management.repository.MatiereRepository; If you want this repository to be a Redis repository, consider annotating your entities with one of these annotations: org.springframework.data.redis.core.RedisHash (preferred), or consider extending one of the following types with your repository: org.springframework.data.keyvalue.repository.KeyValueRepository
2025-06-06 09:20:08,661 INFO o.s.d.r.c.RepositoryConfigurationExtensionSupport [main] Spring Data Redis - Could not safely identify store assignment for repository candidate interface com.school.management.repository.NoteRepository; If you want this repository to be a Redis repository, consider annotating your entities with one of these annotations: org.springframework.data.redis.core.RedisHash (preferred), or consider extending one of the following types with your repository: org.springframework.data.keyvalue.repository.KeyValueRepository
2025-06-06 09:20:08,662 INFO o.s.d.r.c.RepositoryConfigurationExtensionSupport [main] Spring Data Redis - Could not safely identify store assignment for repository candidate interface com.school.management.repository.NotificationRepository; If you want this repository to be a Redis repository, consider annotating your entities with one of these annotations: org.springframework.data.redis.core.RedisHash (preferred), or consider extending one of the following types with your repository: org.springframework.data.keyvalue.repository.KeyValueRepository
2025-06-06 09:20:08,662 INFO o.s.d.r.c.RepositoryConfigurationExtensionSupport [main] Spring Data Redis - Could not safely identify store assignment for repository candidate interface com.school.management.repository.PaiementRepository; If you want this repository to be a Redis repository, consider annotating your entities with one of these annotations: org.springframework.data.redis.core.RedisHash (preferred), or consider extending one of the following types with your repository: org.springframework.data.keyvalue.repository.KeyValueRepository
2025-06-06 09:20:08,662 INFO o.s.d.r.c.RepositoryConfigurationExtensionSupport [main] Spring Data Redis - Could not safely identify store assignment for repository candidate interface com.school.management.repository.ProfilUtilisateurRepository; If you want this repository to be a Redis repository, consider annotating your entities with one of these annotations: org.springframework.data.redis.core.RedisHash (preferred), or consider extending one of the following types with your repository: org.springframework.data.keyvalue.repository.KeyValueRepository
2025-06-06 09:20:08,663 INFO o.s.d.r.c.RepositoryConfigurationExtensionSupport [main] Spring Data Redis - Could not safely identify store assignment for repository candidate interface com.school.management.repository.RoleRepository; If you want this repository to be a Redis repository, consider annotating your entities with one of these annotations: org.springframework.data.redis.core.RedisHash (preferred), or consider extending one of the following types with your repository: org.springframework.data.keyvalue.repository.KeyValueRepository
2025-06-06 09:20:08,664 INFO o.s.d.r.c.RepositoryConfigurationExtensionSupport [main] Spring Data Redis - Could not safely identify store assignment for repository candidate interface com.school.management.repository.SectionRepository; If you want this repository to be a Redis repository, consider annotating your entities with one of these annotations: org.springframework.data.redis.core.RedisHash (preferred), or consider extending one of the following types with your repository: org.springframework.data.keyvalue.repository.KeyValueRepository
2025-06-06 09:20:08,664 INFO o.s.d.r.c.RepositoryConfigurationExtensionSupport [main] Spring Data Redis - Could not safely identify store assignment for repository candidate interface com.school.management.repository.SequenceRepository; If you want this repository to be a Redis repository, consider annotating your entities with one of these annotations: org.springframework.data.redis.core.RedisHash (preferred), or consider extending one of the following types with your repository: org.springframework.data.keyvalue.repository.KeyValueRepository
2025-06-06 09:20:08,665 INFO o.s.d.r.c.RepositoryConfigurationExtensionSupport [main] Spring Data Redis - Could not safely identify store assignment for repository candidate interface com.school.management.repository.StatutAnneeRepository; If you want this repository to be a Redis repository, consider annotating your entities with one of these annotations: org.springframework.data.redis.core.RedisHash (preferred), or consider extending one of the following types with your repository: org.springframework.data.keyvalue.repository.KeyValueRepository
2025-06-06 09:20:08,665 INFO o.s.d.r.c.RepositoryConfigurationExtensionSupport [main] Spring Data Redis - Could not safely identify store assignment for repository candidate interface com.school.management.repository.StudentRepository; If you want this repository to be a Redis repository, consider annotating your entities with one of these annotations: org.springframework.data.redis.core.RedisHash (preferred), or consider extending one of the following types with your repository: org.springframework.data.keyvalue.repository.KeyValueRepository
2025-06-06 09:20:08,666 INFO o.s.d.r.c.RepositoryConfigurationExtensionSupport [main] Spring Data Redis - Could not safely identify store assignment for repository candidate interface com.school.management.repository.TrimestreRepository; If you want this repository to be a Redis repository, consider annotating your entities with one of these annotations: org.springframework.data.redis.core.RedisHash (preferred), or consider extending one of the following types with your repository: org.springframework.data.keyvalue.repository.KeyValueRepository
2025-06-06 09:20:08,667 INFO o.s.d.r.c.RepositoryConfigurationExtensionSupport [main] Spring Data Redis - Could not safely identify store assignment for repository candidate interface com.school.management.repository.TypeAffectationRepository; If you want this repository to be a Redis repository, consider annotating your entities with one of these annotations: org.springframework.data.redis.core.RedisHash (preferred), or consider extending one of the following types with your repository: org.springframework.data.keyvalue.repository.KeyValueRepository
2025-06-06 09:20:08,668 INFO o.s.d.r.c.RepositoryConfigurationExtensionSupport [main] Spring Data Redis - Could not safely identify store assignment for repository candidate interface com.school.management.repository.UtilisateurRepository; If you want this repository to be a Redis repository, consider annotating your entities with one of these annotations: org.springframework.data.redis.core.RedisHash (preferred), or consider extending one of the following types with your repository: org.springframework.data.keyvalue.repository.KeyValueRepository
2025-06-06 09:20:08,668 INFO o.s.d.r.c.RepositoryConfigurationDelegate [main] Finished Spring Data repository scanning in 31 ms. Found 0 Redis repository interfaces.
2025-06-06 09:20:10,867 INFO o.s.b.w.e.t.TomcatWebServer [main] Tomcat initialized with port 8080 (http)
2025-06-06 09:20:10,891 INFO o.a.j.l.DirectJDKLog [main] Initializing ProtocolHandler ["http-nio-8080"]
2025-06-06 09:20:10,894 INFO o.a.j.l.DirectJDKLog [main] Starting service [Tomcat]
2025-06-06 09:20:10,895 INFO o.a.j.l.DirectJDKLog [main] Starting Servlet engine: [Apache Tomcat/10.1.24]
2025-06-06 09:20:10,995 INFO o.a.j.l.DirectJDKLog [main] Initializing Spring embedded WebApplicationContext
2025-06-06 09:20:10,996 INFO o.s.b.w.s.c.ServletWebServerApplicationContext [main] Root WebApplicationContext: initialization completed in 5435 ms
2025-06-06 09:20:11,289 INFO c.z.h.HikariDataSource [main] HikariPool-1 - Starting...
2025-06-06 09:20:11,739 INFO c.z.h.p.HikariPool [main] HikariPool-1 - Added connection conn0: url=jdbc:h2:mem:testdb user=SA
2025-06-06 09:20:11,743 INFO c.z.h.HikariDataSource [main] HikariPool-1 - Start completed.
2025-06-06 09:20:11,760 INFO o.s.b.a.h.H2ConsoleAutoConfiguration [main] H2 console available at '/h2-console'. Database available at 'jdbc:h2:mem:testdb'
2025-06-06 09:20:12,186 INFO o.h.j.i.u.LogHelper [main] HHH000204: Processing PersistenceUnitInfo [name: default]
2025-06-06 09:20:12,374 INFO o.h.Version [main] HHH000412: Hibernate ORM core version 6.5.2.Final
2025-06-06 09:20:12,461 INFO o.h.c.i.RegionFactoryInitiator [main] HHH000026: Second-level cache disabled
2025-06-06 09:20:13,243 INFO o.s.o.j.p.SpringPersistenceUnitInfo [main] No LoadTimeWeaver setup: ignoring JPA class transformer
2025-06-06 09:20:13,366 WARN o.h.e.j.d.i.DialectFactoryImpl [main] HHH90000025: H2Dialect does not need to be specified explicitly using 'hibernate.dialect' (remove the property setting and it will be selected by default)
2025-06-06 09:20:16,271 INFO o.h.e.t.j.p.i.JtaPlatformInitiator [main] HHH000489: No JTA platform available (set 'hibernate.transaction.jta.platform' to enable JTA platform integration)
2025-06-06 09:20:16,309 DEBUG o.h.e.j.s.SqlStatementLogger [main] 
    drop table if exists "affectation" cascade 
2025-06-06 09:20:16,315 DEBUG o.h.e.j.s.SqlStatementLogger [main] 
    drop table if exists "annee_scolaire" cascade 
2025-06-06 09:20:16,316 DEBUG o.h.e.j.s.SqlStatementLogger [main] 
    drop table if exists "classes" cascade 
2025-06-06 09:20:16,317 DEBUG o.h.e.j.s.SqlStatementLogger [main] 
    drop table if exists "document" cascade 
2025-06-06 09:20:16,317 DEBUG o.h.e.j.s.SqlStatementLogger [main] 
    drop table if exists "eleve" cascade 
2025-06-06 09:20:16,318 DEBUG o.h.e.j.s.SqlStatementLogger [main] 
    drop table if exists "enseignant" cascade 
2025-06-06 09:20:16,318 DEBUG o.h.e.j.s.SqlStatementLogger [main] 
    drop table if exists "grade" cascade 
2025-06-06 09:20:16,319 DEBUG o.h.e.j.s.SqlStatementLogger [main] 
    drop table if exists "log_activite" cascade 
2025-06-06 09:20:16,319 DEBUG o.h.e.j.s.SqlStatementLogger [main] 
    drop table if exists "matiere" cascade 
2025-06-06 09:20:16,320 DEBUG o.h.e.j.s.SqlStatementLogger [main] 
    drop table if exists "note" cascade 
2025-06-06 09:20:16,321 DEBUG o.h.e.j.s.SqlStatementLogger [main] 
    drop table if exists "notifications" cascade 
2025-06-06 09:20:16,321 DEBUG o.h.e.j.s.SqlStatementLogger [main] 
    drop table if exists "paiements" cascade 
2025-06-06 09:20:16,322 DEBUG o.h.e.j.s.SqlStatementLogger [main] 
    drop table if exists "parents" cascade 
2025-06-06 09:20:16,322 DEBUG o.h.e.j.s.SqlStatementLogger [main] 
    drop table if exists "profil_utilisateur" cascade 
2025-06-06 09:20:16,323 DEBUG o.h.e.j.s.SqlStatementLogger [main] 
    drop table if exists "role" cascade 
2025-06-06 09:20:16,323 DEBUG o.h.e.j.s.SqlStatementLogger [main] 
    drop table if exists "sections" cascade 
2025-06-06 09:20:16,324 DEBUG o.h.e.j.s.SqlStatementLogger [main] 
    drop table if exists "sequence" cascade 
2025-06-06 09:20:16,326 DEBUG o.h.e.j.s.SqlStatementLogger [main] 
    drop table if exists "statut_annee" cascade 
2025-06-06 09:20:16,329 DEBUG o.h.e.j.s.SqlStatementLogger [main] 
    drop table if exists "student_progress_report" cascade 
2025-06-06 09:20:16,330 DEBUG o.h.e.j.s.SqlStatementLogger [main] 
    drop table if exists "students" cascade 
2025-06-06 09:20:16,330 DEBUG o.h.e.j.s.SqlStatementLogger [main] 
    drop table if exists "subject" cascade 
2025-06-06 09:20:16,331 DEBUG o.h.e.j.s.SqlStatementLogger [main] 
    drop table if exists "trimestre" cascade 
2025-06-06 09:20:16,332 DEBUG o.h.e.j.s.SqlStatementLogger [main] 
    drop table if exists "type_affectation" cascade 
2025-06-06 09:20:16,332 DEBUG o.h.e.j.s.SqlStatementLogger [main] 
    drop table if exists "utilisateur" cascade 
2025-06-06 09:20:16,344 DEBUG o.h.e.j.s.SqlStatementLogger [main] 
    create table "affectation" (
        "date_debut" date,
        "date_fin" date,
        "annee_scolaire_id" bigint not null,
        "classe_id" bigint not null,
        "created_at" timestamp(6),
        "enseignant_id" bigint not null,
        "id" bigint generated by default as identity,
        "matiere_id" bigint not null,
        "updated_at" timestamp(6),
        "type_code" varchar(20) not null,
        primary key ("id")
    )
2025-06-06 09:20:16,358 DEBUG o.h.e.j.s.SqlStatementLogger [main] 
    create table "annee_scolaire" (
        "date_debut" date not null,
        "date_fin" date not null,
        "created_at" timestamp(6),
        "id" bigint generated by default as identity,
        "updated_at" timestamp(6),
        "statut_code" varchar(20) not null,
        "libelle" varchar(50) not null,
        primary key ("id")
    )
2025-06-06 09:20:16,360 DEBUG o.h.e.j.s.SqlStatementLogger [main] 
    create table "classes" (
        "actif" boolean,
        "capacite" integer,
        "created_at" timestamp(6),
        "id" bigint generated by default as identity,
        "updated_at" timestamp(6),
        "annee_scolaire" varchar(9) not null,
        "niveau" varchar(50) not null,
        "nom" varchar(100) not null,
        "description" varchar(500),
        primary key ("id")
    )
2025-06-06 09:20:16,363 DEBUG o.h.e.j.s.SqlStatementLogger [main] 
    create table "document" (
        "date_ajout" timestamp(6),
        "eleve_id" bigint,
        "id" bigint generated by default as identity,
        "chemin_fichier" varchar(255) not null,
        "type_document" enum ('AUTRE','BULLETIN','RECU') not null,
        primary key ("id")
    )
2025-06-06 09:20:16,367 DEBUG o.h.e.j.s.SqlStatementLogger [main] 
    create table "eleve" (
        "actif" boolean,
        "date_naissance" date,
        "classe_id" bigint,
        "created_at" timestamp(6),
        "date_inscription" timestamp(6),
        "id" bigint generated by default as identity,
        "parent_id" bigint,
        "section_id" bigint,
        "updated_at" timestamp(6),
        "genre" varchar(20),
        "email" varchar(100) not null unique,
        "nom" varchar(100) not null,
        "prenom" varchar(100) not null,
        "adresse" varchar(200),
        primary key ("id")
    )
2025-06-06 09:20:16,373 DEBUG o.h.e.j.s.SqlStatementLogger [main] 
    create table "enseignant" (
        "actif" boolean,
        "created_at" timestamp(6),
        "date_embauche" timestamp(6),
        "id" bigint generated by default as identity,
        "section_id" bigint,
        "updated_at" timestamp(6),
        "telephone" varchar(20),
        "niveau" varchar(50),
        "email" varchar(100) not null unique,
        "nom" varchar(100) not null,
        "prenom" varchar(100) not null,
        "specialite" varchar(100),
        primary key ("id")
    )
2025-06-06 09:20:16,377 DEBUG o.h.e.j.s.SqlStatementLogger [main] 
    create table "grade" (
        "grade" float(53) not null,
        "created_at" timestamp(6),
        "id" bigint generated by default as identity,
        "student_id" bigint not null,
        "subject_id" bigint not null,
        "updated_at" timestamp(6),
        "period" varchar(20) not null,
        "comments" varchar(500),
        primary key ("id")
    )
2025-06-06 09:20:16,382 DEBUG o.h.e.j.s.SqlStatementLogger [main] 
    create table "log_activite" (
        "date_action" timestamp(6),
        "id" bigint generated by default as identity,
        "reference_id" bigint,
        "utilisateur_id" bigint not null,
        "ip_adresse" varchar(45),
        "table_cible" varchar(100),
        "action" varchar(255) not null,
        primary key ("id")
    )
2025-06-06 09:20:16,387 DEBUG o.h.e.j.s.SqlStatementLogger [main] 
    create table "matiere" (
        "coefficient" numeric(5,2) not null,
        "created_at" timestamp(6),
        "id" bigint generated by default as identity,
        "updated_at" timestamp(6),
        "nom" varchar(100) not null,
        primary key ("id")
    )
2025-06-06 09:20:16,393 DEBUG o.h.e.j.s.SqlStatementLogger [main] 
    create table "note" (
        "note" numeric(5,2) not null,
        "created_at" timestamp(6) not null,
        "eleve_id" bigint not null,
        "id" bigint generated by default as identity,
        "matiere_id" bigint not null,
        "sequence_id" bigint not null,
        "trimestre_id" bigint,
        "updated_at" timestamp(6),
        "commentaire" varchar(255),
        primary key ("id")
    )
2025-06-06 09:20:16,396 DEBUG o.h.e.j.s.SqlStatementLogger [main] 
    create table "notifications" (
        "read" boolean,
        "created_at" timestamp(6),
        "id" bigint generated by default as identity,
        "user_id" bigint,
        "message" varchar(255) not null,
        primary key ("id")
    )
2025-06-06 09:20:16,405 DEBUG o.h.e.j.s.SqlStatementLogger [main] 
    create table "paiements" (
        "date_paiement" date,
        "montant" numeric(38,2) not null,
        "eleve_id" bigint not null,
        "id" bigint generated by default as identity,
        "description" varchar(255),
        "type_paiement" varchar(255),
        primary key ("id")
    )
2025-06-06 09:20:16,412 DEBUG o.h.e.j.s.SqlStatementLogger [main] 
    create table "parents" (
        "id" bigint generated by default as identity,
        "adresse" varchar(255),
        "email" varchar(255) unique,
        "nom" varchar(255) not null,
        "prenom" varchar(255) not null,
        "profession" varchar(255),
        "telephone" varchar(255),
        primary key ("id")
    )
2025-06-06 09:20:16,424 DEBUG o.h.e.j.s.SqlStatementLogger [main] 
    create table "profil_utilisateur" (
        "created_at" timestamp(6),
        "id" bigint generated by default as identity,
        "reference_id" bigint not null,
        "updated_at" timestamp(6),
        "utilisateur_id" bigint not null,
        "type_personne" enum ('AGENT','ELEVE','ENSEIGNANT','PARENT') not null,
        primary key ("id")
    )
2025-06-06 09:20:16,428 DEBUG o.h.e.j.s.SqlStatementLogger [main] 
    create table "role" (
        "id" bigint generated by default as identity,
        "libelle" varchar(50) not null unique,
        primary key ("id")
    )
2025-06-06 09:20:16,433 DEBUG o.h.e.j.s.SqlStatementLogger [main] 
    create table "sections" (
        "id" bigint generated by default as identity,
        "description" varchar(255),
        "nom" varchar(255) not null,
        primary key ("id")
    )
2025-06-06 09:20:16,437 DEBUG o.h.e.j.s.SqlStatementLogger [main] 
    create table "sequence" (
        "numero" integer not null,
        "created_at" timestamp(6),
        "id" bigint generated by default as identity,
        "trimestre_id" bigint not null,
        "updated_at" timestamp(6),
        "libelle" varchar(50) not null,
        primary key ("id")
    )
2025-06-06 09:20:16,442 DEBUG o.h.e.j.s.SqlStatementLogger [main] 
    create table "statut_annee" (
        "code" varchar(20) not null,
        "libelle" varchar(100) not null,
        primary key ("code")
    )
2025-06-06 09:20:16,446 DEBUG o.h.e.j.s.SqlStatementLogger [main] 
    create table "student_progress_report" (
        "attendance_rate" float(53),
        "average_grade" float(53),
        "created_at" timestamp(6),
        "id" bigint generated by default as identity,
        "student_id" bigint not null,
        "updated_at" timestamp(6),
        "period" varchar(20) not null,
        "comments" varchar(1000),
        primary key ("id")
    )
2025-06-06 09:20:16,455 DEBUG o.h.e.j.s.SqlStatementLogger [main] 
    create table "students" (
        "actif" boolean,
        "date_naissance" date not null,
        "genre" varchar(1),
        "classe_id" bigint,
        "created_at" timestamp(6),
        "date_inscription" timestamp(6) not null,
        "id" bigint generated by default as identity,
        "section_id" bigint,
        "updated_at" timestamp(6),
        "telephone" varchar(20),
        "section_name" varchar(50),
        "email" varchar(100) not null unique,
        "nom" varchar(100) not null,
        "nom_classe" varchar(100),
        "nom_parent" varchar(100),
        "prenom" varchar(100) not null,
        "adresse" varchar(200),
        primary key ("id")
    )
2025-06-06 09:20:16,466 DEBUG o.h.e.j.s.SqlStatementLogger [main] 
    create table "subject" (
        "actif" boolean,
        "coefficient" integer,
        "created_at" timestamp(6),
        "id" bigint generated by default as identity,
        "updated_at" timestamp(6),
        "code" varchar(20) not null unique,
        "nom" varchar(100) not null,
        "description" varchar(500),
        primary key ("id")
    )
2025-06-06 09:20:16,468 DEBUG o.h.e.j.s.SqlStatementLogger [main] 
    create table "trimestre" (
        "numero" integer not null,
        "annee_scolaire_id" bigint not null,
        "created_at" timestamp(6),
        "id" bigint generated by default as identity,
        "updated_at" timestamp(6),
        "libelle" varchar(50) not null,
        primary key ("id")
    )
2025-06-06 09:20:16,471 DEBUG o.h.e.j.s.SqlStatementLogger [main] 
    create table "type_affectation" (
        "code" varchar(20) not null,
        "libelle" varchar(100) not null,
        primary key ("code")
    )
2025-06-06 09:20:16,478 DEBUG o.h.e.j.s.SqlStatementLogger [main] 
    create table "utilisateur" (
        "actif" boolean,
        "created_at" timestamp(6),
        "id" bigint generated by default as identity,
        "last_login" timestamp(6),
        "role_id" bigint not null,
        "updated_at" timestamp(6),
        "email" varchar(100) not null unique,
        "nom" varchar(100) not null,
        "mot_de_passe" varchar(255) not null,
        "reset_token" varchar(255),
        "type_personne" enum ('ADMIN','AGENT','ELEVE','ENSEIGNANT','PARENT') not null,
        primary key ("id")
    )
2025-06-06 09:20:16,484 DEBUG o.h.e.j.s.SqlStatementLogger [main] 
    alter table if exists "affectation" 
       add constraint "FK9eu96qf7kye9sf1pmecfd0yfm" 
       foreign key ("annee_scolaire_id") 
       references "annee_scolaire"
2025-06-06 09:20:16,517 DEBUG o.h.e.j.s.SqlStatementLogger [main] 
    alter table if exists "affectation" 
       add constraint "FKpe0bo22qt45crdtir2olejjyg" 
       foreign key ("classe_id") 
       references "classes"
2025-06-06 09:20:16,522 DEBUG o.h.e.j.s.SqlStatementLogger [main] 
    alter table if exists "affectation" 
       add constraint "FK3av7c7bm789r6knql1ykv0iuh" 
       foreign key ("enseignant_id") 
       references "enseignant"
2025-06-06 09:20:16,530 DEBUG o.h.e.j.s.SqlStatementLogger [main] 
    alter table if exists "affectation" 
       add constraint "FKbd6pqb4xm1b2f6dsjng6t9vy1" 
       foreign key ("matiere_id") 
       references "matiere"
2025-06-06 09:20:16,534 DEBUG o.h.e.j.s.SqlStatementLogger [main] 
    alter table if exists "document" 
       add constraint "FK4uxipd5g6ulta9p7gt3992osv" 
       foreign key ("eleve_id") 
       references "eleve"
2025-06-06 09:20:16,538 DEBUG o.h.e.j.s.SqlStatementLogger [main] 
    alter table if exists "eleve" 
       add constraint "FKak1ytyiywaoq3w1wjuwpdu81p" 
       foreign key ("classe_id") 
       references "classes"
2025-06-06 09:20:16,547 DEBUG o.h.e.j.s.SqlStatementLogger [main] 
    alter table if exists "eleve" 
       add constraint "FK31spnejrvma8oawmo11nku169" 
       foreign key ("parent_id") 
       references "parents"
2025-06-06 09:20:16,551 DEBUG o.h.e.j.s.SqlStatementLogger [main] 
    alter table if exists "eleve" 
       add constraint "FKfpstf9bai3b6n4qu9wsx077ja" 
       foreign key ("section_id") 
       references "sections"
2025-06-06 09:20:16,554 DEBUG o.h.e.j.s.SqlStatementLogger [main] 
    alter table if exists "enseignant" 
       add constraint "FKh4do9onk9pwd1p5hpdl2jlvsw" 
       foreign key ("section_id") 
       references "sections"
2025-06-06 09:20:16,558 DEBUG o.h.e.j.s.SqlStatementLogger [main] 
    alter table if exists "grade" 
       add constraint "FKipf4njw2w6vostd6y4ti401mm" 
       foreign key ("student_id") 
       references "utilisateur"
2025-06-06 09:20:16,564 DEBUG o.h.e.j.s.SqlStatementLogger [main] 
    alter table if exists "grade" 
       add constraint "FKga475phybm7f4xh2qgjlm4tef" 
       foreign key ("subject_id") 
       references "subject"
2025-06-06 09:20:16,569 DEBUG o.h.e.j.s.SqlStatementLogger [main] 
    alter table if exists "log_activite" 
       add constraint "FKrfsnh1x7lprexosg0odve3edk" 
       foreign key ("utilisateur_id") 
       references "utilisateur"
2025-06-06 09:20:16,571 DEBUG o.h.e.j.s.SqlStatementLogger [main] 
    alter table if exists "note" 
       add constraint "FKckjcf0lcp26yn81tkbiyyvpxs" 
       foreign key ("eleve_id") 
       references "eleve"
2025-06-06 09:20:16,579 DEBUG o.h.e.j.s.SqlStatementLogger [main] 
    alter table if exists "note" 
       add constraint "FKce6fgrwojbdjuyfobkryhsubc" 
       foreign key ("matiere_id") 
       references "matiere"
2025-06-06 09:20:16,583 DEBUG o.h.e.j.s.SqlStatementLogger [main] 
    alter table if exists "note" 
       add constraint "FKnx3h3lbhngn4he4lrc8ylhrxh" 
       foreign key ("sequence_id") 
       references "sequence"
2025-06-06 09:20:16,587 DEBUG o.h.e.j.s.SqlStatementLogger [main] 
    alter table if exists "note" 
       add constraint "FKsq8sa1xg25htraxpx0ylx3lgk" 
       foreign key ("trimestre_id") 
       references "trimestre"
2025-06-06 09:20:16,592 DEBUG o.h.e.j.s.SqlStatementLogger [main] 
    alter table if exists "paiements" 
       add constraint "FKafefes0eqpleg9i7g6mvt6xhh" 
       foreign key ("eleve_id") 
       references "eleve"
2025-06-06 09:20:16,600 DEBUG o.h.e.j.s.SqlStatementLogger [main] 
    alter table if exists "profil_utilisateur" 
       add constraint "FK177de5xq3y87tjxuwctokx341" 
       foreign key ("utilisateur_id") 
       references "utilisateur"
2025-06-06 09:20:16,604 DEBUG o.h.e.j.s.SqlStatementLogger [main] 
    alter table if exists "sequence" 
       add constraint "FKclybiy2bjbpf0ejgg6rq51ynf" 
       foreign key ("trimestre_id") 
       references "trimestre"
2025-06-06 09:20:16,606 DEBUG o.h.e.j.s.SqlStatementLogger [main] 
    alter table if exists "student_progress_report" 
       add constraint "FK1u5j5o832a13lgcq3foy1g3rr" 
       foreign key ("student_id") 
       references "utilisateur"
2025-06-06 09:20:16,610 DEBUG o.h.e.j.s.SqlStatementLogger [main] 
    alter table if exists "students" 
       add constraint "FKtb9nirq953dcf0onxisl98ni1" 
       foreign key ("classe_id") 
       references "classes"
2025-06-06 09:20:16,617 DEBUG o.h.e.j.s.SqlStatementLogger [main] 
    alter table if exists "students" 
       add constraint "FKgkvw6901117nqyb8tyx3gmpk5" 
       foreign key ("section_id") 
       references "sections"
2025-06-06 09:20:16,621 DEBUG o.h.e.j.s.SqlStatementLogger [main] 
    alter table if exists "trimestre" 
       add constraint "FKql50yxg7ydwdp4uom1mltlbkr" 
       foreign key ("annee_scolaire_id") 
       references "annee_scolaire"
2025-06-06 09:20:16,625 DEBUG o.h.e.j.s.SqlStatementLogger [main] 
    alter table if exists "utilisateur" 
       add constraint "FKmjx8u4qqtx1pp4g0tpmuf3yb9" 
       foreign key ("role_id") 
       references "role"
2025-06-06 09:20:16,645 INFO o.s.o.j.AbstractEntityManagerFactoryBean [main] Initialized JPA EntityManagerFactory for persistence unit 'default'
2025-06-06 09:20:17,470 WARN o.s.c.s.AbstractApplicationContext [main] Exception encountered during context initialization - cancelling refresh attempt: org.springframework.beans.factory.UnsatisfiedDependencyException: Error creating bean with name 'gradeController' defined in file [C:\Users\GLOBAL STORE\Documents\Primary-School\backend\build\classes\java\main\com\school\management\controller\GradeController.class]: Unsatisfied dependency expressed through constructor parameter 0: Error creating bean with name 'gradeService' defined in file [C:\Users\GLOBAL STORE\Documents\Primary-School\backend\build\classes\java\main\com\school\management\service\GradeService.class]: Unsatisfied dependency expressed through constructor parameter 0: Error creating bean with name 'noteRepository' defined in com.school.management.repository.NoteRepository defined in @EnableJpaRepositories declared on JpaRepositoriesRegistrar.EnableJpaRepositoriesConfiguration: Could not create query for public abstract org.springframework.data.domain.Page com.school.management.repository.NoteRepository.findByEleveIdAndPeriod(java.lang.Long,java.lang.String,org.springframework.data.domain.Pageable); Reason: Failed to create query for method public abstract org.springframework.data.domain.Page com.school.management.repository.NoteRepository.findByEleveIdAndPeriod(java.lang.Long,java.lang.String,org.springframework.data.domain.Pageable); No property 'period' found for type 'Note'
2025-06-06 09:20:17,471 INFO o.s.o.j.AbstractEntityManagerFactoryBean [main] Closing JPA EntityManagerFactory for persistence unit 'default'
2025-06-06 09:20:17,472 DEBUG o.h.e.j.s.SqlStatementLogger [main] 
    drop table if exists "affectation" cascade 
2025-06-06 09:20:17,476 DEBUG o.h.e.j.s.SqlStatementLogger [main] 
    drop table if exists "annee_scolaire" cascade 
2025-06-06 09:20:17,477 DEBUG o.h.e.j.s.SqlStatementLogger [main] 
    drop table if exists "classes" cascade 
2025-06-06 09:20:17,478 DEBUG o.h.e.j.s.SqlStatementLogger [main] 
    drop table if exists "document" cascade 
2025-06-06 09:20:17,480 DEBUG o.h.e.j.s.SqlStatementLogger [main] 
    drop table if exists "eleve" cascade 
2025-06-06 09:20:17,483 DEBUG o.h.e.j.s.SqlStatementLogger [main] 
    drop table if exists "enseignant" cascade 
2025-06-06 09:20:17,484 DEBUG o.h.e.j.s.SqlStatementLogger [main] 
    drop table if exists "grade" cascade 
2025-06-06 09:20:17,486 DEBUG o.h.e.j.s.SqlStatementLogger [main] 
    drop table if exists "log_activite" cascade 
2025-06-06 09:20:17,487 DEBUG o.h.e.j.s.SqlStatementLogger [main] 
    drop table if exists "matiere" cascade 
2025-06-06 09:20:17,487 DEBUG o.h.e.j.s.SqlStatementLogger [main] 
    drop table if exists "note" cascade 
2025-06-06 09:20:17,488 DEBUG o.h.e.j.s.SqlStatementLogger [main] 
    drop table if exists "notifications" cascade 
2025-06-06 09:20:17,489 DEBUG o.h.e.j.s.SqlStatementLogger [main] 
    drop table if exists "paiements" cascade 
2025-06-06 09:20:17,490 DEBUG o.h.e.j.s.SqlStatementLogger [main] 
    drop table if exists "parents" cascade 
2025-06-06 09:20:17,491 DEBUG o.h.e.j.s.SqlStatementLogger [main] 
    drop table if exists "profil_utilisateur" cascade 
2025-06-06 09:20:17,492 DEBUG o.h.e.j.s.SqlStatementLogger [main] 
    drop table if exists "role" cascade 
2025-06-06 09:20:17,493 DEBUG o.h.e.j.s.SqlStatementLogger [main] 
    drop table if exists "sections" cascade 
2025-06-06 09:20:17,494 DEBUG o.h.e.j.s.SqlStatementLogger [main] 
    drop table if exists "sequence" cascade 
2025-06-06 09:20:17,495 DEBUG o.h.e.j.s.SqlStatementLogger [main] 
    drop table if exists "statut_annee" cascade 
2025-06-06 09:20:17,496 DEBUG o.h.e.j.s.SqlStatementLogger [main] 
    drop table if exists "student_progress_report" cascade 
2025-06-06 09:20:17,497 DEBUG o.h.e.j.s.SqlStatementLogger [main] 
    drop table if exists "students" cascade 
2025-06-06 09:20:17,498 DEBUG o.h.e.j.s.SqlStatementLogger [main] 
    drop table if exists "subject" cascade 
2025-06-06 09:20:17,499 DEBUG o.h.e.j.s.SqlStatementLogger [main] 
    drop table if exists "trimestre" cascade 
2025-06-06 09:20:17,499 DEBUG o.h.e.j.s.SqlStatementLogger [main] 
    drop table if exists "type_affectation" cascade 
2025-06-06 09:20:17,500 DEBUG o.h.e.j.s.SqlStatementLogger [main] 
    drop table if exists "utilisateur" cascade 
2025-06-06 09:20:17,503 INFO c.z.h.HikariDataSource [main] HikariPool-1 - Shutdown initiated...
2025-06-06 09:20:17,505 INFO c.z.h.HikariDataSource [main] HikariPool-1 - Shutdown completed.
2025-06-06 09:20:17,507 INFO o.a.j.l.DirectJDKLog [main] Stopping service [Tomcat]
2025-06-06 09:20:17,534 INFO o.s.b.a.l.ConditionEvaluationReportLogger [main] 

Error starting ApplicationContext. To display the condition evaluation report re-run your application with 'debug' enabled.
2025-06-06 09:20:17,573 ERROR o.s.b.SpringApplication [main] Application run failed
org.springframework.beans.factory.UnsatisfiedDependencyException: Error creating bean with name 'gradeController' defined in file [C:\Users\GLOBAL STORE\Documents\Primary-School\backend\build\classes\java\main\com\school\management\controller\GradeController.class]: Unsatisfied dependency expressed through constructor parameter 0: Error creating bean with name 'gradeService' defined in file [C:\Users\GLOBAL STORE\Documents\Primary-School\backend\build\classes\java\main\com\school\management\service\GradeService.class]: Unsatisfied dependency expressed through constructor parameter 0: Error creating bean with name 'noteRepository' defined in com.school.management.repository.NoteRepository defined in @EnableJpaRepositories declared on JpaRepositoriesRegistrar.EnableJpaRepositoriesConfiguration: Could not create query for public abstract org.springframework.data.domain.Page com.school.management.repository.NoteRepository.findByEleveIdAndPeriod(java.lang.Long,java.lang.String,org.springframework.data.domain.Pageable); Reason: Failed to create query for method public abstract org.springframework.data.domain.Page com.school.management.repository.NoteRepository.findByEleveIdAndPeriod(java.lang.Long,java.lang.String,org.springframework.data.domain.Pageable); No property 'period' found for type 'Note'
	at org.springframework.beans.factory.support.ConstructorResolver.createArgumentArray(ConstructorResolver.java:795)
	at org.springframework.beans.factory.support.ConstructorResolver.autowireConstructor(ConstructorResolver.java:237)
	at org.springframework.beans.factory.support.AbstractAutowireCapableBeanFactory.autowireConstructor(AbstractAutowireCapableBeanFactory.java:1357)
	at org.springframework.beans.factory.support.AbstractAutowireCapableBeanFactory.createBeanInstance(AbstractAutowireCapableBeanFactory.java:1194)
	at org.springframework.beans.factory.support.AbstractAutowireCapableBeanFactory.doCreateBean(AbstractAutowireCapableBeanFactory.java:562)
	at org.springframework.beans.factory.support.AbstractAutowireCapableBeanFactory.createBean(AbstractAutowireCapableBeanFactory.java:522)
	at org.springframework.beans.factory.support.AbstractBeanFactory.lambda$doGetBean$0(AbstractBeanFactory.java:337)
	at org.springframework.beans.factory.support.DefaultSingletonBeanRegistry.getSingleton(DefaultSingletonBeanRegistry.java:234)
	at org.springframework.beans.factory.support.AbstractBeanFactory.doGetBean(AbstractBeanFactory.java:335)
	at org.springframework.beans.factory.support.AbstractBeanFactory.getBean(AbstractBeanFactory.java:200)
	at org.springframework.beans.factory.support.DefaultListableBeanFactory.preInstantiateSingletons(DefaultListableBeanFactory.java:975)
	at org.springframework.context.support.AbstractApplicationContext.finishBeanFactoryInitialization(AbstractApplicationContext.java:962)
	at org.springframework.context.support.AbstractApplicationContext.refresh(AbstractApplicationContext.java:624)
	at org.springframework.boot.web.servlet.context.ServletWebServerApplicationContext.refresh(ServletWebServerApplicationContext.java:146)
	at org.springframework.boot.SpringApplication.refresh(SpringApplication.java:754)
	at org.springframework.boot.SpringApplication.refreshContext(SpringApplication.java:456)
	at org.springframework.boot.SpringApplication.run(SpringApplication.java:335)
	at org.springframework.boot.SpringApplication.run(SpringApplication.java:1363)
	at org.springframework.boot.SpringApplication.run(SpringApplication.java:1352)
	at com.school.management.SchoolManagementApplication.main(SchoolManagementApplication.java:11)
Caused by: org.springframework.beans.factory.UnsatisfiedDependencyException: Error creating bean with name 'gradeService' defined in file [C:\Users\GLOBAL STORE\Documents\Primary-School\backend\build\classes\java\main\com\school\management\service\GradeService.class]: Unsatisfied dependency expressed through constructor parameter 0: Error creating bean with name 'noteRepository' defined in com.school.management.repository.NoteRepository defined in @EnableJpaRepositories declared on JpaRepositoriesRegistrar.EnableJpaRepositoriesConfiguration: Could not create query for public abstract org.springframework.data.domain.Page com.school.management.repository.NoteRepository.findByEleveIdAndPeriod(java.lang.Long,java.lang.String,org.springframework.data.domain.Pageable); Reason: Failed to create query for method public abstract org.springframework.data.domain.Page com.school.management.repository.NoteRepository.findByEleveIdAndPeriod(java.lang.Long,java.lang.String,org.springframework.data.domain.Pageable); No property 'period' found for type 'Note'
	at org.springframework.beans.factory.support.ConstructorResolver.createArgumentArray(ConstructorResolver.java:795)
	at org.springframework.beans.factory.support.ConstructorResolver.autowireConstructor(ConstructorResolver.java:237)
	at org.springframework.beans.factory.support.AbstractAutowireCapableBeanFactory.autowireConstructor(AbstractAutowireCapableBeanFactory.java:1357)
	at org.springframework.beans.factory.support.AbstractAutowireCapableBeanFactory.createBeanInstance(AbstractAutowireCapableBeanFactory.java:1194)
	at org.springframework.beans.factory.support.AbstractAutowireCapableBeanFactory.doCreateBean(AbstractAutowireCapableBeanFactory.java:562)
	at org.springframework.beans.factory.support.AbstractAutowireCapableBeanFactory.createBean(AbstractAutowireCapableBeanFactory.java:522)
	at org.springframework.beans.factory.support.AbstractBeanFactory.lambda$doGetBean$0(AbstractBeanFactory.java:337)
	at org.springframework.beans.factory.support.DefaultSingletonBeanRegistry.getSingleton(DefaultSingletonBeanRegistry.java:234)
	at org.springframework.beans.factory.support.AbstractBeanFactory.doGetBean(AbstractBeanFactory.java:335)
	at org.springframework.beans.factory.support.AbstractBeanFactory.getBean(AbstractBeanFactory.java:200)
	at org.springframework.beans.factory.config.DependencyDescriptor.resolveCandidate(DependencyDescriptor.java:254)
	at org.springframework.beans.factory.support.DefaultListableBeanFactory.doResolveDependency(DefaultListableBeanFactory.java:1443)
	at org.springframework.beans.factory.support.DefaultListableBeanFactory.resolveDependency(DefaultListableBeanFactory.java:1353)
	at org.springframework.beans.factory.support.ConstructorResolver.resolveAutowiredArgument(ConstructorResolver.java:904)
	at org.springframework.beans.factory.support.ConstructorResolver.createArgumentArray(ConstructorResolver.java:782)
	... 19 common frames omitted
Caused by: org.springframework.beans.factory.BeanCreationException: Error creating bean with name 'noteRepository' defined in com.school.management.repository.NoteRepository defined in @EnableJpaRepositories declared on JpaRepositoriesRegistrar.EnableJpaRepositoriesConfiguration: Could not create query for public abstract org.springframework.data.domain.Page com.school.management.repository.NoteRepository.findByEleveIdAndPeriod(java.lang.Long,java.lang.String,org.springframework.data.domain.Pageable); Reason: Failed to create query for method public abstract org.springframework.data.domain.Page com.school.management.repository.NoteRepository.findByEleveIdAndPeriod(java.lang.Long,java.lang.String,org.springframework.data.domain.Pageable); No property 'period' found for type 'Note'
	at org.springframework.beans.factory.support.AbstractAutowireCapableBeanFactory.initializeBean(AbstractAutowireCapableBeanFactory.java:1788)
	at org.springframework.beans.factory.support.AbstractAutowireCapableBeanFactory.doCreateBean(AbstractAutowireCapableBeanFactory.java:600)
	at org.springframework.beans.factory.support.AbstractAutowireCapableBeanFactory.createBean(AbstractAutowireCapableBeanFactory.java:522)
	at org.springframework.beans.factory.support.AbstractBeanFactory.lambda$doGetBean$0(AbstractBeanFactory.java:337)
	at org.springframework.beans.factory.support.DefaultSingletonBeanRegistry.getSingleton(DefaultSingletonBeanRegistry.java:234)
	at org.springframework.beans.factory.support.AbstractBeanFactory.doGetBean(AbstractBeanFactory.java:335)
	at org.springframework.beans.factory.support.AbstractBeanFactory.getBean(AbstractBeanFactory.java:200)
	at org.springframework.beans.factory.config.DependencyDescriptor.resolveCandidate(DependencyDescriptor.java:254)
	at org.springframework.beans.factory.support.DefaultListableBeanFactory.doResolveDependency(DefaultListableBeanFactory.java:1443)
	at org.springframework.beans.factory.support.DefaultListableBeanFactory.resolveDependency(DefaultListableBeanFactory.java:1353)
	at org.springframework.beans.factory.support.ConstructorResolver.resolveAutowiredArgument(ConstructorResolver.java:904)
	at org.springframework.beans.factory.support.ConstructorResolver.createArgumentArray(ConstructorResolver.java:782)
	... 33 common frames omitted
Caused by: org.springframework.data.repository.query.QueryCreationException: Could not create query for public abstract org.springframework.data.domain.Page com.school.management.repository.NoteRepository.findByEleveIdAndPeriod(java.lang.Long,java.lang.String,org.springframework.data.domain.Pageable); Reason: Failed to create query for method public abstract org.springframework.data.domain.Page com.school.management.repository.NoteRepository.findByEleveIdAndPeriod(java.lang.Long,java.lang.String,org.springframework.data.domain.Pageable); No property 'period' found for type 'Note'
	at org.springframework.data.repository.query.QueryCreationException.create(QueryCreationException.java:101)
	at org.springframework.data.repository.core.support.QueryExecutorMethodInterceptor.lookupQuery(QueryExecutorMethodInterceptor.java:115)
	at org.springframework.data.repository.core.support.QueryExecutorMethodInterceptor.mapMethodsToQuery(QueryExecutorMethodInterceptor.java:99)
	at org.springframework.data.repository.core.support.QueryExecutorMethodInterceptor.lambda$new$0(QueryExecutorMethodInterceptor.java:88)
	at java.base/java.util.Optional.map(Optional.java:260)
	at org.springframework.data.repository.core.support.QueryExecutorMethodInterceptor.<init>(QueryExecutorMethodInterceptor.java:88)
	at org.springframework.data.repository.core.support.RepositoryFactorySupport.getRepository(RepositoryFactorySupport.java:357)
	at org.springframework.data.repository.core.support.RepositoryFactoryBeanSupport.lambda$afterPropertiesSet$5(RepositoryFactoryBeanSupport.java:286)
	at org.springframework.data.util.Lazy.getNullable(Lazy.java:135)
	at org.springframework.data.util.Lazy.get(Lazy.java:113)
	at org.springframework.data.repository.core.support.RepositoryFactoryBeanSupport.afterPropertiesSet(RepositoryFactoryBeanSupport.java:292)
	at org.springframework.data.jpa.repository.support.JpaRepositoryFactoryBean.afterPropertiesSet(JpaRepositoryFactoryBean.java:132)
	at org.springframework.beans.factory.support.AbstractAutowireCapableBeanFactory.invokeInitMethods(AbstractAutowireCapableBeanFactory.java:1835)
	at org.springframework.beans.factory.support.AbstractAutowireCapableBeanFactory.initializeBean(AbstractAutowireCapableBeanFactory.java:1784)
	... 44 common frames omitted
Caused by: java.lang.IllegalArgumentException: Failed to create query for method public abstract org.springframework.data.domain.Page com.school.management.repository.NoteRepository.findByEleveIdAndPeriod(java.lang.Long,java.lang.String,org.springframework.data.domain.Pageable); No property 'period' found for type 'Note'
	at org.springframework.data.jpa.repository.query.PartTreeJpaQuery.<init>(PartTreeJpaQuery.java:106)
	at org.springframework.data.jpa.repository.query.JpaQueryLookupStrategy$CreateQueryLookupStrategy.resolveQuery(JpaQueryLookupStrategy.java:124)
	at org.springframework.data.jpa.repository.query.JpaQueryLookupStrategy$CreateIfNotFoundQueryLookupStrategy.resolveQuery(JpaQueryLookupStrategy.java:258)
	at org.springframework.data.jpa.repository.query.JpaQueryLookupStrategy$AbstractQueryLookupStrategy.resolveQuery(JpaQueryLookupStrategy.java:95)
	at org.springframework.data.repository.core.support.QueryExecutorMethodInterceptor.lookupQuery(QueryExecutorMethodInterceptor.java:111)
	... 56 common frames omitted
Caused by: org.springframework.data.mapping.PropertyReferenceException: No property 'period' found for type 'Note'
	at org.springframework.data.mapping.PropertyPath.<init>(PropertyPath.java:94)
	at org.springframework.data.mapping.PropertyPath.create(PropertyPath.java:455)
	at org.springframework.data.mapping.PropertyPath.create(PropertyPath.java:431)
	at org.springframework.data.mapping.PropertyPath.lambda$from$0(PropertyPath.java:384)
	at java.base/java.util.concurrent.ConcurrentMap.computeIfAbsent(ConcurrentMap.java:330)
	at org.springframework.data.mapping.PropertyPath.from(PropertyPath.java:366)
	at org.springframework.data.mapping.PropertyPath.from(PropertyPath.java:344)
	at org.springframework.data.repository.query.parser.Part.<init>(Part.java:81)
	at org.springframework.data.repository.query.parser.PartTree$OrPart.lambda$new$0(PartTree.java:259)
	at java.base/java.util.stream.ReferencePipeline$3$1.accept(ReferencePipeline.java:197)
	at java.base/java.util.stream.ReferencePipeline$2$1.accept(ReferencePipeline.java:179)
	at java.base/java.util.Spliterators$ArraySpliterator.forEachRemaining(Spliterators.java:1024)
	at java.base/java.util.stream.AbstractPipeline.copyInto(AbstractPipeline.java:509)
	at java.base/java.util.stream.AbstractPipeline.wrapAndCopyInto(AbstractPipeline.java:499)
	at java.base/java.util.stream.ReduceOps$ReduceOp.evaluateSequential(ReduceOps.java:921)
	at java.base/java.util.stream.AbstractPipeline.evaluate(AbstractPipeline.java:234)
	at java.base/java.util.stream.ReferencePipeline.collect(ReferencePipeline.java:682)
	at org.springframework.data.repository.query.parser.PartTree$OrPart.<init>(PartTree.java:260)
	at org.springframework.data.repository.query.parser.PartTree$Predicate.lambda$new$0(PartTree.java:389)
	at java.base/java.util.stream.ReferencePipeline$3$1.accept(ReferencePipeline.java:197)
	at java.base/java.util.stream.ReferencePipeline$2$1.accept(ReferencePipeline.java:179)
	at java.base/java.util.Spliterators$ArraySpliterator.forEachRemaining(Spliterators.java:1024)
	at java.base/java.util.stream.AbstractPipeline.copyInto(AbstractPipeline.java:509)
	at java.base/java.util.stream.AbstractPipeline.wrapAndCopyInto(AbstractPipeline.java:499)
	at java.base/java.util.stream.ReduceOps$ReduceOp.evaluateSequential(ReduceOps.java:921)
	at java.base/java.util.stream.AbstractPipeline.evaluate(AbstractPipeline.java:234)
	at java.base/java.util.stream.ReferencePipeline.collect(ReferencePipeline.java:682)
	at org.springframework.data.repository.query.parser.PartTree$Predicate.<init>(PartTree.java:390)
	at org.springframework.data.repository.query.parser.PartTree.<init>(PartTree.java:103)
	at org.springframework.data.jpa.repository.query.PartTreeJpaQuery.<init>(PartTreeJpaQuery.java:100)
	... 60 common frames omitted
2025-06-06 10:27:32,873 INFO o.h.v.i.u.Version [background-preinit] HV000001: Hibernate Validator 8.0.1.Final
2025-06-06 10:27:34,370 INFO o.s.b.StartupInfoLogger [main] Starting SchoolManagementApplication using Java 21.0.6 with PID 30124 (C:\Users\GLOBAL STORE\Documents\Primary-School\backend\build\classes\java\main started by GLOBAL STORE in C:\Users\GLOBAL STORE\Documents\Primary-School\backend)
2025-06-06 10:27:34,371 DEBUG o.s.b.StartupInfoLogger [main] Running with Spring Boot v3.3.0, Spring v6.1.8
2025-06-06 10:27:34,372 INFO o.s.b.SpringApplication [main] No active profile set, falling back to 1 default profile: "default"
2025-06-06 10:27:39,396 INFO o.s.d.r.c.RepositoryConfigurationDelegate [main] Multiple Spring Data modules found, entering strict repository configuration mode
2025-06-06 10:27:39,400 INFO o.s.d.r.c.RepositoryConfigurationDelegate [main] Bootstrapping Spring Data JPA repositories in DEFAULT mode.
2025-06-06 10:27:39,879 INFO o.s.d.r.c.RepositoryConfigurationDelegate [main] Finished Spring Data repository scanning in 463 ms. Found 22 JPA repository interfaces.
2025-06-06 10:27:39,908 INFO o.s.d.r.c.RepositoryConfigurationDelegate [main] Multiple Spring Data modules found, entering strict repository configuration mode
2025-06-06 10:27:39,911 INFO o.s.d.r.c.RepositoryConfigurationDelegate [main] Bootstrapping Spring Data Redis repositories in DEFAULT mode.
2025-06-06 10:27:39,947 INFO o.s.d.r.c.RepositoryConfigurationExtensionSupport [main] Spring Data Redis - Could not safely identify store assignment for repository candidate interface com.school.management.repository.AffectationRepository; If you want this repository to be a Redis repository, consider annotating your entities with one of these annotations: org.springframework.data.redis.core.RedisHash (preferred), or consider extending one of the following types with your repository: org.springframework.data.keyvalue.repository.KeyValueRepository
2025-06-06 10:27:39,947 INFO o.s.d.r.c.RepositoryConfigurationExtensionSupport [main] Spring Data Redis - Could not safely identify store assignment for repository candidate interface com.school.management.repository.AnneeScolaireRepository; If you want this repository to be a Redis repository, consider annotating your entities with one of these annotations: org.springframework.data.redis.core.RedisHash (preferred), or consider extending one of the following types with your repository: org.springframework.data.keyvalue.repository.KeyValueRepository
2025-06-06 10:27:39,948 INFO o.s.d.r.c.RepositoryConfigurationExtensionSupport [main] Spring Data Redis - Could not safely identify store assignment for repository candidate interface com.school.management.repository.ClasseRepository; If you want this repository to be a Redis repository, consider annotating your entities with one of these annotations: org.springframework.data.redis.core.RedisHash (preferred), or consider extending one of the following types with your repository: org.springframework.data.keyvalue.repository.KeyValueRepository
2025-06-06 10:27:39,948 INFO o.s.d.r.c.RepositoryConfigurationExtensionSupport [main] Spring Data Redis - Could not safely identify store assignment for repository candidate interface com.school.management.repository.ClassRepository; If you want this repository to be a Redis repository, consider annotating your entities with one of these annotations: org.springframework.data.redis.core.RedisHash (preferred), or consider extending one of the following types with your repository: org.springframework.data.keyvalue.repository.KeyValueRepository
2025-06-06 10:27:39,948 INFO o.s.d.r.c.RepositoryConfigurationExtensionSupport [main] Spring Data Redis - Could not safely identify store assignment for repository candidate interface com.school.management.repository.DocumentRepository; If you want this repository to be a Redis repository, consider annotating your entities with one of these annotations: org.springframework.data.redis.core.RedisHash (preferred), or consider extending one of the following types with your repository: org.springframework.data.keyvalue.repository.KeyValueRepository
2025-06-06 10:27:39,949 INFO o.s.d.r.c.RepositoryConfigurationExtensionSupport [main] Spring Data Redis - Could not safely identify store assignment for repository candidate interface com.school.management.repository.EleveRepository; If you want this repository to be a Redis repository, consider annotating your entities with one of these annotations: org.springframework.data.redis.core.RedisHash (preferred), or consider extending one of the following types with your repository: org.springframework.data.keyvalue.repository.KeyValueRepository
2025-06-06 10:27:39,949 INFO o.s.d.r.c.RepositoryConfigurationExtensionSupport [main] Spring Data Redis - Could not safely identify store assignment for repository candidate interface com.school.management.repository.EnseignantRepository; If you want this repository to be a Redis repository, consider annotating your entities with one of these annotations: org.springframework.data.redis.core.RedisHash (preferred), or consider extending one of the following types with your repository: org.springframework.data.keyvalue.repository.KeyValueRepository
2025-06-06 10:27:39,949 INFO o.s.d.r.c.RepositoryConfigurationExtensionSupport [main] Spring Data Redis - Could not safely identify store assignment for repository candidate interface com.school.management.repository.GradeRepository; If you want this repository to be a Redis repository, consider annotating your entities with one of these annotations: org.springframework.data.redis.core.RedisHash (preferred), or consider extending one of the following types with your repository: org.springframework.data.keyvalue.repository.KeyValueRepository
2025-06-06 10:27:39,950 INFO o.s.d.r.c.RepositoryConfigurationExtensionSupport [main] Spring Data Redis - Could not safely identify store assignment for repository candidate interface com.school.management.repository.LogActiviteRepository; If you want this repository to be a Redis repository, consider annotating your entities with one of these annotations: org.springframework.data.redis.core.RedisHash (preferred), or consider extending one of the following types with your repository: org.springframework.data.keyvalue.repository.KeyValueRepository
2025-06-06 10:27:39,951 INFO o.s.d.r.c.RepositoryConfigurationExtensionSupport [main] Spring Data Redis - Could not safely identify store assignment for repository candidate interface com.school.management.repository.MatiereRepository; If you want this repository to be a Redis repository, consider annotating your entities with one of these annotations: org.springframework.data.redis.core.RedisHash (preferred), or consider extending one of the following types with your repository: org.springframework.data.keyvalue.repository.KeyValueRepository
2025-06-06 10:27:39,951 INFO o.s.d.r.c.RepositoryConfigurationExtensionSupport [main] Spring Data Redis - Could not safely identify store assignment for repository candidate interface com.school.management.repository.NoteRepository; If you want this repository to be a Redis repository, consider annotating your entities with one of these annotations: org.springframework.data.redis.core.RedisHash (preferred), or consider extending one of the following types with your repository: org.springframework.data.keyvalue.repository.KeyValueRepository
2025-06-06 10:27:39,952 INFO o.s.d.r.c.RepositoryConfigurationExtensionSupport [main] Spring Data Redis - Could not safely identify store assignment for repository candidate interface com.school.management.repository.NotificationRepository; If you want this repository to be a Redis repository, consider annotating your entities with one of these annotations: org.springframework.data.redis.core.RedisHash (preferred), or consider extending one of the following types with your repository: org.springframework.data.keyvalue.repository.KeyValueRepository
2025-06-06 10:27:39,952 INFO o.s.d.r.c.RepositoryConfigurationExtensionSupport [main] Spring Data Redis - Could not safely identify store assignment for repository candidate interface com.school.management.repository.PaiementRepository; If you want this repository to be a Redis repository, consider annotating your entities with one of these annotations: org.springframework.data.redis.core.RedisHash (preferred), or consider extending one of the following types with your repository: org.springframework.data.keyvalue.repository.KeyValueRepository
2025-06-06 10:27:39,952 INFO o.s.d.r.c.RepositoryConfigurationExtensionSupport [main] Spring Data Redis - Could not safely identify store assignment for repository candidate interface com.school.management.repository.ProfilUtilisateurRepository; If you want this repository to be a Redis repository, consider annotating your entities with one of these annotations: org.springframework.data.redis.core.RedisHash (preferred), or consider extending one of the following types with your repository: org.springframework.data.keyvalue.repository.KeyValueRepository
2025-06-06 10:27:39,953 INFO o.s.d.r.c.RepositoryConfigurationExtensionSupport [main] Spring Data Redis - Could not safely identify store assignment for repository candidate interface com.school.management.repository.RoleRepository; If you want this repository to be a Redis repository, consider annotating your entities with one of these annotations: org.springframework.data.redis.core.RedisHash (preferred), or consider extending one of the following types with your repository: org.springframework.data.keyvalue.repository.KeyValueRepository
2025-06-06 10:27:39,954 INFO o.s.d.r.c.RepositoryConfigurationExtensionSupport [main] Spring Data Redis - Could not safely identify store assignment for repository candidate interface com.school.management.repository.SectionRepository; If you want this repository to be a Redis repository, consider annotating your entities with one of these annotations: org.springframework.data.redis.core.RedisHash (preferred), or consider extending one of the following types with your repository: org.springframework.data.keyvalue.repository.KeyValueRepository
2025-06-06 10:27:39,954 INFO o.s.d.r.c.RepositoryConfigurationExtensionSupport [main] Spring Data Redis - Could not safely identify store assignment for repository candidate interface com.school.management.repository.SequenceRepository; If you want this repository to be a Redis repository, consider annotating your entities with one of these annotations: org.springframework.data.redis.core.RedisHash (preferred), or consider extending one of the following types with your repository: org.springframework.data.keyvalue.repository.KeyValueRepository
2025-06-06 10:27:39,954 INFO o.s.d.r.c.RepositoryConfigurationExtensionSupport [main] Spring Data Redis - Could not safely identify store assignment for repository candidate interface com.school.management.repository.StatutAnneeRepository; If you want this repository to be a Redis repository, consider annotating your entities with one of these annotations: org.springframework.data.redis.core.RedisHash (preferred), or consider extending one of the following types with your repository: org.springframework.data.keyvalue.repository.KeyValueRepository
2025-06-06 10:27:39,954 INFO o.s.d.r.c.RepositoryConfigurationExtensionSupport [main] Spring Data Redis - Could not safely identify store assignment for repository candidate interface com.school.management.repository.StudentRepository; If you want this repository to be a Redis repository, consider annotating your entities with one of these annotations: org.springframework.data.redis.core.RedisHash (preferred), or consider extending one of the following types with your repository: org.springframework.data.keyvalue.repository.KeyValueRepository
2025-06-06 10:27:39,955 INFO o.s.d.r.c.RepositoryConfigurationExtensionSupport [main] Spring Data Redis - Could not safely identify store assignment for repository candidate interface com.school.management.repository.TrimestreRepository; If you want this repository to be a Redis repository, consider annotating your entities with one of these annotations: org.springframework.data.redis.core.RedisHash (preferred), or consider extending one of the following types with your repository: org.springframework.data.keyvalue.repository.KeyValueRepository
2025-06-06 10:27:39,955 INFO o.s.d.r.c.RepositoryConfigurationExtensionSupport [main] Spring Data Redis - Could not safely identify store assignment for repository candidate interface com.school.management.repository.TypeAffectationRepository; If you want this repository to be a Redis repository, consider annotating your entities with one of these annotations: org.springframework.data.redis.core.RedisHash (preferred), or consider extending one of the following types with your repository: org.springframework.data.keyvalue.repository.KeyValueRepository
2025-06-06 10:27:39,955 INFO o.s.d.r.c.RepositoryConfigurationExtensionSupport [main] Spring Data Redis - Could not safely identify store assignment for repository candidate interface com.school.management.repository.UtilisateurRepository; If you want this repository to be a Redis repository, consider annotating your entities with one of these annotations: org.springframework.data.redis.core.RedisHash (preferred), or consider extending one of the following types with your repository: org.springframework.data.keyvalue.repository.KeyValueRepository
2025-06-06 10:27:39,956 INFO o.s.d.r.c.RepositoryConfigurationDelegate [main] Finished Spring Data repository scanning in 21 ms. Found 0 Redis repository interfaces.
2025-06-06 10:27:41,708 INFO o.s.b.w.e.t.TomcatWebServer [main] Tomcat initialized with port 8080 (http)
2025-06-06 10:27:41,731 INFO o.a.j.l.DirectJDKLog [main] Initializing ProtocolHandler ["http-nio-8080"]
2025-06-06 10:27:41,734 INFO o.a.j.l.DirectJDKLog [main] Starting service [Tomcat]
2025-06-06 10:27:41,734 INFO o.a.j.l.DirectJDKLog [main] Starting Servlet engine: [Apache Tomcat/10.1.24]
2025-06-06 10:27:41,830 INFO o.a.j.l.DirectJDKLog [main] Initializing Spring embedded WebApplicationContext
2025-06-06 10:27:41,831 INFO o.s.b.w.s.c.ServletWebServerApplicationContext [main] Root WebApplicationContext: initialization completed in 7333 ms
2025-06-06 10:27:42,106 INFO c.z.h.HikariDataSource [main] HikariPool-1 - Starting...
2025-06-06 10:27:42,529 INFO c.z.h.p.HikariPool [main] HikariPool-1 - Added connection conn0: url=jdbc:h2:mem:testdb user=SA
2025-06-06 10:27:42,531 INFO c.z.h.HikariDataSource [main] HikariPool-1 - Start completed.
2025-06-06 10:27:42,547 INFO o.s.b.a.h.H2ConsoleAutoConfiguration [main] H2 console available at '/h2-console'. Database available at 'jdbc:h2:mem:testdb'
2025-06-06 10:27:43,098 INFO o.h.j.i.u.LogHelper [main] HHH000204: Processing PersistenceUnitInfo [name: default]
2025-06-06 10:27:43,272 INFO o.h.Version [main] HHH000412: Hibernate ORM core version 6.5.2.Final
2025-06-06 10:27:43,356 INFO o.h.c.i.RegionFactoryInitiator [main] HHH000026: Second-level cache disabled
2025-06-06 10:27:44,078 INFO o.s.o.j.p.SpringPersistenceUnitInfo [main] No LoadTimeWeaver setup: ignoring JPA class transformer
2025-06-06 10:27:44,188 WARN o.h.e.j.d.i.DialectFactoryImpl [main] HHH90000025: H2Dialect does not need to be specified explicitly using 'hibernate.dialect' (remove the property setting and it will be selected by default)
2025-06-06 10:27:46,853 INFO o.h.e.t.j.p.i.JtaPlatformInitiator [main] HHH000489: No JTA platform available (set 'hibernate.transaction.jta.platform' to enable JTA platform integration)
2025-06-06 10:27:46,891 DEBUG o.h.e.j.s.SqlStatementLogger [main] 
    drop table if exists "affectation" cascade 
2025-06-06 10:27:46,897 DEBUG o.h.e.j.s.SqlStatementLogger [main] 
    drop table if exists "annee_scolaire" cascade 
2025-06-06 10:27:46,898 DEBUG o.h.e.j.s.SqlStatementLogger [main] 
    drop table if exists "classes" cascade 
2025-06-06 10:27:46,898 DEBUG o.h.e.j.s.SqlStatementLogger [main] 
    drop table if exists "document" cascade 
2025-06-06 10:27:46,899 DEBUG o.h.e.j.s.SqlStatementLogger [main] 
    drop table if exists "eleve" cascade 
2025-06-06 10:27:46,900 DEBUG o.h.e.j.s.SqlStatementLogger [main] 
    drop table if exists "enseignant" cascade 
2025-06-06 10:27:46,900 DEBUG o.h.e.j.s.SqlStatementLogger [main] 
    drop table if exists "grade" cascade 
2025-06-06 10:27:46,901 DEBUG o.h.e.j.s.SqlStatementLogger [main] 
    drop table if exists "log_activite" cascade 
2025-06-06 10:27:46,901 DEBUG o.h.e.j.s.SqlStatementLogger [main] 
    drop table if exists "matiere" cascade 
2025-06-06 10:27:46,902 DEBUG o.h.e.j.s.SqlStatementLogger [main] 
    drop table if exists "note" cascade 
2025-06-06 10:27:46,902 DEBUG o.h.e.j.s.SqlStatementLogger [main] 
    drop table if exists "notifications" cascade 
2025-06-06 10:27:46,903 DEBUG o.h.e.j.s.SqlStatementLogger [main] 
    drop table if exists "paiements" cascade 
2025-06-06 10:27:46,903 DEBUG o.h.e.j.s.SqlStatementLogger [main] 
    drop table if exists "parents" cascade 
2025-06-06 10:27:46,903 DEBUG o.h.e.j.s.SqlStatementLogger [main] 
    drop table if exists "profil_utilisateur" cascade 
2025-06-06 10:27:46,904 DEBUG o.h.e.j.s.SqlStatementLogger [main] 
    drop table if exists "role" cascade 
2025-06-06 10:27:46,904 DEBUG o.h.e.j.s.SqlStatementLogger [main] 
    drop table if exists "sections" cascade 
2025-06-06 10:27:46,905 DEBUG o.h.e.j.s.SqlStatementLogger [main] 
    drop table if exists "sequence" cascade 
2025-06-06 10:27:46,905 DEBUG o.h.e.j.s.SqlStatementLogger [main] 
    drop table if exists "statut_annee" cascade 
2025-06-06 10:27:46,906 DEBUG o.h.e.j.s.SqlStatementLogger [main] 
    drop table if exists "student_progress_report" cascade 
2025-06-06 10:27:46,906 DEBUG o.h.e.j.s.SqlStatementLogger [main] 
    drop table if exists "students" cascade 
2025-06-06 10:27:46,907 DEBUG o.h.e.j.s.SqlStatementLogger [main] 
    drop table if exists "subject" cascade 
2025-06-06 10:27:46,908 DEBUG o.h.e.j.s.SqlStatementLogger [main] 
    drop table if exists "trimestre" cascade 
2025-06-06 10:27:46,908 DEBUG o.h.e.j.s.SqlStatementLogger [main] 
    drop table if exists "type_affectation" cascade 
2025-06-06 10:27:46,909 DEBUG o.h.e.j.s.SqlStatementLogger [main] 
    drop table if exists "utilisateur" cascade 
2025-06-06 10:27:46,920 DEBUG o.h.e.j.s.SqlStatementLogger [main] 
    create table "affectation" (
        "date_debut" date,
        "date_fin" date,
        "annee_scolaire_id" bigint not null,
        "classe_id" bigint not null,
        "created_at" timestamp(6),
        "enseignant_id" bigint not null,
        "id" bigint generated by default as identity,
        "matiere_id" bigint not null,
        "updated_at" timestamp(6),
        "type_code" varchar(20) not null,
        primary key ("id")
    )
2025-06-06 10:27:46,943 DEBUG o.h.e.j.s.SqlStatementLogger [main] 
    create table "annee_scolaire" (
        "date_debut" date not null,
        "date_fin" date not null,
        "created_at" timestamp(6),
        "id" bigint generated by default as identity,
        "updated_at" timestamp(6),
        "statut_code" varchar(20) not null,
        "libelle" varchar(50) not null,
        primary key ("id")
    )
2025-06-06 10:27:46,945 DEBUG o.h.e.j.s.SqlStatementLogger [main] 
    create table "classes" (
        "actif" boolean,
        "capacite" integer,
        "created_at" timestamp(6),
        "id" bigint generated by default as identity,
        "updated_at" timestamp(6),
        "annee_scolaire" varchar(9) not null,
        "niveau" varchar(50) not null,
        "nom" varchar(100) not null,
        "description" varchar(500),
        primary key ("id")
    )
2025-06-06 10:27:46,948 DEBUG o.h.e.j.s.SqlStatementLogger [main] 
    create table "document" (
        "date_ajout" timestamp(6),
        "eleve_id" bigint,
        "id" bigint generated by default as identity,
        "chemin_fichier" varchar(255) not null,
        "type_document" enum ('AUTRE','BULLETIN','RECU') not null,
        primary key ("id")
    )
2025-06-06 10:27:46,952 DEBUG o.h.e.j.s.SqlStatementLogger [main] 
    create table "eleve" (
        "actif" boolean,
        "date_naissance" date,
        "classe_id" bigint,
        "created_at" timestamp(6),
        "date_inscription" timestamp(6),
        "id" bigint generated by default as identity,
        "parent_id" bigint,
        "section_id" bigint,
        "updated_at" timestamp(6),
        "genre" varchar(20),
        "email" varchar(100) not null unique,
        "nom" varchar(100) not null,
        "prenom" varchar(100) not null,
        "adresse" varchar(200),
        primary key ("id")
    )
2025-06-06 10:27:46,958 DEBUG o.h.e.j.s.SqlStatementLogger [main] 
    create table "enseignant" (
        "actif" boolean,
        "created_at" timestamp(6),
        "date_embauche" timestamp(6),
        "id" bigint generated by default as identity,
        "section_id" bigint,
        "updated_at" timestamp(6),
        "telephone" varchar(20),
        "niveau" varchar(50),
        "email" varchar(100) not null unique,
        "nom" varchar(100) not null,
        "prenom" varchar(100) not null,
        "specialite" varchar(100),
        primary key ("id")
    )
2025-06-06 10:27:46,961 DEBUG o.h.e.j.s.SqlStatementLogger [main] 
    create table "grade" (
        "grade" float(53) not null,
        "created_at" timestamp(6),
        "id" bigint generated by default as identity,
        "student_id" bigint not null,
        "subject_id" bigint not null,
        "updated_at" timestamp(6),
        "period" varchar(20) not null,
        "comments" varchar(500),
        primary key ("id")
    )
2025-06-06 10:27:46,965 DEBUG o.h.e.j.s.SqlStatementLogger [main] 
    create table "log_activite" (
        "date_action" timestamp(6),
        "id" bigint generated by default as identity,
        "reference_id" bigint,
        "utilisateur_id" bigint not null,
        "ip_adresse" varchar(45),
        "table_cible" varchar(100),
        "action" varchar(255) not null,
        primary key ("id")
    )
2025-06-06 10:27:46,970 DEBUG o.h.e.j.s.SqlStatementLogger [main] 
    create table "matiere" (
        "coefficient" numeric(5,2) not null,
        "created_at" timestamp(6),
        "id" bigint generated by default as identity,
        "updated_at" timestamp(6),
        "nom" varchar(100) not null,
        primary key ("id")
    )
2025-06-06 10:27:46,973 DEBUG o.h.e.j.s.SqlStatementLogger [main] 
    create table "note" (
        "note" numeric(5,2) not null,
        "created_at" timestamp(6) not null,
        "eleve_id" bigint not null,
        "id" bigint generated by default as identity,
        "matiere_id" bigint not null,
        "sequence_id" bigint not null,
        "trimestre_id" bigint,
        "updated_at" timestamp(6),
        "commentaire" varchar(255),
        primary key ("id")
    )
2025-06-06 10:27:46,978 DEBUG o.h.e.j.s.SqlStatementLogger [main] 
    create table "notifications" (
        "read" boolean,
        "created_at" timestamp(6),
        "id" bigint generated by default as identity,
        "user_id" bigint,
        "message" varchar(255) not null,
        primary key ("id")
    )
2025-06-06 10:27:46,986 DEBUG o.h.e.j.s.SqlStatementLogger [main] 
    create table "paiements" (
        "date_paiement" date,
        "montant" numeric(38,2) not null,
        "eleve_id" bigint not null,
        "id" bigint generated by default as identity,
        "description" varchar(255),
        "type_paiement" varchar(255),
        primary key ("id")
    )
2025-06-06 10:27:46,993 DEBUG o.h.e.j.s.SqlStatementLogger [main] 
    create table "parents" (
        "id" bigint generated by default as identity,
        "adresse" varchar(255),
        "email" varchar(255) unique,
        "nom" varchar(255) not null,
        "prenom" varchar(255) not null,
        "profession" varchar(255),
        "telephone" varchar(255),
        primary key ("id")
    )
2025-06-06 10:27:46,998 DEBUG o.h.e.j.s.SqlStatementLogger [main] 
    create table "profil_utilisateur" (
        "created_at" timestamp(6),
        "id" bigint generated by default as identity,
        "reference_id" bigint not null,
        "updated_at" timestamp(6),
        "utilisateur_id" bigint not null,
        "type_personne" enum ('AGENT','ELEVE','ENSEIGNANT','PARENT') not null,
        primary key ("id")
    )
2025-06-06 10:27:47,008 DEBUG o.h.e.j.s.SqlStatementLogger [main] 
    create table "role" (
        "id" bigint generated by default as identity,
        "libelle" varchar(50) not null unique,
        primary key ("id")
    )
2025-06-06 10:27:47,012 DEBUG o.h.e.j.s.SqlStatementLogger [main] 
    create table "sections" (
        "id" bigint generated by default as identity,
        "description" varchar(255),
        "nom" varchar(255) not null,
        primary key ("id")
    )
2025-06-06 10:27:47,021 DEBUG o.h.e.j.s.SqlStatementLogger [main] 
    create table "sequence" (
        "numero" integer not null,
        "created_at" timestamp(6),
        "id" bigint generated by default as identity,
        "trimestre_id" bigint not null,
        "updated_at" timestamp(6),
        "libelle" varchar(50) not null,
        primary key ("id")
    )
2025-06-06 10:27:47,025 DEBUG o.h.e.j.s.SqlStatementLogger [main] 
    create table "statut_annee" (
        "code" varchar(20) not null,
        "libelle" varchar(100) not null,
        primary key ("code")
    )
2025-06-06 10:27:47,030 DEBUG o.h.e.j.s.SqlStatementLogger [main] 
    create table "student_progress_report" (
        "attendance_rate" float(53),
        "average_grade" float(53),
        "created_at" timestamp(6),
        "id" bigint generated by default as identity,
        "student_id" bigint not null,
        "updated_at" timestamp(6),
        "period" varchar(20) not null,
        "comments" varchar(1000),
        primary key ("id")
    )
2025-06-06 10:27:47,039 DEBUG o.h.e.j.s.SqlStatementLogger [main] 
    create table "students" (
        "actif" boolean,
        "date_naissance" date not null,
        "genre" varchar(1),
        "classe_id" bigint,
        "created_at" timestamp(6),
        "date_inscription" timestamp(6) not null,
        "id" bigint generated by default as identity,
        "section_id" bigint,
        "updated_at" timestamp(6),
        "telephone" varchar(20),
        "section_name" varchar(50),
        "email" varchar(100) not null unique,
        "nom" varchar(100) not null,
        "nom_classe" varchar(100),
        "nom_parent" varchar(100),
        "prenom" varchar(100) not null,
        "adresse" varchar(200),
        primary key ("id")
    )
2025-06-06 10:27:47,045 DEBUG o.h.e.j.s.SqlStatementLogger [main] 
    create table "subject" (
        "actif" boolean,
        "coefficient" integer,
        "created_at" timestamp(6),
        "id" bigint generated by default as identity,
        "updated_at" timestamp(6),
        "code" varchar(20) not null unique,
        "nom" varchar(100) not null,
        "description" varchar(500),
        primary key ("id")
    )
2025-06-06 10:27:47,053 DEBUG o.h.e.j.s.SqlStatementLogger [main] 
    create table "trimestre" (
        "numero" integer not null,
        "annee_scolaire_id" bigint not null,
        "created_at" timestamp(6),
        "id" bigint generated by default as identity,
        "updated_at" timestamp(6),
        "libelle" varchar(50) not null,
        primary key ("id")
    )
2025-06-06 10:27:47,057 DEBUG o.h.e.j.s.SqlStatementLogger [main] 
    create table "type_affectation" (
        "code" varchar(20) not null,
        "libelle" varchar(100) not null,
        primary key ("code")
    )
2025-06-06 10:27:47,062 DEBUG o.h.e.j.s.SqlStatementLogger [main] 
    create table "utilisateur" (
        "actif" boolean,
        "created_at" timestamp(6),
        "id" bigint generated by default as identity,
        "last_login" timestamp(6),
        "role_id" bigint not null,
        "updated_at" timestamp(6),
        "email" varchar(100) not null unique,
        "nom" varchar(100) not null,
        "mot_de_passe" varchar(255) not null,
        "reset_token" varchar(255),
        "type_personne" enum ('ADMIN','AGENT','ELEVE','ENSEIGNANT','PARENT') not null,
        primary key ("id")
    )
2025-06-06 10:27:47,070 DEBUG o.h.e.j.s.SqlStatementLogger [main] 
    alter table if exists "affectation" 
       add constraint "FK9eu96qf7kye9sf1pmecfd0yfm" 
       foreign key ("annee_scolaire_id") 
       references "annee_scolaire"
2025-06-06 10:27:47,106 DEBUG o.h.e.j.s.SqlStatementLogger [main] 
    alter table if exists "affectation" 
       add constraint "FKpe0bo22qt45crdtir2olejjyg" 
       foreign key ("classe_id") 
       references "classes"
2025-06-06 10:27:47,108 DEBUG o.h.e.j.s.SqlStatementLogger [main] 
    alter table if exists "affectation" 
       add constraint "FK3av7c7bm789r6knql1ykv0iuh" 
       foreign key ("enseignant_id") 
       references "enseignant"
2025-06-06 10:27:47,111 DEBUG o.h.e.j.s.SqlStatementLogger [main] 
    alter table if exists "affectation" 
       add constraint "FKbd6pqb4xm1b2f6dsjng6t9vy1" 
       foreign key ("matiere_id") 
       references "matiere"
2025-06-06 10:27:47,114 DEBUG o.h.e.j.s.SqlStatementLogger [main] 
    alter table if exists "document" 
       add constraint "FK4uxipd5g6ulta9p7gt3992osv" 
       foreign key ("eleve_id") 
       references "eleve"
2025-06-06 10:27:47,116 DEBUG o.h.e.j.s.SqlStatementLogger [main] 
    alter table if exists "eleve" 
       add constraint "FKak1ytyiywaoq3w1wjuwpdu81p" 
       foreign key ("classe_id") 
       references "classes"
2025-06-06 10:27:47,121 DEBUG o.h.e.j.s.SqlStatementLogger [main] 
    alter table if exists "eleve" 
       add constraint "FK31spnejrvma8oawmo11nku169" 
       foreign key ("parent_id") 
       references "parents"
2025-06-06 10:27:47,124 DEBUG o.h.e.j.s.SqlStatementLogger [main] 
    alter table if exists "eleve" 
       add constraint "FKfpstf9bai3b6n4qu9wsx077ja" 
       foreign key ("section_id") 
       references "sections"
2025-06-06 10:27:47,126 DEBUG o.h.e.j.s.SqlStatementLogger [main] 
    alter table if exists "enseignant" 
       add constraint "FKh4do9onk9pwd1p5hpdl2jlvsw" 
       foreign key ("section_id") 
       references "sections"
2025-06-06 10:27:47,127 DEBUG o.h.e.j.s.SqlStatementLogger [main] 
    alter table if exists "grade" 
       add constraint "FKipf4njw2w6vostd6y4ti401mm" 
       foreign key ("student_id") 
       references "utilisateur"
2025-06-06 10:27:47,129 DEBUG o.h.e.j.s.SqlStatementLogger [main] 
    alter table if exists "grade" 
       add constraint "FKga475phybm7f4xh2qgjlm4tef" 
       foreign key ("subject_id") 
       references "subject"
2025-06-06 10:27:47,131 DEBUG o.h.e.j.s.SqlStatementLogger [main] 
    alter table if exists "log_activite" 
       add constraint "FKrfsnh1x7lprexosg0odve3edk" 
       foreign key ("utilisateur_id") 
       references "utilisateur"
2025-06-06 10:27:47,132 DEBUG o.h.e.j.s.SqlStatementLogger [main] 
    alter table if exists "note" 
       add constraint "FKckjcf0lcp26yn81tkbiyyvpxs" 
       foreign key ("eleve_id") 
       references "eleve"
2025-06-06 10:27:47,135 DEBUG o.h.e.j.s.SqlStatementLogger [main] 
    alter table if exists "note" 
       add constraint "FKce6fgrwojbdjuyfobkryhsubc" 
       foreign key ("matiere_id") 
       references "matiere"
2025-06-06 10:27:47,139 DEBUG o.h.e.j.s.SqlStatementLogger [main] 
    alter table if exists "note" 
       add constraint "FKnx3h3lbhngn4he4lrc8ylhrxh" 
       foreign key ("sequence_id") 
       references "sequence"
2025-06-06 10:27:47,141 DEBUG o.h.e.j.s.SqlStatementLogger [main] 
    alter table if exists "note" 
       add constraint "FKsq8sa1xg25htraxpx0ylx3lgk" 
       foreign key ("trimestre_id") 
       references "trimestre"
2025-06-06 10:27:47,143 DEBUG o.h.e.j.s.SqlStatementLogger [main] 
    alter table if exists "paiements" 
       add constraint "FKafefes0eqpleg9i7g6mvt6xhh" 
       foreign key ("eleve_id") 
       references "eleve"
2025-06-06 10:27:47,145 DEBUG o.h.e.j.s.SqlStatementLogger [main] 
    alter table if exists "profil_utilisateur" 
       add constraint "FK177de5xq3y87tjxuwctokx341" 
       foreign key ("utilisateur_id") 
       references "utilisateur"
2025-06-06 10:27:47,147 DEBUG o.h.e.j.s.SqlStatementLogger [main] 
    alter table if exists "sequence" 
       add constraint "FKclybiy2bjbpf0ejgg6rq51ynf" 
       foreign key ("trimestre_id") 
       references "trimestre"
2025-06-06 10:27:47,150 DEBUG o.h.e.j.s.SqlStatementLogger [main] 
    alter table if exists "student_progress_report" 
       add constraint "FK1u5j5o832a13lgcq3foy1g3rr" 
       foreign key ("student_id") 
       references "utilisateur"
2025-06-06 10:27:47,156 DEBUG o.h.e.j.s.SqlStatementLogger [main] 
    alter table if exists "students" 
       add constraint "FKtb9nirq953dcf0onxisl98ni1" 
       foreign key ("classe_id") 
       references "classes"
2025-06-06 10:27:47,159 DEBUG o.h.e.j.s.SqlStatementLogger [main] 
    alter table if exists "students" 
       add constraint "FKgkvw6901117nqyb8tyx3gmpk5" 
       foreign key ("section_id") 
       references "sections"
2025-06-06 10:27:47,162 DEBUG o.h.e.j.s.SqlStatementLogger [main] 
    alter table if exists "trimestre" 
       add constraint "FKql50yxg7ydwdp4uom1mltlbkr" 
       foreign key ("annee_scolaire_id") 
       references "annee_scolaire"
2025-06-06 10:27:47,164 DEBUG o.h.e.j.s.SqlStatementLogger [main] 
    alter table if exists "utilisateur" 
       add constraint "FKmjx8u4qqtx1pp4g0tpmuf3yb9" 
       foreign key ("role_id") 
       references "role"
2025-06-06 10:27:47,177 INFO o.s.o.j.AbstractEntityManagerFactoryBean [main] Initialized JPA EntityManagerFactory for persistence unit 'default'
2025-06-06 10:27:47,988 WARN o.s.c.s.AbstractApplicationContext [main] Exception encountered during context initialization - cancelling refresh attempt: org.springframework.beans.factory.UnsatisfiedDependencyException: Error creating bean with name 'gradeController' defined in file [C:\Users\GLOBAL STORE\Documents\Primary-School\backend\build\classes\java\main\com\school\management\controller\GradeController.class]: Unsatisfied dependency expressed through constructor parameter 0: Error creating bean with name 'gradeService' defined in file [C:\Users\GLOBAL STORE\Documents\Primary-School\backend\build\classes\java\main\com\school\management\service\GradeService.class]: Unsatisfied dependency expressed through constructor parameter 0: Error creating bean with name 'noteRepository' defined in com.school.management.repository.NoteRepository defined in @EnableJpaRepositories declared on JpaRepositoriesRegistrar.EnableJpaRepositoriesConfiguration: Could not create query for public abstract org.springframework.data.domain.Page com.school.management.repository.NoteRepository.findByEleveIdAndPeriod(java.lang.Long,java.lang.String,org.springframework.data.domain.Pageable); Reason: Failed to create query for method public abstract org.springframework.data.domain.Page com.school.management.repository.NoteRepository.findByEleveIdAndPeriod(java.lang.Long,java.lang.String,org.springframework.data.domain.Pageable); No property 'period' found for type 'Note'
2025-06-06 10:27:47,989 INFO o.s.o.j.AbstractEntityManagerFactoryBean [main] Closing JPA EntityManagerFactory for persistence unit 'default'
2025-06-06 10:27:47,990 DEBUG o.h.e.j.s.SqlStatementLogger [main] 
    drop table if exists "affectation" cascade 
2025-06-06 10:27:47,993 DEBUG o.h.e.j.s.SqlStatementLogger [main] 
    drop table if exists "annee_scolaire" cascade 
2025-06-06 10:27:47,993 DEBUG o.h.e.j.s.SqlStatementLogger [main] 
    drop table if exists "classes" cascade 
2025-06-06 10:27:47,995 DEBUG o.h.e.j.s.SqlStatementLogger [main] 
    drop table if exists "document" cascade 
2025-06-06 10:27:47,997 DEBUG o.h.e.j.s.SqlStatementLogger [main] 
    drop table if exists "eleve" cascade 
2025-06-06 10:27:47,998 DEBUG o.h.e.j.s.SqlStatementLogger [main] 
    drop table if exists "enseignant" cascade 
2025-06-06 10:27:47,999 DEBUG o.h.e.j.s.SqlStatementLogger [main] 
    drop table if exists "grade" cascade 
2025-06-06 10:27:48,000 DEBUG o.h.e.j.s.SqlStatementLogger [main] 
    drop table if exists "log_activite" cascade 
2025-06-06 10:27:48,001 DEBUG o.h.e.j.s.SqlStatementLogger [main] 
    drop table if exists "matiere" cascade 
2025-06-06 10:27:48,002 DEBUG o.h.e.j.s.SqlStatementLogger [main] 
    drop table if exists "note" cascade 
2025-06-06 10:27:48,002 DEBUG o.h.e.j.s.SqlStatementLogger [main] 
    drop table if exists "notifications" cascade 
2025-06-06 10:27:48,003 DEBUG o.h.e.j.s.SqlStatementLogger [main] 
    drop table if exists "paiements" cascade 
2025-06-06 10:27:48,004 DEBUG o.h.e.j.s.SqlStatementLogger [main] 
    drop table if exists "parents" cascade 
2025-06-06 10:27:48,004 DEBUG o.h.e.j.s.SqlStatementLogger [main] 
    drop table if exists "profil_utilisateur" cascade 
2025-06-06 10:27:48,005 DEBUG o.h.e.j.s.SqlStatementLogger [main] 
    drop table if exists "role" cascade 
2025-06-06 10:27:48,007 DEBUG o.h.e.j.s.SqlStatementLogger [main] 
    drop table if exists "sections" cascade 
2025-06-06 10:27:48,008 DEBUG o.h.e.j.s.SqlStatementLogger [main] 
    drop table if exists "sequence" cascade 
2025-06-06 10:27:48,009 DEBUG o.h.e.j.s.SqlStatementLogger [main] 
    drop table if exists "statut_annee" cascade 
2025-06-06 10:27:48,009 DEBUG o.h.e.j.s.SqlStatementLogger [main] 
    drop table if exists "student_progress_report" cascade 
2025-06-06 10:27:48,010 DEBUG o.h.e.j.s.SqlStatementLogger [main] 
    drop table if exists "students" cascade 
2025-06-06 10:27:48,011 DEBUG o.h.e.j.s.SqlStatementLogger [main] 
    drop table if exists "subject" cascade 
2025-06-06 10:27:48,012 DEBUG o.h.e.j.s.SqlStatementLogger [main] 
    drop table if exists "trimestre" cascade 
2025-06-06 10:27:48,013 DEBUG o.h.e.j.s.SqlStatementLogger [main] 
    drop table if exists "type_affectation" cascade 
2025-06-06 10:27:48,013 DEBUG o.h.e.j.s.SqlStatementLogger [main] 
    drop table if exists "utilisateur" cascade 
2025-06-06 10:27:48,016 INFO c.z.h.HikariDataSource [main] HikariPool-1 - Shutdown initiated...
2025-06-06 10:27:48,018 INFO c.z.h.HikariDataSource [main] HikariPool-1 - Shutdown completed.
2025-06-06 10:27:48,020 INFO o.a.j.l.DirectJDKLog [main] Stopping service [Tomcat]
2025-06-06 10:27:48,042 INFO o.s.b.a.l.ConditionEvaluationReportLogger [main] 

Error starting ApplicationContext. To display the condition evaluation report re-run your application with 'debug' enabled.
2025-06-06 10:27:48,083 ERROR o.s.b.SpringApplication [main] Application run failed
org.springframework.beans.factory.UnsatisfiedDependencyException: Error creating bean with name 'gradeController' defined in file [C:\Users\GLOBAL STORE\Documents\Primary-School\backend\build\classes\java\main\com\school\management\controller\GradeController.class]: Unsatisfied dependency expressed through constructor parameter 0: Error creating bean with name 'gradeService' defined in file [C:\Users\GLOBAL STORE\Documents\Primary-School\backend\build\classes\java\main\com\school\management\service\GradeService.class]: Unsatisfied dependency expressed through constructor parameter 0: Error creating bean with name 'noteRepository' defined in com.school.management.repository.NoteRepository defined in @EnableJpaRepositories declared on JpaRepositoriesRegistrar.EnableJpaRepositoriesConfiguration: Could not create query for public abstract org.springframework.data.domain.Page com.school.management.repository.NoteRepository.findByEleveIdAndPeriod(java.lang.Long,java.lang.String,org.springframework.data.domain.Pageable); Reason: Failed to create query for method public abstract org.springframework.data.domain.Page com.school.management.repository.NoteRepository.findByEleveIdAndPeriod(java.lang.Long,java.lang.String,org.springframework.data.domain.Pageable); No property 'period' found for type 'Note'
	at org.springframework.beans.factory.support.ConstructorResolver.createArgumentArray(ConstructorResolver.java:795)
	at org.springframework.beans.factory.support.ConstructorResolver.autowireConstructor(ConstructorResolver.java:237)
	at org.springframework.beans.factory.support.AbstractAutowireCapableBeanFactory.autowireConstructor(AbstractAutowireCapableBeanFactory.java:1357)
	at org.springframework.beans.factory.support.AbstractAutowireCapableBeanFactory.createBeanInstance(AbstractAutowireCapableBeanFactory.java:1194)
	at org.springframework.beans.factory.support.AbstractAutowireCapableBeanFactory.doCreateBean(AbstractAutowireCapableBeanFactory.java:562)
	at org.springframework.beans.factory.support.AbstractAutowireCapableBeanFactory.createBean(AbstractAutowireCapableBeanFactory.java:522)
	at org.springframework.beans.factory.support.AbstractBeanFactory.lambda$doGetBean$0(AbstractBeanFactory.java:337)
	at org.springframework.beans.factory.support.DefaultSingletonBeanRegistry.getSingleton(DefaultSingletonBeanRegistry.java:234)
	at org.springframework.beans.factory.support.AbstractBeanFactory.doGetBean(AbstractBeanFactory.java:335)
	at org.springframework.beans.factory.support.AbstractBeanFactory.getBean(AbstractBeanFactory.java:200)
	at org.springframework.beans.factory.support.DefaultListableBeanFactory.preInstantiateSingletons(DefaultListableBeanFactory.java:975)
	at org.springframework.context.support.AbstractApplicationContext.finishBeanFactoryInitialization(AbstractApplicationContext.java:962)
	at org.springframework.context.support.AbstractApplicationContext.refresh(AbstractApplicationContext.java:624)
	at org.springframework.boot.web.servlet.context.ServletWebServerApplicationContext.refresh(ServletWebServerApplicationContext.java:146)
	at org.springframework.boot.SpringApplication.refresh(SpringApplication.java:754)
	at org.springframework.boot.SpringApplication.refreshContext(SpringApplication.java:456)
	at org.springframework.boot.SpringApplication.run(SpringApplication.java:335)
	at org.springframework.boot.SpringApplication.run(SpringApplication.java:1363)
	at org.springframework.boot.SpringApplication.run(SpringApplication.java:1352)
	at com.school.management.SchoolManagementApplication.main(SchoolManagementApplication.java:11)
Caused by: org.springframework.beans.factory.UnsatisfiedDependencyException: Error creating bean with name 'gradeService' defined in file [C:\Users\GLOBAL STORE\Documents\Primary-School\backend\build\classes\java\main\com\school\management\service\GradeService.class]: Unsatisfied dependency expressed through constructor parameter 0: Error creating bean with name 'noteRepository' defined in com.school.management.repository.NoteRepository defined in @EnableJpaRepositories declared on JpaRepositoriesRegistrar.EnableJpaRepositoriesConfiguration: Could not create query for public abstract org.springframework.data.domain.Page com.school.management.repository.NoteRepository.findByEleveIdAndPeriod(java.lang.Long,java.lang.String,org.springframework.data.domain.Pageable); Reason: Failed to create query for method public abstract org.springframework.data.domain.Page com.school.management.repository.NoteRepository.findByEleveIdAndPeriod(java.lang.Long,java.lang.String,org.springframework.data.domain.Pageable); No property 'period' found for type 'Note'
	at org.springframework.beans.factory.support.ConstructorResolver.createArgumentArray(ConstructorResolver.java:795)
	at org.springframework.beans.factory.support.ConstructorResolver.autowireConstructor(ConstructorResolver.java:237)
	at org.springframework.beans.factory.support.AbstractAutowireCapableBeanFactory.autowireConstructor(AbstractAutowireCapableBeanFactory.java:1357)
	at org.springframework.beans.factory.support.AbstractAutowireCapableBeanFactory.createBeanInstance(AbstractAutowireCapableBeanFactory.java:1194)
	at org.springframework.beans.factory.support.AbstractAutowireCapableBeanFactory.doCreateBean(AbstractAutowireCapableBeanFactory.java:562)
	at org.springframework.beans.factory.support.AbstractAutowireCapableBeanFactory.createBean(AbstractAutowireCapableBeanFactory.java:522)
	at org.springframework.beans.factory.support.AbstractBeanFactory.lambda$doGetBean$0(AbstractBeanFactory.java:337)
	at org.springframework.beans.factory.support.DefaultSingletonBeanRegistry.getSingleton(DefaultSingletonBeanRegistry.java:234)
	at org.springframework.beans.factory.support.AbstractBeanFactory.doGetBean(AbstractBeanFactory.java:335)
	at org.springframework.beans.factory.support.AbstractBeanFactory.getBean(AbstractBeanFactory.java:200)
	at org.springframework.beans.factory.config.DependencyDescriptor.resolveCandidate(DependencyDescriptor.java:254)
	at org.springframework.beans.factory.support.DefaultListableBeanFactory.doResolveDependency(DefaultListableBeanFactory.java:1443)
	at org.springframework.beans.factory.support.DefaultListableBeanFactory.resolveDependency(DefaultListableBeanFactory.java:1353)
	at org.springframework.beans.factory.support.ConstructorResolver.resolveAutowiredArgument(ConstructorResolver.java:904)
	at org.springframework.beans.factory.support.ConstructorResolver.createArgumentArray(ConstructorResolver.java:782)
	... 19 common frames omitted
Caused by: org.springframework.beans.factory.BeanCreationException: Error creating bean with name 'noteRepository' defined in com.school.management.repository.NoteRepository defined in @EnableJpaRepositories declared on JpaRepositoriesRegistrar.EnableJpaRepositoriesConfiguration: Could not create query for public abstract org.springframework.data.domain.Page com.school.management.repository.NoteRepository.findByEleveIdAndPeriod(java.lang.Long,java.lang.String,org.springframework.data.domain.Pageable); Reason: Failed to create query for method public abstract org.springframework.data.domain.Page com.school.management.repository.NoteRepository.findByEleveIdAndPeriod(java.lang.Long,java.lang.String,org.springframework.data.domain.Pageable); No property 'period' found for type 'Note'
	at org.springframework.beans.factory.support.AbstractAutowireCapableBeanFactory.initializeBean(AbstractAutowireCapableBeanFactory.java:1788)
	at org.springframework.beans.factory.support.AbstractAutowireCapableBeanFactory.doCreateBean(AbstractAutowireCapableBeanFactory.java:600)
	at org.springframework.beans.factory.support.AbstractAutowireCapableBeanFactory.createBean(AbstractAutowireCapableBeanFactory.java:522)
	at org.springframework.beans.factory.support.AbstractBeanFactory.lambda$doGetBean$0(AbstractBeanFactory.java:337)
	at org.springframework.beans.factory.support.DefaultSingletonBeanRegistry.getSingleton(DefaultSingletonBeanRegistry.java:234)
	at org.springframework.beans.factory.support.AbstractBeanFactory.doGetBean(AbstractBeanFactory.java:335)
	at org.springframework.beans.factory.support.AbstractBeanFactory.getBean(AbstractBeanFactory.java:200)
	at org.springframework.beans.factory.config.DependencyDescriptor.resolveCandidate(DependencyDescriptor.java:254)
	at org.springframework.beans.factory.support.DefaultListableBeanFactory.doResolveDependency(DefaultListableBeanFactory.java:1443)
	at org.springframework.beans.factory.support.DefaultListableBeanFactory.resolveDependency(DefaultListableBeanFactory.java:1353)
	at org.springframework.beans.factory.support.ConstructorResolver.resolveAutowiredArgument(ConstructorResolver.java:904)
	at org.springframework.beans.factory.support.ConstructorResolver.createArgumentArray(ConstructorResolver.java:782)
	... 33 common frames omitted
Caused by: org.springframework.data.repository.query.QueryCreationException: Could not create query for public abstract org.springframework.data.domain.Page com.school.management.repository.NoteRepository.findByEleveIdAndPeriod(java.lang.Long,java.lang.String,org.springframework.data.domain.Pageable); Reason: Failed to create query for method public abstract org.springframework.data.domain.Page com.school.management.repository.NoteRepository.findByEleveIdAndPeriod(java.lang.Long,java.lang.String,org.springframework.data.domain.Pageable); No property 'period' found for type 'Note'
	at org.springframework.data.repository.query.QueryCreationException.create(QueryCreationException.java:101)
	at org.springframework.data.repository.core.support.QueryExecutorMethodInterceptor.lookupQuery(QueryExecutorMethodInterceptor.java:115)
	at org.springframework.data.repository.core.support.QueryExecutorMethodInterceptor.mapMethodsToQuery(QueryExecutorMethodInterceptor.java:99)
	at org.springframework.data.repository.core.support.QueryExecutorMethodInterceptor.lambda$new$0(QueryExecutorMethodInterceptor.java:88)
	at java.base/java.util.Optional.map(Optional.java:260)
	at org.springframework.data.repository.core.support.QueryExecutorMethodInterceptor.<init>(QueryExecutorMethodInterceptor.java:88)
	at org.springframework.data.repository.core.support.RepositoryFactorySupport.getRepository(RepositoryFactorySupport.java:357)
	at org.springframework.data.repository.core.support.RepositoryFactoryBeanSupport.lambda$afterPropertiesSet$5(RepositoryFactoryBeanSupport.java:286)
	at org.springframework.data.util.Lazy.getNullable(Lazy.java:135)
	at org.springframework.data.util.Lazy.get(Lazy.java:113)
	at org.springframework.data.repository.core.support.RepositoryFactoryBeanSupport.afterPropertiesSet(RepositoryFactoryBeanSupport.java:292)
	at org.springframework.data.jpa.repository.support.JpaRepositoryFactoryBean.afterPropertiesSet(JpaRepositoryFactoryBean.java:132)
	at org.springframework.beans.factory.support.AbstractAutowireCapableBeanFactory.invokeInitMethods(AbstractAutowireCapableBeanFactory.java:1835)
	at org.springframework.beans.factory.support.AbstractAutowireCapableBeanFactory.initializeBean(AbstractAutowireCapableBeanFactory.java:1784)
	... 44 common frames omitted
Caused by: java.lang.IllegalArgumentException: Failed to create query for method public abstract org.springframework.data.domain.Page com.school.management.repository.NoteRepository.findByEleveIdAndPeriod(java.lang.Long,java.lang.String,org.springframework.data.domain.Pageable); No property 'period' found for type 'Note'
	at org.springframework.data.jpa.repository.query.PartTreeJpaQuery.<init>(PartTreeJpaQuery.java:106)
	at org.springframework.data.jpa.repository.query.JpaQueryLookupStrategy$CreateQueryLookupStrategy.resolveQuery(JpaQueryLookupStrategy.java:124)
	at org.springframework.data.jpa.repository.query.JpaQueryLookupStrategy$CreateIfNotFoundQueryLookupStrategy.resolveQuery(JpaQueryLookupStrategy.java:258)
	at org.springframework.data.jpa.repository.query.JpaQueryLookupStrategy$AbstractQueryLookupStrategy.resolveQuery(JpaQueryLookupStrategy.java:95)
	at org.springframework.data.repository.core.support.QueryExecutorMethodInterceptor.lookupQuery(QueryExecutorMethodInterceptor.java:111)
	... 56 common frames omitted
Caused by: org.springframework.data.mapping.PropertyReferenceException: No property 'period' found for type 'Note'
	at org.springframework.data.mapping.PropertyPath.<init>(PropertyPath.java:94)
	at org.springframework.data.mapping.PropertyPath.create(PropertyPath.java:455)
	at org.springframework.data.mapping.PropertyPath.create(PropertyPath.java:431)
	at org.springframework.data.mapping.PropertyPath.lambda$from$0(PropertyPath.java:384)
	at java.base/java.util.concurrent.ConcurrentMap.computeIfAbsent(ConcurrentMap.java:330)
	at org.springframework.data.mapping.PropertyPath.from(PropertyPath.java:366)
	at org.springframework.data.mapping.PropertyPath.from(PropertyPath.java:344)
	at org.springframework.data.repository.query.parser.Part.<init>(Part.java:81)
	at org.springframework.data.repository.query.parser.PartTree$OrPart.lambda$new$0(PartTree.java:259)
	at java.base/java.util.stream.ReferencePipeline$3$1.accept(ReferencePipeline.java:197)
	at java.base/java.util.stream.ReferencePipeline$2$1.accept(ReferencePipeline.java:179)
	at java.base/java.util.Spliterators$ArraySpliterator.forEachRemaining(Spliterators.java:1024)
	at java.base/java.util.stream.AbstractPipeline.copyInto(AbstractPipeline.java:509)
	at java.base/java.util.stream.AbstractPipeline.wrapAndCopyInto(AbstractPipeline.java:499)
	at java.base/java.util.stream.ReduceOps$ReduceOp.evaluateSequential(ReduceOps.java:921)
	at java.base/java.util.stream.AbstractPipeline.evaluate(AbstractPipeline.java:234)
	at java.base/java.util.stream.ReferencePipeline.collect(ReferencePipeline.java:682)
	at org.springframework.data.repository.query.parser.PartTree$OrPart.<init>(PartTree.java:260)
	at org.springframework.data.repository.query.parser.PartTree$Predicate.lambda$new$0(PartTree.java:389)
	at java.base/java.util.stream.ReferencePipeline$3$1.accept(ReferencePipeline.java:197)
	at java.base/java.util.stream.ReferencePipeline$2$1.accept(ReferencePipeline.java:179)
	at java.base/java.util.Spliterators$ArraySpliterator.forEachRemaining(Spliterators.java:1024)
	at java.base/java.util.stream.AbstractPipeline.copyInto(AbstractPipeline.java:509)
	at java.base/java.util.stream.AbstractPipeline.wrapAndCopyInto(AbstractPipeline.java:499)
	at java.base/java.util.stream.ReduceOps$ReduceOp.evaluateSequential(ReduceOps.java:921)
	at java.base/java.util.stream.AbstractPipeline.evaluate(AbstractPipeline.java:234)
	at java.base/java.util.stream.ReferencePipeline.collect(ReferencePipeline.java:682)
	at org.springframework.data.repository.query.parser.PartTree$Predicate.<init>(PartTree.java:390)
	at org.springframework.data.repository.query.parser.PartTree.<init>(PartTree.java:103)
	at org.springframework.data.jpa.repository.query.PartTreeJpaQuery.<init>(PartTreeJpaQuery.java:100)
	... 60 common frames omitted
